dropped_duplicate,canonical_copy_kept
Product/Reference_Models/MicroHydroV1_Shapr3D_ReferenceModel_v2/params.json,engineering/product/Reference_Models/MicroHydroV1_Shapr3D_ReferenceModel/params.json
Product/Releases/MicroHydroV1_Work/MasterIntegrated_Output/01_SharePoint_Libraries/MicroHydroV1 — Releases/MicroHydroV1_SharePoint_Version_Control_Configuration_Guide_v1.0 (1).docx,engineering/product/Releases/MicroHydroV1 — Releases/MicroHydroV1_SharePoint_Version_Control_Configuration_Guide_v1.0 (1).docx
Product/Releases/MicroHydroV1_Work/MasterIntegrated_Output/01_SharePoint_Libraries/MicroHydroV1 — SoT/MicroHydroV1/MicroHydroV1_RUN3_AutoFill_Evidence_RUNID_BASELINE_v0.3.0/MicroHydroV1/docs/run3/RUN3_Evidence_Template.docx,engineering/product/Releases/MicroHydroV1_Work/MasterIntegrated_Output/01_SharePoint_Libraries/MicroHydroV1 — SoT/MicroHydroV1/MicroHydroV1_RUN3_AutoFill_Evidence_PLUS_Workbook_v0.3.0/MicroHydroV1/docs/run3/RUN3_Evidence_Template.docx
Product/Releases/MicroHydroV1_Work/MasterIntegrated_Output/01_SharePoint_Libraries/MicroHydroV1 — SoT/MicroHydroV1/MicroHydroV1_RUN3_AutoFill_Evidence_RUNID_BASELINE_v0.3.0/MicroHydroV1/tools/plots/plot_t002_psd_peakiness.py,engineering/product/Releases/MicroHydroV1_Work/MasterIntegrated_Output/01_SharePoint_Libraries/MicroHydroV1 — SoT/MicroHydroV1/MicroHydroV1_RUN3_AutoFill_Evidence_PLUS_Workbook_v0.3.0/MicroHydroV1/tools/plots/plot_t002_psd_peakiness.py
Product/Releases/MicroHydroV1_Work/MasterIntegrated_Output/01_SharePoint_Libraries/MicroHydroV1 — SoT/MicroHydroV1/MicroHydroV1_SharePoint_Version_Control_Configuration_Guide_v1.0.docx,engineering/product/Releases/MicroHydroV1 — Releases/MicroHydroV1_SharePoint_Version_Control_Configuration_Guide_v1.0 (1).docx
Product/Releases/MicroHydroV1_Work/MasterIntegrated_Output/02_Canonical_Working_Tree/MicroHydroV1/MicroHydroV1_Importer_RunID_Patch_v0.3.0/MANIFEST.json,engineering/product/Releases/MicroHydroV1_Work/MasterIntegrated_Output/01_SharePoint_Libraries/MicroHydroV1 — SoT/MicroHydroV1/MicroHydroV1_Importer_RunID_Patch_v0.3.0/MANIFEST.json
Product/Releases/MicroHydroV1_Work/MasterIntegrated_Output/02_Canonical_Working_Tree/MicroHydroV1/MicroHydroV1_Importer_RunID_Patch_v0.3.0/MicroHydroV1/automation/import_measurements.py,engineering/product/Releases/MicroHydroV1_Work/MasterIntegrated_Output/01_SharePoint_Libraries/MicroHydroV1 — SoT/MicroHydroV1/MicroHydroV1_Importer_RunID_Patch_v0.3.0/MicroHydroV1/automation/import_measurements.py
Product/Releases/MicroHydroV1_Work/MasterIntegrated_Output/02_Canonical_Working_Tree/MicroHydroV1/MicroHydroV1_Importer_RunID_Patch_v0.3.0/MicroHydroV1/docs/governance/README_Importer_RunID_Patch.md,engineering/product/Releases/MicroHydroV1_Work/MasterIntegrated_Output/01_SharePoint_Libraries/MicroHydroV1 — SoT/MicroHydroV1/MicroHydroV1_Importer_RunID_Patch_v0.3.0/MicroHydroV1/docs/governance/README_Importer_RunID_Patch.md
Product/Releases/MicroHydroV1_Work/MasterIntegrated_Output/02_Canonical_Working_Tree/MicroHydroV1/MicroHydroV1_RUN3_AutoFill_Evidence_PLUS_Workbook_v0.3.0/MANIFEST.json,engineering/product/Releases/MicroHydroV1_Work/MasterIntegrated_Output/01_SharePoint_Libraries/MicroHydroV1 — SoT/MicroHydroV1/MicroHydroV1_RUN3_AutoFill_Evidence_PLUS_Workbook_v0.3.0/MANIFEST.json
Product/Releases/MicroHydroV1_Work/MasterIntegrated_Output/02_Canonical_Working_Tree/MicroHydroV1/MicroHydroV1_RUN3_AutoFill_Evidence_PLUS_Workbook_v0.3.0/MicroHydroV1/docs/run3/README_AUTOFILL.md,engineering/product/Releases/MicroHydroV1_Work/MasterIntegrated_Output/01_SharePoint_Libraries/MicroHydroV1 — SoT/MicroHydroV1/MicroHydroV1_RUN3_AutoFill_Evidence_PLUS_Workbook_v0.3.0/MicroHydroV1/docs/run3/README_AUTOFILL.md
Product/Releases/MicroHydroV1_Work/MasterIntegrated_Output/02_Canonical_Working_Tree/MicroHydroV1/MicroHydroV1_RUN3_AutoFill_Evidence_PLUS_Workbook_v0.3.0/MicroHydroV1/docs/run3/RUN3_Evidence_Template.docx,engineering/product/Releases/MicroHydroV1_Work/MasterIntegrated_Output/01_SharePoint_Libraries/MicroHydroV1 — SoT/MicroHydroV1/MicroHydroV1_RUN3_AutoFill_Evidence_PLUS_Workbook_v0.3.0/MicroHydroV1/docs/run3/RUN3_Evidence_Template.docx
Product/Releases/MicroHydroV1_Work/MasterIntegrated_Output/02_Canonical_Working_Tree/MicroHydroV1/MicroHydroV1_RUN3_AutoFill_Evidence_PLUS_Workbook_v0.3.0/MicroHydroV1/tools/plots/plot_t002_psd_peakiness.py,engineering/product/Releases/MicroHydroV1_Work/MasterIntegrated_Output/01_SharePoint_Libraries/MicroHydroV1 — SoT/MicroHydroV1/MicroHydroV1_RUN3_AutoFill_Evidence_PLUS_Workbook_v0.3.0/MicroHydroV1/tools/plots/plot_t002_psd_peakiness.py
Product/Releases/MicroHydroV1_Work/MasterIntegrated_Output/02_Canonical_Working_Tree/MicroHydroV1/MicroHydroV1_RUN3_AutoFill_Evidence_PLUS_Workbook_v0.3.0/MicroHydroV1/tools/workflow/autofill_evidence_doc.py,engineering/product/Releases/MicroHydroV1_Work/MasterIntegrated_Output/01_SharePoint_Libraries/MicroHydroV1 — SoT/MicroHydroV1/MicroHydroV1_RUN3_AutoFill_Evidence_PLUS_Workbook_v0.3.0/MicroHydroV1/tools/workflow/autofill_evidence_doc.py
Product/Releases/MicroHydroV1_Work/MasterIntegrated_Output/02_Canonical_Working_Tree/MicroHydroV1/MicroHydroV1_RUN3_AutoFill_Evidence_RUNID_BASELINE_v0.3.0/MANIFEST.json,engineering/product/Releases/MicroHydroV1_Work/MasterIntegrated_Output/01_SharePoint_Libraries/MicroHydroV1 — SoT/MicroHydroV1/MicroHydroV1_RUN3_AutoFill_Evidence_RUNID_BASELINE_v0.3.0/MANIFEST.json
Product/Releases/MicroHydroV1_Work/MasterIntegrated_Output/02_Canonical_Working_Tree/MicroHydroV1/MicroHydroV1_RUN3_AutoFill_Evidence_RUNID_BASELINE_v0.3.0/MicroHydroV1/docs/run3/README_AUTOFILL.md,engineering/product/Releases/MicroHydroV1_Work/MasterIntegrated_Output/01_SharePoint_Libraries/MicroHydroV1 — SoT/MicroHydroV1/MicroHydroV1_RUN3_AutoFill_Evidence_RUNID_BASELINE_v0.3.0/MicroHydroV1/docs/run3/README_AUTOFILL.md
Product/Releases/MicroHydroV1_Work/MasterIntegrated_Output/02_Canonical_Working_Tree/MicroHydroV1/MicroHydroV1_RUN3_AutoFill_Evidence_RUNID_BASELINE_v0.3.0/MicroHydroV1/docs/run3/RUN3_Evidence_Template.docx,engineering/product/Releases/MicroHydroV1_Work/MasterIntegrated_Output/01_SharePoint_Libraries/MicroHydroV1 — SoT/MicroHydroV1/MicroHydroV1_RUN3_AutoFill_Evidence_PLUS_Workbook_v0.3.0/MicroHydroV1/docs/run3/RUN3_Evidence_Template.docx
Product/Releases/MicroHydroV1_Work/MasterIntegrated_Output/02_Canonical_Working_Tree/MicroHydroV1/MicroHydroV1_RUN3_AutoFill_Evidence_RUNID_BASELINE_v0.3.0/MicroHydroV1/tools/plots/plot_t002_psd_peakiness.py,engineering/product/Releases/MicroHydroV1_Work/MasterIntegrated_Output/01_SharePoint_Libraries/MicroHydroV1 — SoT/MicroHydroV1/MicroHydroV1_RUN3_AutoFill_Evidence_PLUS_Workbook_v0.3.0/MicroHydroV1/tools/plots/plot_t002_psd_peakiness.py
Product/Releases/MicroHydroV1_Work/MasterIntegrated_Output/02_Canonical_Working_Tree/MicroHydroV1/MicroHydroV1_RUN3_AutoFill_Evidence_RUNID_BASELINE_v0.3.0/MicroHydroV1/tools/workflow/autofill_evidence_doc.py,engineering/product/Releases/MicroHydroV1_Work/MasterIntegrated_Output/01_SharePoint_Libraries/MicroHydroV1 — SoT/MicroHydroV1/MicroHydroV1_RUN3_AutoFill_Evidence_RUNID_BASELINE_v0.3.0/MicroHydroV1/tools/workflow/autofill_evidence_doc.py
Product/Releases/MicroHydroV1_Work/MasterIntegrated_Output/02_Canonical_Working_Tree/MicroHydroV1/MicroHydroV1_RunID_Migrator_v0.3.0/MANIFEST.json,engineering/product/Releases/MicroHydroV1_Work/MasterIntegrated_Output/01_SharePoint_Libraries/MicroHydroV1 — SoT/MicroHydroV1/MicroHydroV1_RunID_Migrator_v0.3.0/MANIFEST.json
Product/Releases/MicroHydroV1_Work/MasterIntegrated_Output/02_Canonical_Working_Tree/MicroHydroV1/MicroHydroV1_RunID_Migrator_v0.3.0/MicroHydroV1/docs/governance/README_RunID_Migration.md,engineering/product/Releases/MicroHydroV1_Work/MasterIntegrated_Output/01_SharePoint_Libraries/MicroHydroV1 — SoT/MicroHydroV1/MicroHydroV1_RunID_Migrator_v0.3.0/MicroHydroV1/docs/governance/README_RunID_Migration.md
Product/Releases/MicroHydroV1_Work/MasterIntegrated_Output/02_Canonical_Working_Tree/MicroHydroV1/MicroHydroV1_RunID_Migrator_v0.3.0/MicroHydroV1/tools/workflow/migrate_add_run_id.py,engineering/product/Releases/MicroHydroV1_Work/MasterIntegrated_Output/01_SharePoint_Libraries/MicroHydroV1 — SoT/MicroHydroV1/MicroHydroV1_RunID_Migrator_v0.3.0/MicroHydroV1/tools/workflow/migrate_add_run_id.py
Product/Releases/MicroHydroV1_Work/MasterIntegrated_Output/02_Canonical_Working_Tree/MicroHydroV1/MicroHydroV1_SharePoint_Version_Control_Configuration_Guide_v1.0.docx,engineering/product/Releases/MicroHydroV1 — Releases/MicroHydroV1_SharePoint_Version_Control_Configuration_Guide_v1.0 (1).docx
Product/Releases/MicroHydroV1_Work/MasterIntegrated_Output/02_Canonical_Working_Tree/MicroHydroV1/automation/Import_Config.json,engineering/product/Releases/MicroHydroV1_Work/MasterIntegrated_Output/01_SharePoint_Libraries/MicroHydroV1 — SoT/MicroHydroV1/automation/Import_Config.json
Product/Releases/MicroHydroV1_Work/MasterIntegrated_Output/02_Canonical_Working_Tree/MicroHydroV1/cad/macros/01_Diffuser/build_diffuser.FCMacro,engineering/product/Releases/MicroHydroV1_Work/MasterIntegrated_Output/01_SharePoint_Libraries/MicroHydroV1 — SoT/MicroHydroV1/cad/macros/01_Diffuser/build_diffuser.FCMacro
Product/Releases/MicroHydroV1_Work/MasterIntegrated_Output/02_Canonical_Working_Tree/MicroHydroV1/cad/macros/02_Nozzle/build_nozzle.FCMacro,engineering/product/Releases/MicroHydroV1_Work/MasterIntegrated_Output/01_SharePoint_Libraries/MicroHydroV1 — SoT/MicroHydroV1/cad/macros/02_Nozzle/build_nozzle.FCMacro
Product/Releases/MicroHydroV1_Work/MasterIntegrated_Output/02_Canonical_Working_Tree/MicroHydroV1/cad/macros/03_VanePacks/build_vanepacks.FCMacro,engineering/product/Releases/MicroHydroV1_Work/MasterIntegrated_Output/01_SharePoint_Libraries/MicroHydroV1 — SoT/MicroHydroV1/cad/macros/03_VanePacks/build_vanepacks.FCMacro
Product/Releases/MicroHydroV1_Work/MasterIntegrated_Output/02_Canonical_Working_Tree/MicroHydroV1/cad/macros/04_Retainer/build_retainer.FCMacro,engineering/product/Releases/MicroHydroV1_Work/MasterIntegrated_Output/01_SharePoint_Libraries/MicroHydroV1 — SoT/MicroHydroV1/cad/macros/04_Retainer/build_retainer.FCMacro
Product/Releases/MicroHydroV1_Work/MasterIntegrated_Output/02_Canonical_Working_Tree/MicroHydroV1/cad/macros/Assembly/build_assembly.FCMacro,engineering/product/Releases/MicroHydroV1_Work/MasterIntegrated_Output/01_SharePoint_Libraries/MicroHydroV1 — SoT/MicroHydroV1/cad/macros/Assembly/build_assembly.FCMacro
Product/Releases/MicroHydroV1_Work/MasterIntegrated_Output/02_Canonical_Working_Tree/MicroHydroV1/cad/macros/README.txt,engineering/product/Releases/MicroHydroV1_Work/MasterIntegrated_Output/01_SharePoint_Libraries/MicroHydroV1 — SoT/MicroHydroV1/cad/macros/README.txt
Product/Releases/MicroHydroV1_Work/MasterIntegrated_Output/02_Canonical_Working_Tree/MicroHydroV1/cad/macros/build_all.FCMacro,engineering/product/Releases/MicroHydroV1_Work/MasterIntegrated_Output/01_SharePoint_Libraries/MicroHydroV1 — SoT/MicroHydroV1/cad/macros/build_all.FCMacro
Product/Releases/MicroHydroV1_Work/MasterIntegrated_Output/02_Canonical_Working_Tree/MicroHydroV1/cad/macros/params.json,engineering/product/Releases/MicroHydroV1_Work/MasterIntegrated_Output/01_SharePoint_Libraries/MicroHydroV1 — SoT/MicroHydroV1/cad/macros/params.json
Product/Releases/MicroHydroV1_Work/MasterIntegrated_Output/02_Canonical_Working_Tree/MicroHydroV1/cad/macros/scripts/export_batch.FCMacro,engineering/product/Releases/MicroHydroV1_Work/MasterIntegrated_Output/01_SharePoint_Libraries/MicroHydroV1 — SoT/MicroHydroV1/cad/macros/scripts/export_batch.FCMacro
Product/Releases/MicroHydroV1_Work/MasterIntegrated_Output/02_Canonical_Working_Tree/MicroHydroV1/cad/params/params.json,engineering/product/Releases/MicroHydroV1_Work/MasterIntegrated_Output/01_SharePoint_Libraries/MicroHydroV1 — SoT/MicroHydroV1/cad/params/params.json
Product/Releases/MicroHydroV1_Work/MasterIntegrated_Output/02_Canonical_Working_Tree/MicroHydroV1/docs/Jet_Coherence_Procedure.docx,engineering/product/Releases/MicroHydroV1_Work/MasterIntegrated_Output/01_SharePoint_Libraries/MicroHydroV1 — SoT/MicroHydroV1/docs/Jet_Coherence_Procedure.docx
Product/Releases/MicroHydroV1_Work/MasterIntegrated_Output/02_Canonical_Working_Tree/MicroHydroV1/docs/Master_Index.docx,engineering/product/Releases/MicroHydroV1_Work/MasterIntegrated_Output/01_SharePoint_Libraries/MicroHydroV1 — SoT/MicroHydroV1/docs/Master_Index.docx
Product/Releases/MicroHydroV1_Work/MasterIntegrated_Output/02_Canonical_Working_Tree/MicroHydroV1/docs/PASS_A_FULL_RevA.docx,engineering/product/Releases/MicroHydroV1_Work/MasterIntegrated_Output/01_SharePoint_Libraries/MicroHydroV1 — SoT/MicroHydroV1/docs/PASS_A_FULL_RevA.docx
Product/Releases/MicroHydroV1_Work/MasterIntegrated_Output/02_Canonical_Working_Tree/MicroHydroV1/docs/Run_of_Show_Checklist.docx,engineering/product/Releases/MicroHydroV1_Work/MasterIntegrated_Output/01_SharePoint_Libraries/MicroHydroV1 — SoT/MicroHydroV1/docs/Run_of_Show_Checklist.docx
Product/Releases/MicroHydroV1_Work/MasterIntegrated_Output/02_Canonical_Working_Tree/MicroHydroV1/docs/Tank_Ripple_Procedure.docx,engineering/product/Releases/MicroHydroV1_Work/MasterIntegrated_Output/01_SharePoint_Libraries/MicroHydroV1 — SoT/MicroHydroV1/docs/Tank_Ripple_Procedure.docx
Product/Releases/MicroHydroV1_Work/MasterIntegrated_Output/02_Canonical_Working_Tree/MicroHydroV1/docs/Test_Campaign_Plan.docx,engineering/product/Releases/MicroHydroV1_Work/MasterIntegrated_Output/01_SharePoint_Libraries/MicroHydroV1 — SoT/MicroHydroV1/docs/Test_Campaign_Plan.docx
Product/Releases/MicroHydroV1_Work/MasterIntegrated_Output/02_Canonical_Working_Tree/MicroHydroV1/docs/architecture_diagram.png,engineering/product/Releases/MicroHydroV1_Work/MasterIntegrated_Output/01_SharePoint_Libraries/MicroHydroV1 — SoT/MicroHydroV1/docs/architecture_diagram.png
Product/Releases/MicroHydroV1_Work/MasterIntegrated_Output/02_Canonical_Working_Tree/MicroHydroV1/docs/run3/RUN3_Evidence_Template.docx,engineering/product/Releases/MicroHydroV1_Work/MasterIntegrated_Output/01_SharePoint_Libraries/MicroHydroV1 — SoT/MicroHydroV1/MicroHydroV1_RUN3_AutoFill_Evidence_PLUS_Workbook_v0.3.0/MicroHydroV1/docs/run3/RUN3_Evidence_Template.docx
Product/Releases/MicroHydroV1_Work/MasterIntegrated_Output/02_Canonical_Working_Tree/MicroHydroV1/tools/optimize/opt_config.json,engineering/product/Releases/MicroHydroV1_Work/MasterIntegrated_Output/01_SharePoint_Libraries/MicroHydroV1 — SoT/MicroHydroV1/tools/optimize/opt_config.json
Product/Releases/MicroHydroV1_Work/MasterIntegrated_Output/02_Canonical_Working_Tree/MicroHydroV1/tools/plots/plot_t002_psd_peakiness.py,engineering/product/Releases/MicroHydroV1_Work/MasterIntegrated_Output/01_SharePoint_Libraries/MicroHydroV1 — SoT/MicroHydroV1/MicroHydroV1_RUN3_AutoFill_Evidence_PLUS_Workbook_v0.3.0/MicroHydroV1/tools/plots/plot_t002_psd_peakiness.py
Product/Releases/MicroHydroV1_Work/MasterIntegrated_Output/02_Canonical_Working_Tree/MicroHydroV1/tools/release/make_release.py,engineering/product/Releases/MicroHydroV1_Work/MasterIntegrated_Output/01_SharePoint_Libraries/MicroHydroV1 — SoT/MicroHydroV1/tools/release/make_release.py
Product/Releases/MicroHydroV1_Work/MasterIntegrated_Output/02_Canonical_Working_Tree/MicroHydroV1/tools/run_pipeline.py,engineering/product/Releases/MicroHydroV1_Work/MasterIntegrated_Output/01_SharePoint_Libraries/MicroHydroV1 — SoT/MicroHydroV1/tools/run_pipeline.py
Product/Releases/MicroHydroV1_Work/MasterIntegrated_Output/_stage/top/MicroHydroV1 ΓÇö Releases/MicroHydroV1_SharePoint_Version_Control_Configuration_Guide_v1.0 (1).docx,engineering/product/Releases/MicroHydroV1 — Releases/MicroHydroV1_SharePoint_Version_Control_Configuration_Guide_v1.0 (1).docx
Product/Releases/MicroHydroV1_Work/MasterIntegrated_Output/_stage/top/MicroHydroV1 ΓÇö SoT/MicroHydroV1/MANIFEST.json,engineering/product/Releases/MicroHydroV1_Work/MasterIntegrated_Output/01_SharePoint_Libraries/MicroHydroV1 — SoT/MicroHydroV1/MANIFEST.json
Product/Releases/MicroHydroV1_Work/MasterIntegrated_Output/_stage/top/MicroHydroV1 ΓÇö SoT/MicroHydroV1/MicroHydroV1_Importer_RunID_Patch_v0.3.0/MANIFEST.json,engineering/product/Releases/MicroHydroV1_Work/MasterIntegrated_Output/01_SharePoint_Libraries/MicroHydroV1 — SoT/MicroHydroV1/MicroHydroV1_Importer_RunID_Patch_v0.3.0/MANIFEST.json
Product/Releases/MicroHydroV1_Work/MasterIntegrated_Output/_stage/top/MicroHydroV1 ΓÇö SoT/MicroHydroV1/MicroHydroV1_Importer_RunID_Patch_v0.3.0/MicroHydroV1/automation/import_measurements.py,engineering/product/Releases/MicroHydroV1_Work/MasterIntegrated_Output/01_SharePoint_Libraries/MicroHydroV1 — SoT/MicroHydroV1/MicroHydroV1_Importer_RunID_Patch_v0.3.0/MicroHydroV1/automation/import_measurements.py
Product/Releases/MicroHydroV1_Work/MasterIntegrated_Output/_stage/top/MicroHydroV1 ΓÇö SoT/MicroHydroV1/MicroHydroV1_Importer_RunID_Patch_v0.3.0/MicroHydroV1/docs/governance/README_Importer_RunID_Patch.md,engineering/product/Releases/MicroHydroV1_Work/MasterIntegrated_Output/01_SharePoint_Libraries/MicroHydroV1 — SoT/MicroHydroV1/MicroHydroV1_Importer_RunID_Patch_v0.3.0/MicroHydroV1/docs/governance/README_Importer_RunID_Patch.md
Product/Releases/MicroHydroV1_Work/MasterIntegrated_Output/_stage/top/MicroHydroV1 ΓÇö SoT/MicroHydroV1/MicroHydroV1_RUN3_AutoFill_Evidence_PLUS_Workbook_v0.3.0/MANIFEST.json,engineering/product/Releases/MicroHydroV1_Work/MasterIntegrated_Output/01_SharePoint_Libraries/MicroHydroV1 — SoT/MicroHydroV1/MicroHydroV1_RUN3_AutoFill_Evidence_PLUS_Workbook_v0.3.0/MANIFEST.json
Product/Releases/MicroHydroV1_Work/MasterIntegrated_Output/_stage/top/MicroHydroV1 ΓÇö SoT/MicroHydroV1/MicroHydroV1_RUN3_AutoFill_Evidence_PLUS_Workbook_v0.3.0/MicroHydroV1/docs/run3/README_AUTOFILL.md,engineering/product/Releases/MicroHydroV1_Work/MasterIntegrated_Output/01_SharePoint_Libraries/MicroHydroV1 — SoT/MicroHydroV1/MicroHydroV1_RUN3_AutoFill_Evidence_PLUS_Workbook_v0.3.0/MicroHydroV1/docs/run3/README_AUTOFILL.md
Product/Releases/MicroHydroV1_Work/MasterIntegrated_Output/_stage/top/MicroHydroV1 ΓÇö SoT/MicroHydroV1/MicroHydroV1_RUN3_AutoFill_Evidence_PLUS_Workbook_v0.3.0/MicroHydroV1/docs/run3/RUN3_Evidence_Template.docx,engineering/product/Releases/MicroHydroV1_Work/MasterIntegrated_Output/01_SharePoint_Libraries/MicroHydroV1 — SoT/MicroHydroV1/MicroHydroV1_RUN3_AutoFill_Evidence_PLUS_Workbook_v0.3.0/MicroHydroV1/docs/run3/RUN3_Evidence_Template.docx
Product/Releases/MicroHydroV1_Work/MasterIntegrated_Output/_stage/top/MicroHydroV1 ΓÇö SoT/MicroHydroV1/MicroHydroV1_RUN3_AutoFill_Evidence_PLUS_Workbook_v0.3.0/MicroHydroV1/tools/plots/plot_t002_psd_peakiness.py,engineering/product/Releases/MicroHydroV1_Work/MasterIntegrated_Output/01_SharePoint_Libraries/MicroHydroV1 — SoT/MicroHydroV1/MicroHydroV1_RUN3_AutoFill_Evidence_PLUS_Workbook_v0.3.0/MicroHydroV1/tools/plots/plot_t002_psd_peakiness.py
Product/Releases/MicroHydroV1_Work/MasterIntegrated_Output/_stage/top/MicroHydroV1 ΓÇö SoT/MicroHydroV1/MicroHydroV1_RUN3_AutoFill_Evidence_PLUS_Workbook_v0.3.0/MicroHydroV1/tools/workflow/autofill_evidence_doc.py,engineering/product/Releases/MicroHydroV1_Work/MasterIntegrated_Output/01_SharePoint_Libraries/MicroHydroV1 — SoT/MicroHydroV1/MicroHydroV1_RUN3_AutoFill_Evidence_PLUS_Workbook_v0.3.0/MicroHydroV1/tools/workflow/autofill_evidence_doc.py
Product/Releases/MicroHydroV1_Work/MasterIntegrated_Output/_stage/top/MicroHydroV1 ΓÇö SoT/MicroHydroV1/MicroHydroV1_RUN3_AutoFill_Evidence_RUNID_BASELINE_v0.3.0/MANIFEST.json,engineering/product/Releases/MicroHydroV1_Work/MasterIntegrated_Output/01_SharePoint_Libraries/MicroHydroV1 — SoT/MicroHydroV1/MicroHydroV1_RUN3_AutoFill_Evidence_RUNID_BASELINE_v0.3.0/MANIFEST.json
Product/Releases/MicroHydroV1_Work/MasterIntegrated_Output/_stage/top/MicroHydroV1 ΓÇö SoT/MicroHydroV1/MicroHydroV1_RUN3_AutoFill_Evidence_RUNID_BASELINE_v0.3.0/MicroHydroV1/docs/run3/README_AUTOFILL.md,engineering/product/Releases/MicroHydroV1_Work/MasterIntegrated_Output/01_SharePoint_Libraries/MicroHydroV1 — SoT/MicroHydroV1/MicroHydroV1_RUN3_AutoFill_Evidence_RUNID_BASELINE_v0.3.0/MicroHydroV1/docs/run3/README_AUTOFILL.md
Product/Releases/MicroHydroV1_Work/MasterIntegrated_Output/_stage/top/MicroHydroV1 ΓÇö SoT/MicroHydroV1/MicroHydroV1_RUN3_AutoFill_Evidence_RUNID_BASELINE_v0.3.0/MicroHydroV1/docs/run3/RUN3_Evidence_Template.docx,engineering/product/Releases/MicroHydroV1_Work/MasterIntegrated_Output/01_SharePoint_Libraries/MicroHydroV1 — SoT/MicroHydroV1/MicroHydroV1_RUN3_AutoFill_Evidence_PLUS_Workbook_v0.3.0/MicroHydroV1/docs/run3/RUN3_Evidence_Template.docx
Product/Releases/MicroHydroV1_Work/MasterIntegrated_Output/_stage/top/MicroHydroV1 ΓÇö SoT/MicroHydroV1/MicroHydroV1_RUN3_AutoFill_Evidence_RUNID_BASELINE_v0.3.0/MicroHydroV1/tools/plots/plot_t002_psd_peakiness.py,engineering/product/Releases/MicroHydroV1_Work/MasterIntegrated_Output/01_SharePoint_Libraries/MicroHydroV1 — SoT/MicroHydroV1/MicroHydroV1_RUN3_AutoFill_Evidence_PLUS_Workbook_v0.3.0/MicroHydroV1/tools/plots/plot_t002_psd_peakiness.py
Product/Releases/MicroHydroV1_Work/MasterIntegrated_Output/_stage/top/MicroHydroV1 ΓÇö SoT/MicroHydroV1/MicroHydroV1_RUN3_AutoFill_Evidence_RUNID_BASELINE_v0.3.0/MicroHydroV1/tools/workflow/autofill_evidence_doc.py,engineering/product/Releases/MicroHydroV1_Work/MasterIntegrated_Output/01_SharePoint_Libraries/MicroHydroV1 — SoT/MicroHydroV1/MicroHydroV1_RUN3_AutoFill_Evidence_RUNID_BASELINE_v0.3.0/MicroHydroV1/tools/workflow/autofill_evidence_doc.py
Product/Releases/MicroHydroV1_Work/MasterIntegrated_Output/_stage/top/MicroHydroV1 ΓÇö SoT/MicroHydroV1/MicroHydroV1_RunID_Migrator_v0.3.0/MANIFEST.json,engineering/product/Releases/MicroHydroV1_Work/MasterIntegrated_Output/01_SharePoint_Libraries/MicroHydroV1 — SoT/MicroHydroV1/MicroHydroV1_RunID_Migrator_v0.3.0/MANIFEST.json
Product/Releases/MicroHydroV1_Work/MasterIntegrated_Output/_stage/top/MicroHydroV1 ΓÇö SoT/MicroHydroV1/MicroHydroV1_RunID_Migrator_v0.3.0/MicroHydroV1/docs/governance/README_RunID_Migration.md,engineering/product/Releases/MicroHydroV1_Work/MasterIntegrated_Output/01_SharePoint_Libraries/MicroHydroV1 — SoT/MicroHydroV1/MicroHydroV1_RunID_Migrator_v0.3.0/MicroHydroV1/docs/governance/README_RunID_Migration.md
Product/Releases/MicroHydroV1_Work/MasterIntegrated_Output/_stage/top/MicroHydroV1 ΓÇö SoT/MicroHydroV1/MicroHydroV1_RunID_Migrator_v0.3.0/MicroHydroV1/tools/workflow/migrate_add_run_id.py,engineering/product/Releases/MicroHydroV1_Work/MasterIntegrated_Output/01_SharePoint_Libraries/MicroHydroV1 — SoT/MicroHydroV1/MicroHydroV1_RunID_Migrator_v0.3.0/MicroHydroV1/tools/workflow/migrate_add_run_id.py
Product/Releases/MicroHydroV1_Work/MasterIntegrated_Output/_stage/top/MicroHydroV1 ΓÇö SoT/MicroHydroV1/MicroHydroV1_SharePoint_Version_Control_Configuration_Guide_v1.0.docx,engineering/product/Releases/MicroHydroV1 — Releases/MicroHydroV1_SharePoint_Version_Control_Configuration_Guide_v1.0 (1).docx
Product/Releases/MicroHydroV1_Work/MasterIntegrated_Output/_stage/top/MicroHydroV1 ΓÇö SoT/MicroHydroV1/README.md,engineering/product/Releases/MicroHydroV1_Work/MasterIntegrated_Output/01_SharePoint_Libraries/MicroHydroV1 — SoT/MicroHydroV1/README.md
Product/Releases/MicroHydroV1_Work/MasterIntegrated_Output/_stage/top/MicroHydroV1 ΓÇö SoT/MicroHydroV1/automation/Import_Config.json,engineering/product/Releases/MicroHydroV1_Work/MasterIntegrated_Output/01_SharePoint_Libraries/MicroHydroV1 — SoT/MicroHydroV1/automation/Import_Config.json
Product/Releases/MicroHydroV1_Work/MasterIntegrated_Output/_stage/top/MicroHydroV1 ΓÇö SoT/MicroHydroV1/cad/macros/01_Diffuser/build_diffuser.FCMacro,engineering/product/Releases/MicroHydroV1_Work/MasterIntegrated_Output/01_SharePoint_Libraries/MicroHydroV1 — SoT/MicroHydroV1/cad/macros/01_Diffuser/build_diffuser.FCMacro
Product/Releases/MicroHydroV1_Work/MasterIntegrated_Output/_stage/top/MicroHydroV1 ΓÇö SoT/MicroHydroV1/cad/macros/02_Nozzle/build_nozzle.FCMacro,engineering/product/Releases/MicroHydroV1_Work/MasterIntegrated_Output/01_SharePoint_Libraries/MicroHydroV1 — SoT/MicroHydroV1/cad/macros/02_Nozzle/build_nozzle.FCMacro
Product/Releases/MicroHydroV1_Work/MasterIntegrated_Output/_stage/top/MicroHydroV1 ΓÇö SoT/MicroHydroV1/cad/macros/03_VanePacks/build_vanepacks.FCMacro,engineering/product/Releases/MicroHydroV1_Work/MasterIntegrated_Output/01_SharePoint_Libraries/MicroHydroV1 — SoT/MicroHydroV1/cad/macros/03_VanePacks/build_vanepacks.FCMacro
Product/Releases/MicroHydroV1_Work/MasterIntegrated_Output/_stage/top/MicroHydroV1 ΓÇö SoT/MicroHydroV1/cad/macros/04_Retainer/build_retainer.FCMacro,engineering/product/Releases/MicroHydroV1_Work/MasterIntegrated_Output/01_SharePoint_Libraries/MicroHydroV1 — SoT/MicroHydroV1/cad/macros/04_Retainer/build_retainer.FCMacro
Product/Releases/MicroHydroV1_Work/MasterIntegrated_Output/_stage/top/MicroHydroV1 ΓÇö SoT/MicroHydroV1/cad/macros/Assembly/build_assembly.FCMacro,engineering/product/Releases/MicroHydroV1_Work/MasterIntegrated_Output/01_SharePoint_Libraries/MicroHydroV1 — SoT/MicroHydroV1/cad/macros/Assembly/build_assembly.FCMacro
Product/Releases/MicroHydroV1_Work/MasterIntegrated_Output/_stage/top/MicroHydroV1 ΓÇö SoT/MicroHydroV1/cad/macros/README.txt,engineering/product/Releases/MicroHydroV1_Work/MasterIntegrated_Output/01_SharePoint_Libraries/MicroHydroV1 — SoT/MicroHydroV1/cad/macros/README.txt
Product/Releases/MicroHydroV1_Work/MasterIntegrated_Output/_stage/top/MicroHydroV1 ΓÇö SoT/MicroHydroV1/cad/macros/build_all.FCMacro,engineering/product/Releases/MicroHydroV1_Work/MasterIntegrated_Output/01_SharePoint_Libraries/MicroHydroV1 — SoT/MicroHydroV1/cad/macros/build_all.FCMacro
Product/Releases/MicroHydroV1_Work/MasterIntegrated_Output/_stage/top/MicroHydroV1 ΓÇö SoT/MicroHydroV1/cad/macros/params.json,engineering/product/Releases/MicroHydroV1_Work/MasterIntegrated_Output/01_SharePoint_Libraries/MicroHydroV1 — SoT/MicroHydroV1/cad/macros/params.json
Product/Releases/MicroHydroV1_Work/MasterIntegrated_Output/_stage/top/MicroHydroV1 ΓÇö SoT/MicroHydroV1/cad/macros/scripts/export_batch.FCMacro,engineering/product/Releases/MicroHydroV1_Work/MasterIntegrated_Output/01_SharePoint_Libraries/MicroHydroV1 — SoT/MicroHydroV1/cad/macros/scripts/export_batch.FCMacro
Product/Releases/MicroHydroV1_Work/MasterIntegrated_Output/_stage/top/MicroHydroV1 ΓÇö SoT/MicroHydroV1/cad/params/params.json,engineering/product/Releases/MicroHydroV1_Work/MasterIntegrated_Output/01_SharePoint_Libraries/MicroHydroV1 — SoT/MicroHydroV1/cad/params/params.json
Product/Releases/MicroHydroV1_Work/MasterIntegrated_Output/_stage/top/MicroHydroV1 ΓÇö SoT/MicroHydroV1/docs/Jet_Coherence_Procedure.docx,engineering/product/Releases/MicroHydroV1_Work/MasterIntegrated_Output/01_SharePoint_Libraries/MicroHydroV1 — SoT/MicroHydroV1/docs/Jet_Coherence_Procedure.docx
Product/Releases/MicroHydroV1_Work/MasterIntegrated_Output/_stage/top/MicroHydroV1 ΓÇö SoT/MicroHydroV1/docs/Master_Index.docx,engineering/product/Releases/MicroHydroV1_Work/MasterIntegrated_Output/01_SharePoint_Libraries/MicroHydroV1 — SoT/MicroHydroV1/docs/Master_Index.docx
Product/Releases/MicroHydroV1_Work/MasterIntegrated_Output/_stage/top/MicroHydroV1 ΓÇö SoT/MicroHydroV1/docs/PASS_A_FULL_RevA.docx,engineering/product/Releases/MicroHydroV1_Work/MasterIntegrated_Output/01_SharePoint_Libraries/MicroHydroV1 — SoT/MicroHydroV1/docs/PASS_A_FULL_RevA.docx
Product/Releases/MicroHydroV1_Work/MasterIntegrated_Output/_stage/top/MicroHydroV1 ΓÇö SoT/MicroHydroV1/docs/Run_of_Show_Checklist.docx,engineering/product/Releases/MicroHydroV1_Work/MasterIntegrated_Output/01_SharePoint_Libraries/MicroHydroV1 — SoT/MicroHydroV1/docs/Run_of_Show_Checklist.docx
Product/Releases/MicroHydroV1_Work/MasterIntegrated_Output/_stage/top/MicroHydroV1 ΓÇö SoT/MicroHydroV1/docs/Tank_Ripple_Procedure.docx,engineering/product/Releases/MicroHydroV1_Work/MasterIntegrated_Output/01_SharePoint_Libraries/MicroHydroV1 — SoT/MicroHydroV1/docs/Tank_Ripple_Procedure.docx
Product/Releases/MicroHydroV1_Work/MasterIntegrated_Output/_stage/top/MicroHydroV1 ΓÇö SoT/MicroHydroV1/docs/Test_Campaign_Plan.docx,engineering/product/Releases/MicroHydroV1_Work/MasterIntegrated_Output/01_SharePoint_Libraries/MicroHydroV1 — SoT/MicroHydroV1/docs/Test_Campaign_Plan.docx
Product/Releases/MicroHydroV1_Work/MasterIntegrated_Output/_stage/top/MicroHydroV1 ΓÇö SoT/MicroHydroV1/docs/architecture_diagram.png,engineering/product/Releases/MicroHydroV1_Work/MasterIntegrated_Output/01_SharePoint_Libraries/MicroHydroV1 — SoT/MicroHydroV1/docs/architecture_diagram.png
Product/Releases/MicroHydroV1_Work/MasterIntegrated_Output/_stage/top/MicroHydroV1 ΓÇö SoT/MicroHydroV1/tools/optimize/opt_config.json,engineering/product/Releases/MicroHydroV1_Work/MasterIntegrated_Output/01_SharePoint_Libraries/MicroHydroV1 — SoT/MicroHydroV1/tools/optimize/opt_config.json
Product/Releases/MicroHydroV1_Work/MasterIntegrated_Output/_stage/top/MicroHydroV1 ΓÇö SoT/MicroHydroV1/tools/optimize/optimize_params.py,engineering/product/Releases/MicroHydroV1_Work/MasterIntegrated_Output/01_SharePoint_Libraries/MicroHydroV1 — SoT/MicroHydroV1/tools/optimize/optimize_params.py
Product/Releases/MicroHydroV1_Work/MasterIntegrated_Output/_stage/top/MicroHydroV1 ΓÇö SoT/MicroHydroV1/tools/release/make_release.py,engineering/product/Releases/MicroHydroV1_Work/MasterIntegrated_Output/01_SharePoint_Libraries/MicroHydroV1 — SoT/MicroHydroV1/tools/release/make_release.py
Product/Releases/MicroHydroV1_Work/MasterIntegrated_Output/_stage/top/MicroHydroV1 ΓÇö SoT/MicroHydroV1/tools/run_pipeline.py,engineering/product/Releases/MicroHydroV1_Work/MasterIntegrated_Output/01_SharePoint_Libraries/MicroHydroV1 — SoT/MicroHydroV1/tools/run_pipeline.py
Product/Releases/MicroHydroV1_Work/MasterIntegrated_Output/_stage/top/MicroHydroV1 ΓÇö SoT/MicroHydroV1/tools/validate/validate_repo.py,engineering/product/Releases/MicroHydroV1_Work/MasterIntegrated_Output/01_SharePoint_Libraries/MicroHydroV1 — SoT/MicroHydroV1/tools/validate/validate_repo.py
Product/Releases/MicroHydroV1_Work/MasterIntegrated_Output/_stage/top/RES_MicroHydroV1_Integration_Log.docx,engineering/product/Releases/MicroHydroV1_Work/MasterIntegrated_Output/00_Admin/RES_MicroHydroV1_Integration_Log.docx
Product/Releases/MicroHydroV1_Work/tools/microhydro_master_integrator.py,engineering/product/Releases/MicroHydroV1_Work/MasterIntegrated_Output/05_Tools/microhydro_master_integrator.py
Product/Releases/MicroHydroV1_Work/tools/policy_config.json,engineering/product/Releases/MicroHydroV1_Work/MasterIntegrated_Output/05_Tools/policy_config.json
Implementation/MicroHydroV1/CHANGELOG.md,engineering/product/Change_Logs/CHANGELOG.md
Implementation/MicroHydroV1/automation/Import_Config.json,engineering/product/Releases/MicroHydroV1_Work/MasterIntegrated_Output/01_SharePoint_Libraries/MicroHydroV1 — SoT/MicroHydroV1/automation/Import_Config.json
Implementation/MicroHydroV1/automation/import_measurements.py,engineering/product/Releases/MicroHydroV1_Work/MasterIntegrated_Output/01_SharePoint_Libraries/MicroHydroV1 — SoT/MicroHydroV1/MicroHydroV1_Importer_RunID_Patch_v0.3.0/MicroHydroV1/automation/import_measurements.py
Implementation/MicroHydroV1/cad/macros/01_Diffuser/build_diffuser.FCMacro,engineering/product/Releases/MicroHydroV1_Work/MasterIntegrated_Output/01_SharePoint_Libraries/MicroHydroV1 — SoT/MicroHydroV1/cad/macros/01_Diffuser/build_diffuser.FCMacro
Implementation/MicroHydroV1/cad/macros/02_Nozzle/build_nozzle.FCMacro,engineering/product/Releases/MicroHydroV1_Work/MasterIntegrated_Output/01_SharePoint_Libraries/MicroHydroV1 — SoT/MicroHydroV1/cad/macros/02_Nozzle/build_nozzle.FCMacro
Implementation/MicroHydroV1/cad/macros/03_VanePacks/build_vanepacks.FCMacro,engineering/product/Releases/MicroHydroV1_Work/MasterIntegrated_Output/01_SharePoint_Libraries/MicroHydroV1 — SoT/MicroHydroV1/cad/macros/03_VanePacks/build_vanepacks.FCMacro
Implementation/MicroHydroV1/cad/macros/04_Retainer/build_retainer.FCMacro,engineering/product/Releases/MicroHydroV1_Work/MasterIntegrated_Output/01_SharePoint_Libraries/MicroHydroV1 — SoT/MicroHydroV1/cad/macros/04_Retainer/build_retainer.FCMacro
Implementation/MicroHydroV1/cad/macros/Assembly/build_assembly.FCMacro,engineering/product/Releases/MicroHydroV1_Work/MasterIntegrated_Output/01_SharePoint_Libraries/MicroHydroV1 — SoT/MicroHydroV1/cad/macros/Assembly/build_assembly.FCMacro
Implementation/MicroHydroV1/cad/macros/build_all.FCMacro,engineering/product/Releases/MicroHydroV1_Work/MasterIntegrated_Output/01_SharePoint_Libraries/MicroHydroV1 — SoT/MicroHydroV1/cad/macros/build_all.FCMacro
Implementation/MicroHydroV1/cad/macros/scripts/export_batch.FCMacro,engineering/product/Releases/MicroHydroV1_Work/MasterIntegrated_Output/01_SharePoint_Libraries/MicroHydroV1 — SoT/MicroHydroV1/cad/macros/scripts/export_batch.FCMacro
Implementation/MicroHydroV1/cad/params/params.json,engineering/product/Releases/MicroHydroV1_Work/MasterIntegrated_Output/01_SharePoint_Libraries/MicroHydroV1 — SoT/MicroHydroV1/cad/params/params.json
Implementation/MicroHydroV1/docs/README.md,engineering/product/Documentation/docs/README.md
Implementation/MicroHydroV1/docs/governance/REPO_RULES.md,engineering/product/Documentation/docs/governance/REPO_RULES.md
Implementation/MicroHydroV1/tools/release/make_release.py,engineering/product/Releases/MicroHydroV1_Work/MasterIntegrated_Output/01_SharePoint_Libraries/MicroHydroV1 — SoT/MicroHydroV1/tools/release/make_release.py
Implementation/MicroHydroV1 — SoT/MicroHydroV1/README.md,engineering/product/Releases/MicroHydroV1_Work/MasterIntegrated_Output/01_SharePoint_Libraries/MicroHydroV1 — SoT/MicroHydroV1/README.md
Implementation/MicroHydroV1 — SoT/MicroHydroV1/automation/Import_Config.json,engineering/product/Releases/MicroHydroV1_Work/MasterIntegrated_Output/01_SharePoint_Libraries/MicroHydroV1 — SoT/MicroHydroV1/automation/Import_Config.json
Implementation/MicroHydroV1 — SoT/MicroHydroV1/cad/macros/01_Diffuser/build_diffuser.FCMacro,engineering/product/Releases/MicroHydroV1_Work/MasterIntegrated_Output/01_SharePoint_Libraries/MicroHydroV1 — SoT/MicroHydroV1/cad/macros/01_Diffuser/build_diffuser.FCMacro
Implementation/MicroHydroV1 — SoT/MicroHydroV1/cad/macros/02_Nozzle/build_nozzle.FCMacro,engineering/product/Releases/MicroHydroV1_Work/MasterIntegrated_Output/01_SharePoint_Libraries/MicroHydroV1 — SoT/MicroHydroV1/cad/macros/02_Nozzle/build_nozzle.FCMacro
Implementation/MicroHydroV1 — SoT/MicroHydroV1/cad/macros/03_VanePacks/build_vanepacks.FCMacro,engineering/product/Releases/MicroHydroV1_Work/MasterIntegrated_Output/01_SharePoint_Libraries/MicroHydroV1 — SoT/MicroHydroV1/cad/macros/03_VanePacks/build_vanepacks.FCMacro
Implementation/MicroHydroV1 — SoT/MicroHydroV1/cad/macros/04_Retainer/build_retainer.FCMacro,engineering/product/Releases/MicroHydroV1_Work/MasterIntegrated_Output/01_SharePoint_Libraries/MicroHydroV1 — SoT/MicroHydroV1/cad/macros/04_Retainer/build_retainer.FCMacro
Implementation/MicroHydroV1 — SoT/MicroHydroV1/cad/macros/Assembly/build_assembly.FCMacro,engineering/product/Releases/MicroHydroV1_Work/MasterIntegrated_Output/01_SharePoint_Libraries/MicroHydroV1 — SoT/MicroHydroV1/cad/macros/Assembly/build_assembly.FCMacro
Implementation/MicroHydroV1 — SoT/MicroHydroV1/cad/macros/README.txt,engineering/product/Releases/MicroHydroV1_Work/MasterIntegrated_Output/01_SharePoint_Libraries/MicroHydroV1 — SoT/MicroHydroV1/cad/macros/README.txt
Implementation/MicroHydroV1 — SoT/MicroHydroV1/cad/macros/build_all.FCMacro,engineering/product/Releases/MicroHydroV1_Work/MasterIntegrated_Output/01_SharePoint_Libraries/MicroHydroV1 — SoT/MicroHydroV1/cad/macros/build_all.FCMacro
Implementation/MicroHydroV1 — SoT/MicroHydroV1/cad/macros/params.json,engineering/product/Releases/MicroHydroV1_Work/MasterIntegrated_Output/01_SharePoint_Libraries/MicroHydroV1 — SoT/MicroHydroV1/cad/macros/params.json
Implementation/MicroHydroV1 — SoT/MicroHydroV1/cad/macros/scripts/export_batch.FCMacro,engineering/product/Releases/MicroHydroV1_Work/MasterIntegrated_Output/01_SharePoint_Libraries/MicroHydroV1 — SoT/MicroHydroV1/cad/macros/scripts/export_batch.FCMacro
Implementation/MicroHydroV1 — SoT/MicroHydroV1/cad/params/params.json,engineering/product/Releases/MicroHydroV1_Work/MasterIntegrated_Output/01_SharePoint_Libraries/MicroHydroV1 — SoT/MicroHydroV1/cad/params/params.json
Implementation/MicroHydroV1 — SoT/MicroHydroV1/docs/Jet_Coherence_Procedure.docx,engineering/product/Releases/MicroHydroV1_Work/MasterIntegrated_Output/01_SharePoint_Libraries/MicroHydroV1 — SoT/MicroHydroV1/docs/Jet_Coherence_Procedure.docx
Implementation/MicroHydroV1 — SoT/MicroHydroV1/docs/Master_Index.docx,engineering/product/Releases/MicroHydroV1_Work/MasterIntegrated_Output/01_SharePoint_Libraries/MicroHydroV1 — SoT/MicroHydroV1/docs/Master_Index.docx
Implementation/MicroHydroV1 — SoT/MicroHydroV1/docs/PASS_A_FULL_RevA.docx,engineering/product/Releases/MicroHydroV1_Work/MasterIntegrated_Output/01_SharePoint_Libraries/MicroHydroV1 — SoT/MicroHydroV1/docs/PASS_A_FULL_RevA.docx
Implementation/MicroHydroV1 — SoT/MicroHydroV1/docs/Run_of_Show_Checklist.docx,engineering/product/Releases/MicroHydroV1_Work/MasterIntegrated_Output/01_SharePoint_Libraries/MicroHydroV1 — SoT/MicroHydroV1/docs/Run_of_Show_Checklist.docx
Implementation/MicroHydroV1 — SoT/MicroHydroV1/docs/Tank_Ripple_Procedure.docx,engineering/product/Releases/MicroHydroV1_Work/MasterIntegrated_Output/01_SharePoint_Libraries/MicroHydroV1 — SoT/MicroHydroV1/docs/Tank_Ripple_Procedure.docx
Implementation/MicroHydroV1 — SoT/MicroHydroV1/docs/Test_Campaign_Plan.docx,engineering/product/Releases/MicroHydroV1_Work/MasterIntegrated_Output/01_SharePoint_Libraries/MicroHydroV1 — SoT/MicroHydroV1/docs/Test_Campaign_Plan.docx
Implementation/MicroHydroV1 — SoT/MicroHydroV1/docs/addons/MANIFEST.json,engineering/product/Releases/MicroHydroV1_Work/MasterIntegrated_Output/01_SharePoint_Libraries/MicroHydroV1 — SoT/MicroHydroV1/MANIFEST.json
Implementation/MicroHydroV1 — SoT/MicroHydroV1/docs/addons/MicroHydroV1_Importer_RunID_Patch_v0.3.0/MANIFEST.json,engineering/product/Releases/MicroHydroV1_Work/MasterIntegrated_Output/01_SharePoint_Libraries/MicroHydroV1 — SoT/MicroHydroV1/MicroHydroV1_Importer_RunID_Patch_v0.3.0/MANIFEST.json
Implementation/MicroHydroV1 — SoT/MicroHydroV1/docs/addons/MicroHydroV1_Importer_RunID_Patch_v0.3.0/MicroHydroV1/automation/import_measurements.py,engineering/product/Releases/MicroHydroV1_Work/MasterIntegrated_Output/01_SharePoint_Libraries/MicroHydroV1 — SoT/MicroHydroV1/MicroHydroV1_Importer_RunID_Patch_v0.3.0/MicroHydroV1/automation/import_measurements.py
Implementation/MicroHydroV1 — SoT/MicroHydroV1/docs/addons/MicroHydroV1_Importer_RunID_Patch_v0.3.0/MicroHydroV1/docs/governance/README_Importer_RunID_Patch.md,engineering/product/Releases/MicroHydroV1_Work/MasterIntegrated_Output/01_SharePoint_Libraries/MicroHydroV1 — SoT/MicroHydroV1/MicroHydroV1_Importer_RunID_Patch_v0.3.0/MicroHydroV1/docs/governance/README_Importer_RunID_Patch.md
Implementation/MicroHydroV1 — SoT/MicroHydroV1/docs/addons/MicroHydroV1_RUN3_AutoFill_Evidence_PLUS_Workbook_v0.3.0/MANIFEST.json,engineering/product/Releases/MicroHydroV1_Work/MasterIntegrated_Output/01_SharePoint_Libraries/MicroHydroV1 — SoT/MicroHydroV1/MicroHydroV1_RUN3_AutoFill_Evidence_PLUS_Workbook_v0.3.0/MANIFEST.json
Implementation/MicroHydroV1 — SoT/MicroHydroV1/docs/addons/MicroHydroV1_RUN3_AutoFill_Evidence_PLUS_Workbook_v0.3.0/MicroHydroV1/docs/run3/README_AUTOFILL.md,engineering/product/Releases/MicroHydroV1_Work/MasterIntegrated_Output/01_SharePoint_Libraries/MicroHydroV1 — SoT/MicroHydroV1/MicroHydroV1_RUN3_AutoFill_Evidence_PLUS_Workbook_v0.3.0/MicroHydroV1/docs/run3/README_AUTOFILL.md
Implementation/MicroHydroV1 — SoT/MicroHydroV1/docs/addons/MicroHydroV1_RUN3_AutoFill_Evidence_PLUS_Workbook_v0.3.0/MicroHydroV1/docs/run3/RUN3_Evidence_Template.docx,engineering/product/Releases/MicroHydroV1_Work/MasterIntegrated_Output/01_SharePoint_Libraries/MicroHydroV1 — SoT/MicroHydroV1/MicroHydroV1_RUN3_AutoFill_Evidence_PLUS_Workbook_v0.3.0/MicroHydroV1/docs/run3/RUN3_Evidence_Template.docx
Implementation/MicroHydroV1 — SoT/MicroHydroV1/docs/addons/MicroHydroV1_RUN3_AutoFill_Evidence_PLUS_Workbook_v0.3.0/MicroHydroV1/tools/plots/plot_t002_psd_peakiness.py,engineering/product/Releases/MicroHydroV1_Work/MasterIntegrated_Output/01_SharePoint_Libraries/MicroHydroV1 — SoT/MicroHydroV1/MicroHydroV1_RUN3_AutoFill_Evidence_PLUS_Workbook_v0.3.0/MicroHydroV1/tools/plots/plot_t002_psd_peakiness.py
Implementation/MicroHydroV1 — SoT/MicroHydroV1/docs/addons/MicroHydroV1_RUN3_AutoFill_Evidence_PLUS_Workbook_v0.3.0/MicroHydroV1/tools/workflow/autofill_evidence_doc.py,engineering/product/Releases/MicroHydroV1_Work/MasterIntegrated_Output/01_SharePoint_Libraries/MicroHydroV1 — SoT/MicroHydroV1/MicroHydroV1_RUN3_AutoFill_Evidence_PLUS_Workbook_v0.3.0/MicroHydroV1/tools/workflow/autofill_evidence_doc.py
Implementation/MicroHydroV1 — SoT/MicroHydroV1/docs/addons/MicroHydroV1_RUN3_AutoFill_Evidence_RUNID_BASELINE_v0.3.0/MANIFEST.json,engineering/product/Releases/MicroHydroV1_Work/MasterIntegrated_Output/01_SharePoint_Libraries/MicroHydroV1 — SoT/MicroHydroV1/MicroHydroV1_RUN3_AutoFill_Evidence_RUNID_BASELINE_v0.3.0/MANIFEST.json
Implementation/MicroHydroV1 — SoT/MicroHydroV1/docs/addons/MicroHydroV1_RUN3_AutoFill_Evidence_RUNID_BASELINE_v0.3.0/MicroHydroV1/docs/run3/README_AUTOFILL.md,engineering/product/Releases/MicroHydroV1_Work/MasterIntegrated_Output/01_SharePoint_Libraries/MicroHydroV1 — SoT/MicroHydroV1/MicroHydroV1_RUN3_AutoFill_Evidence_RUNID_BASELINE_v0.3.0/MicroHydroV1/docs/run3/README_AUTOFILL.md
Implementation/MicroHydroV1 — SoT/MicroHydroV1/docs/addons/MicroHydroV1_RUN3_AutoFill_Evidence_RUNID_BASELINE_v0.3.0/MicroHydroV1/docs/run3/RUN3_Evidence_Template.docx,engineering/product/Releases/MicroHydroV1_Work/MasterIntegrated_Output/01_SharePoint_Libraries/MicroHydroV1 — SoT/MicroHydroV1/MicroHydroV1_RUN3_AutoFill_Evidence_PLUS_Workbook_v0.3.0/MicroHydroV1/docs/run3/RUN3_Evidence_Template.docx
Implementation/MicroHydroV1 — SoT/MicroHydroV1/docs/addons/MicroHydroV1_RUN3_AutoFill_Evidence_RUNID_BASELINE_v0.3.0/MicroHydroV1/tools/plots/plot_t002_psd_peakiness.py,engineering/product/Releases/MicroHydroV1_Work/MasterIntegrated_Output/01_SharePoint_Libraries/MicroHydroV1 — SoT/MicroHydroV1/MicroHydroV1_RUN3_AutoFill_Evidence_PLUS_Workbook_v0.3.0/MicroHydroV1/tools/plots/plot_t002_psd_peakiness.py
Implementation/MicroHydroV1 — SoT/MicroHydroV1/docs/addons/MicroHydroV1_RUN3_AutoFill_Evidence_RUNID_BASELINE_v0.3.0/MicroHydroV1/tools/workflow/autofill_evidence_doc.py,engineering/product/Releases/MicroHydroV1_Work/MasterIntegrated_Output/01_SharePoint_Libraries/MicroHydroV1 — SoT/MicroHydroV1/MicroHydroV1_RUN3_AutoFill_Evidence_RUNID_BASELINE_v0.3.0/MicroHydroV1/tools/workflow/autofill_evidence_doc.py
Implementation/MicroHydroV1 — SoT/MicroHydroV1/docs/addons/MicroHydroV1_RunID_Migrator_v0.3.0/MANIFEST.json,engineering/product/Releases/MicroHydroV1_Work/MasterIntegrated_Output/01_SharePoint_Libraries/MicroHydroV1 — SoT/MicroHydroV1/MicroHydroV1_RunID_Migrator_v0.3.0/MANIFEST.json
Implementation/MicroHydroV1 — SoT/MicroHydroV1/docs/addons/MicroHydroV1_RunID_Migrator_v0.3.0/MicroHydroV1/docs/governance/README_RunID_Migration.md,engineering/product/Releases/MicroHydroV1_Work/MasterIntegrated_Output/01_SharePoint_Libraries/MicroHydroV1 — SoT/MicroHydroV1/MicroHydroV1_RunID_Migrator_v0.3.0/MicroHydroV1/docs/governance/README_RunID_Migration.md
Implementation/MicroHydroV1 — SoT/MicroHydroV1/docs/addons/MicroHydroV1_RunID_Migrator_v0.3.0/MicroHydroV1/tools/workflow/migrate_add_run_id.py,engineering/product/Releases/MicroHydroV1_Work/MasterIntegrated_Output/01_SharePoint_Libraries/MicroHydroV1 — SoT/MicroHydroV1/MicroHydroV1_RunID_Migrator_v0.3.0/MicroHydroV1/tools/workflow/migrate_add_run_id.py
Implementation/MicroHydroV1 — SoT/MicroHydroV1/docs/addons/zips/MicroHydroV1_Calibration_AutoEmbed_AddOn_v0.3.0.zip,engineering/microhydro-v1-sot/MicroHydroV1/docs/addons/zips/MicroHydroV1_Calibration_AutoEmbed_AddOn_v0.3.0 (1).zip
Implementation/MicroHydroV1 — SoT/MicroHydroV1/docs/addons/zips/MicroHydroV1_DO_ALL_AddOn_v0.3.0 (2).zip,engineering/microhydro-v1-sot/MicroHydroV1/docs/addons/zips/MicroHydroV1_DO_ALL_AddOn_v0.3.0 (1).zip
Implementation/MicroHydroV1 — SoT/MicroHydroV1/docs/addons/zips/MicroHydroV1_DO_ALL_AddOn_v0.3.0 (3).zip,engineering/microhydro-v1-sot/MicroHydroV1/docs/addons/zips/MicroHydroV1_DO_ALL_AddOn_v0.3.0 (1).zip
Implementation/MicroHydroV1 — SoT/MicroHydroV1/docs/addons/zips/MicroHydroV1_DO_ALL_AddOn_v0.3.0.zip,engineering/microhydro-v1-sot/MicroHydroV1/docs/addons/zips/MicroHydroV1_DO_ALL_AddOn_v0.3.0 (1).zip
Implementation/MicroHydroV1 — SoT/MicroHydroV1/docs/addons/zips/MicroHydroV1_RUN3_DoAll_Templates_Plots.zip,engineering/microhydro-v1-sot/MicroHydroV1/docs/addons/zips/MicroHydroV1_RUN3_DoAll_Templates_Plots (1).zip
Implementation/MicroHydroV1 — SoT/MicroHydroV1/docs/addons/zips/MicroHydroV1_v0.3.0_FULL_LOCKED_PressurePa.zip,engineering/microhydro-v1-sot/MicroHydroV1/docs/addons/zips/MicroHydroV1_v0.3.0_FULL_LOCKED_PressurePa (1).zip
Implementation/MicroHydroV1 — SoT/MicroHydroV1/docs/admin/MicroHydroV1_SharePoint_Version_Control_Configuration_Guide_v1.0.docx,engineering/product/Releases/MicroHydroV1 — Releases/MicroHydroV1_SharePoint_Version_Control_Configuration_Guide_v1.0 (1).docx
Implementation/MicroHydroV1 — SoT/MicroHydroV1/docs/architecture_diagram.png,engineering/product/Releases/MicroHydroV1_Work/MasterIntegrated_Output/01_SharePoint_Libraries/MicroHydroV1 — SoT/MicroHydroV1/docs/architecture_diagram.png
Implementation/MicroHydroV1 — SoT/MicroHydroV1/docs/automation/PowerAutomate_Flows_SoT_to_Release.md,engineering/product/Releases/MicroHydroV1_Work/MasterIntegrated_Output/02_Canonical_Working_Tree/MicroHydroV1/docs/automation/PowerAutomate_Flows_SoT_to_Release.md
Implementation/MicroHydroV1 — SoT/MicroHydroV1/docs/automation/README_Calibration_and_AutoEmbed.md,engineering/product/Releases/MicroHydroV1_Work/MasterIntegrated_Output/02_Canonical_Working_Tree/MicroHydroV1/docs/automation/README_Calibration_and_AutoEmbed.md
Implementation/MicroHydroV1 — SoT/MicroHydroV1/docs/automation/README_DO_ALL.md,engineering/product/Releases/MicroHydroV1_Work/MasterIntegrated_Output/02_Canonical_Working_Tree/MicroHydroV1/docs/automation/README_DO_ALL.md
Implementation/MicroHydroV1 — SoT/MicroHydroV1/docs/run3/README_AUTOFILL.md,engineering/product/Releases/MicroHydroV1_Work/MasterIntegrated_Output/01_SharePoint_Libraries/MicroHydroV1 — SoT/MicroHydroV1/MicroHydroV1_RUN3_AutoFill_Evidence_RUNID_BASELINE_v0.3.0/MicroHydroV1/docs/run3/README_AUTOFILL.md
Implementation/MicroHydroV1 — SoT/MicroHydroV1/docs/run3/RUN3_Evidence_Template.docx,engineering/product/Releases/MicroHydroV1_Work/MasterIntegrated_Output/01_SharePoint_Libraries/MicroHydroV1 — SoT/MicroHydroV1/MicroHydroV1_RUN3_AutoFill_Evidence_PLUS_Workbook_v0.3.0/MicroHydroV1/docs/run3/RUN3_Evidence_Template.docx
Implementation/MicroHydroV1 — SoT/MicroHydroV1/docs/run3/RUN3_Evidence_Template.md,engineering/product/Releases/MicroHydroV1_Work/MasterIntegrated_Output/02_Canonical_Working_Tree/MicroHydroV1/docs/run3/RUN3_Evidence_Template.md
Implementation/MicroHydroV1 — SoT/MicroHydroV1/docs/run3/RUN3_Operator_Card.md,engineering/product/Releases/MicroHydroV1_Work/MasterIntegrated_Output/02_Canonical_Working_Tree/MicroHydroV1/docs/run3/RUN3_Operator_Card.md
Implementation/MicroHydroV1 — SoT/MicroHydroV1/tools/cad/apply_optimized_params.py,engineering/product/Releases/MicroHydroV1_Work/MasterIntegrated_Output/02_Canonical_Working_Tree/MicroHydroV1/tools/cad/apply_optimized_params.py
Implementation/MicroHydroV1 — SoT/MicroHydroV1/tools/cad/build_all_use_optimized.FCMacro,engineering/product/Releases/MicroHydroV1_Work/MasterIntegrated_Output/02_Canonical_Working_Tree/MicroHydroV1/tools/cad/build_all_use_optimized.FCMacro
Implementation/MicroHydroV1 — SoT/MicroHydroV1/tools/optimize/opt_config.json,engineering/product/Releases/MicroHydroV1_Work/MasterIntegrated_Output/01_SharePoint_Libraries/MicroHydroV1 — SoT/MicroHydroV1/tools/optimize/opt_config.json
Implementation/MicroHydroV1 — SoT/MicroHydroV1/tools/optimize/optimize_params.py,engineering/product/Releases/MicroHydroV1_Work/MasterIntegrated_Output/01_SharePoint_Libraries/MicroHydroV1 — SoT/MicroHydroV1/tools/optimize/optimize_params.py
Implementation/MicroHydroV1 — SoT/MicroHydroV1/tools/plots/plot_t002_psd_peakiness.py,engineering/product/Releases/MicroHydroV1_Work/MasterIntegrated_Output/01_SharePoint_Libraries/MicroHydroV1 — SoT/MicroHydroV1/MicroHydroV1_RUN3_AutoFill_Evidence_PLUS_Workbook_v0.3.0/MicroHydroV1/tools/plots/plot_t002_psd_peakiness.py
Implementation/MicroHydroV1 — SoT/MicroHydroV1/tools/release/make_release.py,engineering/product/Releases/MicroHydroV1_Work/MasterIntegrated_Output/01_SharePoint_Libraries/MicroHydroV1 — SoT/MicroHydroV1/tools/release/make_release.py
Implementation/MicroHydroV1 — SoT/MicroHydroV1/tools/run_pipeline.py,engineering/product/Releases/MicroHydroV1_Work/MasterIntegrated_Output/01_SharePoint_Libraries/MicroHydroV1 — SoT/MicroHydroV1/tools/run_pipeline.py
Implementation/MicroHydroV1 — SoT/MicroHydroV1/tools/validate/validate_repo.py,engineering/product/Releases/MicroHydroV1_Work/MasterIntegrated_Output/01_SharePoint_Libraries/MicroHydroV1 — SoT/MicroHydroV1/tools/validate/validate_repo.py
Implementation/MicroHydroV1 — SoT/MicroHydroV1/tools/workflow/autofill_evidence_doc.py,engineering/product/Releases/MicroHydroV1_Work/MasterIntegrated_Output/01_SharePoint_Libraries/MicroHydroV1 — SoT/MicroHydroV1/MicroHydroV1_RUN3_AutoFill_Evidence_RUNID_BASELINE_v0.3.0/MicroHydroV1/tools/workflow/autofill_evidence_doc.py
Implementation/MicroHydroV1 — SoT/MicroHydroV1/tools/workflow/run_closed_loop.py,engineering/product/Releases/MicroHydroV1_Work/MasterIntegrated_Output/02_Canonical_Working_Tree/MicroHydroV1/tools/workflow/run_closed_loop.py
Implementation/MicroHydroV1 — SoT/MicroHydroV1_BACKUP_20260122_005746/MANIFEST.json,engineering/product/Releases/MicroHydroV1_Work/MasterIntegrated_Output/01_SharePoint_Libraries/MicroHydroV1 — SoT/MicroHydroV1/MANIFEST.json
Implementation/MicroHydroV1 — SoT/MicroHydroV1_BACKUP_20260122_005746/MicroHydroV1_Calibration_AutoEmbed_AddOn_v0.3.0 (1).zip,engineering/microhydro-v1-sot/MicroHydroV1/docs/addons/zips/MicroHydroV1_Calibration_AutoEmbed_AddOn_v0.3.0 (1).zip
Implementation/MicroHydroV1 — SoT/MicroHydroV1_BACKUP_20260122_005746/MicroHydroV1_Calibration_AutoEmbed_AddOn_v0.3.0.zip,engineering/microhydro-v1-sot/MicroHydroV1/docs/addons/zips/MicroHydroV1_Calibration_AutoEmbed_AddOn_v0.3.0 (1).zip
Implementation/MicroHydroV1 — SoT/MicroHydroV1_BACKUP_20260122_005746/MicroHydroV1_DO_ALL_AddOn_v0.3.0 (1).zip,engineering/microhydro-v1-sot/MicroHydroV1/docs/addons/zips/MicroHydroV1_DO_ALL_AddOn_v0.3.0 (1).zip
Implementation/MicroHydroV1 — SoT/MicroHydroV1_BACKUP_20260122_005746/MicroHydroV1_DO_ALL_AddOn_v0.3.0 (2).zip,engineering/microhydro-v1-sot/MicroHydroV1/docs/addons/zips/MicroHydroV1_DO_ALL_AddOn_v0.3.0 (1).zip
Implementation/MicroHydroV1 — SoT/MicroHydroV1_BACKUP_20260122_005746/MicroHydroV1_DO_ALL_AddOn_v0.3.0 (3).zip,engineering/microhydro-v1-sot/MicroHydroV1/docs/addons/zips/MicroHydroV1_DO_ALL_AddOn_v0.3.0 (1).zip
Implementation/MicroHydroV1 — SoT/MicroHydroV1_BACKUP_20260122_005746/MicroHydroV1_DO_ALL_AddOn_v0.3.0.zip,engineering/microhydro-v1-sot/MicroHydroV1/docs/addons/zips/MicroHydroV1_DO_ALL_AddOn_v0.3.0 (1).zip
Implementation/MicroHydroV1 — SoT/MicroHydroV1_BACKUP_20260122_005746/MicroHydroV1_Importer_RunID_Patch_v0.3.0/MANIFEST.json,engineering/product/Releases/MicroHydroV1_Work/MasterIntegrated_Output/01_SharePoint_Libraries/MicroHydroV1 — SoT/MicroHydroV1/MicroHydroV1_Importer_RunID_Patch_v0.3.0/MANIFEST.json
Implementation/MicroHydroV1 — SoT/MicroHydroV1_BACKUP_20260122_005746/MicroHydroV1_Importer_RunID_Patch_v0.3.0/MicroHydroV1/automation/import_measurements.py,engineering/product/Releases/MicroHydroV1_Work/MasterIntegrated_Output/01_SharePoint_Libraries/MicroHydroV1 — SoT/MicroHydroV1/MicroHydroV1_Importer_RunID_Patch_v0.3.0/MicroHydroV1/automation/import_measurements.py
Implementation/MicroHydroV1 — SoT/MicroHydroV1_BACKUP_20260122_005746/MicroHydroV1_Importer_RunID_Patch_v0.3.0/MicroHydroV1/docs/governance/README_Importer_RunID_Patch.md,engineering/product/Releases/MicroHydroV1_Work/MasterIntegrated_Output/01_SharePoint_Libraries/MicroHydroV1 — SoT/MicroHydroV1/MicroHydroV1_Importer_RunID_Patch_v0.3.0/MicroHydroV1/docs/governance/README_Importer_RunID_Patch.md
Implementation/MicroHydroV1 — SoT/MicroHydroV1_BACKUP_20260122_005746/MicroHydroV1_RUN3_AutoFill_Evidence_PLUS_Workbook_T002_v0.3.0.zip,engineering/microhydro-v1-sot/MicroHydroV1/docs/addons/zips/MicroHydroV1_RUN3_AutoFill_Evidence_PLUS_Workbook_T002_v0.3.0.zip
Implementation/MicroHydroV1 — SoT/MicroHydroV1_BACKUP_20260122_005746/MicroHydroV1_RUN3_AutoFill_Evidence_PLUS_Workbook_v0.3.0/MANIFEST.json,engineering/product/Releases/MicroHydroV1_Work/MasterIntegrated_Output/01_SharePoint_Libraries/MicroHydroV1 — SoT/MicroHydroV1/MicroHydroV1_RUN3_AutoFill_Evidence_PLUS_Workbook_v0.3.0/MANIFEST.json
Implementation/MicroHydroV1 — SoT/MicroHydroV1_BACKUP_20260122_005746/MicroHydroV1_RUN3_AutoFill_Evidence_PLUS_Workbook_v0.3.0/MicroHydroV1/docs/run3/README_AUTOFILL.md,engineering/product/Releases/MicroHydroV1_Work/MasterIntegrated_Output/01_SharePoint_Libraries/MicroHydroV1 — SoT/MicroHydroV1/MicroHydroV1_RUN3_AutoFill_Evidence_PLUS_Workbook_v0.3.0/MicroHydroV1/docs/run3/README_AUTOFILL.md
Implementation/MicroHydroV1 — SoT/MicroHydroV1_BACKUP_20260122_005746/MicroHydroV1_RUN3_AutoFill_Evidence_PLUS_Workbook_v0.3.0/MicroHydroV1/docs/run3/RUN3_Evidence_Template.docx,engineering/product/Releases/MicroHydroV1_Work/MasterIntegrated_Output/01_SharePoint_Libraries/MicroHydroV1 — SoT/MicroHydroV1/MicroHydroV1_RUN3_AutoFill_Evidence_PLUS_Workbook_v0.3.0/MicroHydroV1/docs/run3/RUN3_Evidence_Template.docx
Implementation/MicroHydroV1 — SoT/MicroHydroV1_BACKUP_20260122_005746/MicroHydroV1_RUN3_AutoFill_Evidence_PLUS_Workbook_v0.3.0/MicroHydroV1/tools/plots/plot_t002_psd_peakiness.py,engineering/product/Releases/MicroHydroV1_Work/MasterIntegrated_Output/01_SharePoint_Libraries/MicroHydroV1 — SoT/MicroHydroV1/MicroHydroV1_RUN3_AutoFill_Evidence_PLUS_Workbook_v0.3.0/MicroHydroV1/tools/plots/plot_t002_psd_peakiness.py
Implementation/MicroHydroV1 — SoT/MicroHydroV1_BACKUP_20260122_005746/MicroHydroV1_RUN3_AutoFill_Evidence_PLUS_Workbook_v0.3.0/MicroHydroV1/tools/workflow/autofill_evidence_doc.py,engineering/product/Releases/MicroHydroV1_Work/MasterIntegrated_Output/01_SharePoint_Libraries/MicroHydroV1 — SoT/MicroHydroV1/MicroHydroV1_RUN3_AutoFill_Evidence_PLUS_Workbook_v0.3.0/MicroHydroV1/tools/workflow/autofill_evidence_doc.py
Implementation/MicroHydroV1 — SoT/MicroHydroV1_BACKUP_20260122_005746/MicroHydroV1_RUN3_AutoFill_Evidence_RUNID_BASELINE_v0.3.0/MANIFEST.json,engineering/product/Releases/MicroHydroV1_Work/MasterIntegrated_Output/01_SharePoint_Libraries/MicroHydroV1 — SoT/MicroHydroV1/MicroHydroV1_RUN3_AutoFill_Evidence_RUNID_BASELINE_v0.3.0/MANIFEST.json
Implementation/MicroHydroV1 — SoT/MicroHydroV1_BACKUP_20260122_005746/MicroHydroV1_RUN3_AutoFill_Evidence_RUNID_BASELINE_v0.3.0/MicroHydroV1/docs/run3/README_AUTOFILL.md,engineering/product/Releases/MicroHydroV1_Work/MasterIntegrated_Output/01_SharePoint_Libraries/MicroHydroV1 — SoT/MicroHydroV1/MicroHydroV1_RUN3_AutoFill_Evidence_RUNID_BASELINE_v0.3.0/MicroHydroV1/docs/run3/README_AUTOFILL.md
Implementation/MicroHydroV1 — SoT/MicroHydroV1_BACKUP_20260122_005746/MicroHydroV1_RUN3_AutoFill_Evidence_RUNID_BASELINE_v0.3.0/MicroHydroV1/docs/run3/RUN3_Evidence_Template.docx,engineering/product/Releases/MicroHydroV1_Work/MasterIntegrated_Output/01_SharePoint_Libraries/MicroHydroV1 — SoT/MicroHydroV1/MicroHydroV1_RUN3_AutoFill_Evidence_PLUS_Workbook_v0.3.0/MicroHydroV1/docs/run3/RUN3_Evidence_Template.docx
Implementation/MicroHydroV1 — SoT/MicroHydroV1_BACKUP_20260122_005746/MicroHydroV1_RUN3_AutoFill_Evidence_RUNID_BASELINE_v0.3.0/MicroHydroV1/tools/plots/plot_t002_psd_peakiness.py,engineering/product/Releases/MicroHydroV1_Work/MasterIntegrated_Output/01_SharePoint_Libraries/MicroHydroV1 — SoT/MicroHydroV1/MicroHydroV1_RUN3_AutoFill_Evidence_PLUS_Workbook_v0.3.0/MicroHydroV1/tools/plots/plot_t002_psd_peakiness.py
Implementation/MicroHydroV1 — SoT/MicroHydroV1_BACKUP_20260122_005746/MicroHydroV1_RUN3_AutoFill_Evidence_RUNID_BASELINE_v0.3.0/MicroHydroV1/tools/workflow/autofill_evidence_doc.py,engineering/product/Releases/MicroHydroV1_Work/MasterIntegrated_Output/01_SharePoint_Libraries/MicroHydroV1 — SoT/MicroHydroV1/MicroHydroV1_RUN3_AutoFill_Evidence_RUNID_BASELINE_v0.3.0/MicroHydroV1/tools/workflow/autofill_evidence_doc.py
Implementation/MicroHydroV1 — SoT/MicroHydroV1_BACKUP_20260122_005746/MicroHydroV1_RUN3_AutoFill_Evidence_v0.3.0.zip,engineering/microhydro-v1-sot/MicroHydroV1/docs/addons/zips/MicroHydroV1_RUN3_AutoFill_Evidence_v0.3.0.zip
Implementation/MicroHydroV1 — SoT/MicroHydroV1_BACKUP_20260122_005746/MicroHydroV1_RUN3_DoAll_Templates_Plots (1).zip,engineering/microhydro-v1-sot/MicroHydroV1/docs/addons/zips/MicroHydroV1_RUN3_DoAll_Templates_Plots (1).zip
Implementation/MicroHydroV1 — SoT/MicroHydroV1_BACKUP_20260122_005746/MicroHydroV1_RUN3_DoAll_Templates_Plots.zip,engineering/microhydro-v1-sot/MicroHydroV1/docs/addons/zips/MicroHydroV1_RUN3_DoAll_Templates_Plots (1).zip
Implementation/MicroHydroV1 — SoT/MicroHydroV1_BACKUP_20260122_005746/MicroHydroV1_RunID_Migrator_v0.3.0/MANIFEST.json,engineering/product/Releases/MicroHydroV1_Work/MasterIntegrated_Output/01_SharePoint_Libraries/MicroHydroV1 — SoT/MicroHydroV1/MicroHydroV1_RunID_Migrator_v0.3.0/MANIFEST.json
Implementation/MicroHydroV1 — SoT/MicroHydroV1_BACKUP_20260122_005746/MicroHydroV1_RunID_Migrator_v0.3.0/MicroHydroV1/docs/governance/README_RunID_Migration.md,engineering/product/Releases/MicroHydroV1_Work/MasterIntegrated_Output/01_SharePoint_Libraries/MicroHydroV1 — SoT/MicroHydroV1/MicroHydroV1_RunID_Migrator_v0.3.0/MicroHydroV1/docs/governance/README_RunID_Migration.md
Implementation/MicroHydroV1 — SoT/MicroHydroV1_BACKUP_20260122_005746/MicroHydroV1_RunID_Migrator_v0.3.0/MicroHydroV1/tools/workflow/migrate_add_run_id.py,engineering/product/Releases/MicroHydroV1_Work/MasterIntegrated_Output/01_SharePoint_Libraries/MicroHydroV1 — SoT/MicroHydroV1/MicroHydroV1_RunID_Migrator_v0.3.0/MicroHydroV1/tools/workflow/migrate_add_run_id.py
Implementation/MicroHydroV1 — SoT/MicroHydroV1_BACKUP_20260122_005746/MicroHydroV1_SharePoint_Version_Control_Configuration_Guide_v1.0.docx,engineering/product/Releases/MicroHydroV1 — Releases/MicroHydroV1_SharePoint_Version_Control_Configuration_Guide_v1.0 (1).docx
Implementation/MicroHydroV1 — SoT/MicroHydroV1_BACKUP_20260122_005746/MicroHydroV1_v0.3.0_FULL_LOCKED_PressurePa (1).zip,engineering/microhydro-v1-sot/MicroHydroV1/docs/addons/zips/MicroHydroV1_v0.3.0_FULL_LOCKED_PressurePa (1).zip
Implementation/MicroHydroV1 — SoT/MicroHydroV1_BACKUP_20260122_005746/MicroHydroV1_v0.3.0_FULL_LOCKED_PressurePa.zip,engineering/microhydro-v1-sot/MicroHydroV1/docs/addons/zips/MicroHydroV1_v0.3.0_FULL_LOCKED_PressurePa (1).zip
Implementation/MicroHydroV1 — SoT/MicroHydroV1_BACKUP_20260122_005746/README.md,engineering/product/Releases/MicroHydroV1_Work/MasterIntegrated_Output/01_SharePoint_Libraries/MicroHydroV1 — SoT/MicroHydroV1/README.md
Implementation/MicroHydroV1 — SoT/MicroHydroV1_BACKUP_20260122_005746/automation/Import_Config.json,engineering/product/Releases/MicroHydroV1_Work/MasterIntegrated_Output/01_SharePoint_Libraries/MicroHydroV1 — SoT/MicroHydroV1/automation/Import_Config.json
Implementation/MicroHydroV1 — SoT/MicroHydroV1_BACKUP_20260122_005746/automation/Measurements_Import_Template.csv,engineering/microhydro-v1-sot/MicroHydroV1/automation/Measurements_Import_Template.csv
Implementation/MicroHydroV1 — SoT/MicroHydroV1_BACKUP_20260122_005746/automation/MicroHydroV1_RnD_Export.xlsx,engineering/microhydro-v1-sot/MicroHydroV1/automation/MicroHydroV1_RnD_Export.xlsx
Implementation/MicroHydroV1 — SoT/MicroHydroV1_BACKUP_20260122_005746/cad/macros/01_Diffuser/build_diffuser.FCMacro,engineering/product/Releases/MicroHydroV1_Work/MasterIntegrated_Output/01_SharePoint_Libraries/MicroHydroV1 — SoT/MicroHydroV1/cad/macros/01_Diffuser/build_diffuser.FCMacro
Implementation/MicroHydroV1 — SoT/MicroHydroV1_BACKUP_20260122_005746/cad/macros/02_Nozzle/build_nozzle.FCMacro,engineering/product/Releases/MicroHydroV1_Work/MasterIntegrated_Output/01_SharePoint_Libraries/MicroHydroV1 — SoT/MicroHydroV1/cad/macros/02_Nozzle/build_nozzle.FCMacro
Implementation/MicroHydroV1 — SoT/MicroHydroV1_BACKUP_20260122_005746/cad/macros/03_VanePacks/build_vanepacks.FCMacro,engineering/product/Releases/MicroHydroV1_Work/MasterIntegrated_Output/01_SharePoint_Libraries/MicroHydroV1 — SoT/MicroHydroV1/cad/macros/03_VanePacks/build_vanepacks.FCMacro
Implementation/MicroHydroV1 — SoT/MicroHydroV1_BACKUP_20260122_005746/cad/macros/04_Retainer/build_retainer.FCMacro,engineering/product/Releases/MicroHydroV1_Work/MasterIntegrated_Output/01_SharePoint_Libraries/MicroHydroV1 — SoT/MicroHydroV1/cad/macros/04_Retainer/build_retainer.FCMacro
Implementation/MicroHydroV1 — SoT/MicroHydroV1_BACKUP_20260122_005746/cad/macros/Assembly/build_assembly.FCMacro,engineering/product/Releases/MicroHydroV1_Work/MasterIntegrated_Output/01_SharePoint_Libraries/MicroHydroV1 — SoT/MicroHydroV1/cad/macros/Assembly/build_assembly.FCMacro
Implementation/MicroHydroV1 — SoT/MicroHydroV1_BACKUP_20260122_005746/cad/macros/README.txt,engineering/product/Releases/MicroHydroV1_Work/MasterIntegrated_Output/01_SharePoint_Libraries/MicroHydroV1 — SoT/MicroHydroV1/cad/macros/README.txt
Implementation/MicroHydroV1 — SoT/MicroHydroV1_BACKUP_20260122_005746/cad/macros/build_all.FCMacro,engineering/product/Releases/MicroHydroV1_Work/MasterIntegrated_Output/01_SharePoint_Libraries/MicroHydroV1 — SoT/MicroHydroV1/cad/macros/build_all.FCMacro
Implementation/MicroHydroV1 — SoT/MicroHydroV1_BACKUP_20260122_005746/cad/macros/params.json,engineering/product/Releases/MicroHydroV1_Work/MasterIntegrated_Output/01_SharePoint_Libraries/MicroHydroV1 — SoT/MicroHydroV1/cad/macros/params.json
Implementation/MicroHydroV1 — SoT/MicroHydroV1_BACKUP_20260122_005746/cad/macros/scripts/export_batch.FCMacro,engineering/product/Releases/MicroHydroV1_Work/MasterIntegrated_Output/01_SharePoint_Libraries/MicroHydroV1 — SoT/MicroHydroV1/cad/macros/scripts/export_batch.FCMacro
Implementation/MicroHydroV1 — SoT/MicroHydroV1_BACKUP_20260122_005746/cad/params/params.json,engineering/product/Releases/MicroHydroV1_Work/MasterIntegrated_Output/01_SharePoint_Libraries/MicroHydroV1 — SoT/MicroHydroV1/cad/params/params.json
Implementation/MicroHydroV1 — SoT/MicroHydroV1_BACKUP_20260122_005746/docs/Jet_Coherence_Procedure.docx,engineering/product/Releases/MicroHydroV1_Work/MasterIntegrated_Output/01_SharePoint_Libraries/MicroHydroV1 — SoT/MicroHydroV1/docs/Jet_Coherence_Procedure.docx
Implementation/MicroHydroV1 — SoT/MicroHydroV1_BACKUP_20260122_005746/docs/Master_Index.docx,engineering/product/Releases/MicroHydroV1_Work/MasterIntegrated_Output/01_SharePoint_Libraries/MicroHydroV1 — SoT/MicroHydroV1/docs/Master_Index.docx
Implementation/MicroHydroV1 — SoT/MicroHydroV1_BACKUP_20260122_005746/docs/PASS_A_FULL_RevA.docx,engineering/product/Releases/MicroHydroV1_Work/MasterIntegrated_Output/01_SharePoint_Libraries/MicroHydroV1 — SoT/MicroHydroV1/docs/PASS_A_FULL_RevA.docx
Implementation/MicroHydroV1 — SoT/MicroHydroV1_BACKUP_20260122_005746/docs/Run_of_Show_Checklist.docx,engineering/product/Releases/MicroHydroV1_Work/MasterIntegrated_Output/01_SharePoint_Libraries/MicroHydroV1 — SoT/MicroHydroV1/docs/Run_of_Show_Checklist.docx
Implementation/MicroHydroV1 — SoT/MicroHydroV1_BACKUP_20260122_005746/docs/Tank_Ripple_Procedure.docx,engineering/product/Releases/MicroHydroV1_Work/MasterIntegrated_Output/01_SharePoint_Libraries/MicroHydroV1 — SoT/MicroHydroV1/docs/Tank_Ripple_Procedure.docx
Implementation/MicroHydroV1 — SoT/MicroHydroV1_BACKUP_20260122_005746/docs/Test_Campaign_Plan.docx,engineering/product/Releases/MicroHydroV1_Work/MasterIntegrated_Output/01_SharePoint_Libraries/MicroHydroV1 — SoT/MicroHydroV1/docs/Test_Campaign_Plan.docx
Implementation/MicroHydroV1 — SoT/MicroHydroV1_BACKUP_20260122_005746/docs/architecture_diagram.png,engineering/product/Releases/MicroHydroV1_Work/MasterIntegrated_Output/01_SharePoint_Libraries/MicroHydroV1 — SoT/MicroHydroV1/docs/architecture_diagram.png
Implementation/MicroHydroV1 — SoT/MicroHydroV1_BACKUP_20260122_005746/tests/raw/2026-01-22_Run1_ELCStability/T003_ELCStability_Run1.csv,engineering/microhydro-v1-sot/MicroHydroV1/tests/raw/2026-01-22_Run1_ELCStability/T003_ELCStability_Run1.csv
Implementation/MicroHydroV1 — SoT/MicroHydroV1_BACKUP_20260122_005746/tests/raw/2026-01-22_Run1_JetCoherence/T001_JetCoherence_Run1.csv,engineering/microhydro-v1-sot/MicroHydroV1/tests/raw/2026-01-22_Run1_JetCoherence/T001_JetCoherence_Run1.csv
Implementation/MicroHydroV1 — SoT/MicroHydroV1_BACKUP_20260122_005746/tests/raw/2026-01-22_Run1_Power/T004_Power_Run1.csv,engineering/microhydro-v1-sot/MicroHydroV1/tests/raw/2026-01-22_Run1_Power/T004_Power_Run1.csv
Implementation/MicroHydroV1 — SoT/MicroHydroV1_BACKUP_20260122_005746/tests/raw/2026-01-22_Run1_TankRipple/T002_TankRipple_Run1.csv,engineering/microhydro-v1-sot/MicroHydroV1/tests/raw/2026-01-22_Run1_TankRipple/T002_TankRipple_Run1.csv
Implementation/MicroHydroV1 — SoT/MicroHydroV1_BACKUP_20260122_005746/tools/optimize/opt_config.json,engineering/product/Releases/MicroHydroV1_Work/MasterIntegrated_Output/01_SharePoint_Libraries/MicroHydroV1 — SoT/MicroHydroV1/tools/optimize/opt_config.json
Implementation/MicroHydroV1 — SoT/MicroHydroV1_BACKUP_20260122_005746/tools/optimize/optimize_params.py,engineering/product/Releases/MicroHydroV1_Work/MasterIntegrated_Output/01_SharePoint_Libraries/MicroHydroV1 — SoT/MicroHydroV1/tools/optimize/optimize_params.py
Implementation/MicroHydroV1 — SoT/MicroHydroV1_BACKUP_20260122_005746/tools/release/make_release.py,engineering/product/Releases/MicroHydroV1_Work/MasterIntegrated_Output/01_SharePoint_Libraries/MicroHydroV1 — SoT/MicroHydroV1/tools/release/make_release.py
Implementation/MicroHydroV1 — SoT/MicroHydroV1_BACKUP_20260122_005746/tools/run_pipeline.py,engineering/product/Releases/MicroHydroV1_Work/MasterIntegrated_Output/01_SharePoint_Libraries/MicroHydroV1 — SoT/MicroHydroV1/tools/run_pipeline.py
Implementation/MicroHydroV1 — SoT/MicroHydroV1_BACKUP_20260122_005746/tools/validate/validate_repo.py,engineering/product/Releases/MicroHydroV1_Work/MasterIntegrated_Output/01_SharePoint_Libraries/MicroHydroV1 — SoT/MicroHydroV1/tools/validate/validate_repo.py
IT/System_of_Truth/MicroHydroV1 — SoT/MicroHydroV1/MANIFEST.json,engineering/product/Releases/MicroHydroV1_Work/MasterIntegrated_Output/01_SharePoint_Libraries/MicroHydroV1 — SoT/MicroHydroV1/MANIFEST.json
IT/System_of_Truth/MicroHydroV1 — SoT/MicroHydroV1/MicroHydroV1_Importer_RunID_Patch_v0.3.0/MANIFEST.json,engineering/product/Releases/MicroHydroV1_Work/MasterIntegrated_Output/01_SharePoint_Libraries/MicroHydroV1 — SoT/MicroHydroV1/MicroHydroV1_Importer_RunID_Patch_v0.3.0/MANIFEST.json
IT/System_of_Truth/MicroHydroV1 — SoT/MicroHydroV1/MicroHydroV1_Importer_RunID_Patch_v0.3.0/MicroHydroV1/automation/import_measurements.py,engineering/product/Releases/MicroHydroV1_Work/MasterIntegrated_Output/01_SharePoint_Libraries/MicroHydroV1 — SoT/MicroHydroV1/MicroHydroV1_Importer_RunID_Patch_v0.3.0/MicroHydroV1/automation/import_measurements.py
IT/System_of_Truth/MicroHydroV1 — SoT/MicroHydroV1/MicroHydroV1_Importer_RunID_Patch_v0.3.0/MicroHydroV1/docs/governance/README_Importer_RunID_Patch.md,engineering/product/Releases/MicroHydroV1_Work/MasterIntegrated_Output/01_SharePoint_Libraries/MicroHydroV1 — SoT/MicroHydroV1/MicroHydroV1_Importer_RunID_Patch_v0.3.0/MicroHydroV1/docs/governance/README_Importer_RunID_Patch.md
IT/System_of_Truth/MicroHydroV1 — SoT/MicroHydroV1/MicroHydroV1_RUN3_AutoFill_Evidence_PLUS_Workbook_v0.3.0/MANIFEST.json,engineering/product/Releases/MicroHydroV1_Work/MasterIntegrated_Output/01_SharePoint_Libraries/MicroHydroV1 — SoT/MicroHydroV1/MicroHydroV1_RUN3_AutoFill_Evidence_PLUS_Workbook_v0.3.0/MANIFEST.json
IT/System_of_Truth/MicroHydroV1 — SoT/MicroHydroV1/MicroHydroV1_RUN3_AutoFill_Evidence_PLUS_Workbook_v0.3.0/MicroHydroV1/docs/run3/README_AUTOFILL.md,engineering/product/Releases/MicroHydroV1_Work/MasterIntegrated_Output/01_SharePoint_Libraries/MicroHydroV1 — SoT/MicroHydroV1/MicroHydroV1_RUN3_AutoFill_Evidence_PLUS_Workbook_v0.3.0/MicroHydroV1/docs/run3/README_AUTOFILL.md
IT/System_of_Truth/MicroHydroV1 — SoT/MicroHydroV1/MicroHydroV1_RUN3_AutoFill_Evidence_PLUS_Workbook_v0.3.0/MicroHydroV1/docs/run3/RUN3_Evidence_Template.docx,engineering/product/Releases/MicroHydroV1_Work/MasterIntegrated_Output/01_SharePoint_Libraries/MicroHydroV1 — SoT/MicroHydroV1/MicroHydroV1_RUN3_AutoFill_Evidence_PLUS_Workbook_v0.3.0/MicroHydroV1/docs/run3/RUN3_Evidence_Template.docx
IT/System_of_Truth/MicroHydroV1 — SoT/MicroHydroV1/MicroHydroV1_RUN3_AutoFill_Evidence_PLUS_Workbook_v0.3.0/MicroHydroV1/tools/plots/plot_t002_psd_peakiness.py,engineering/product/Releases/MicroHydroV1_Work/MasterIntegrated_Output/01_SharePoint_Libraries/MicroHydroV1 — SoT/MicroHydroV1/MicroHydroV1_RUN3_AutoFill_Evidence_PLUS_Workbook_v0.3.0/MicroHydroV1/tools/plots/plot_t002_psd_peakiness.py
IT/System_of_Truth/MicroHydroV1 — SoT/MicroHydroV1/MicroHydroV1_RUN3_AutoFill_Evidence_PLUS_Workbook_v0.3.0/MicroHydroV1/tools/workflow/autofill_evidence_doc.py,engineering/product/Releases/MicroHydroV1_Work/MasterIntegrated_Output/01_SharePoint_Libraries/MicroHydroV1 — SoT/MicroHydroV1/MicroHydroV1_RUN3_AutoFill_Evidence_PLUS_Workbook_v0.3.0/MicroHydroV1/tools/workflow/autofill_evidence_doc.py
IT/System_of_Truth/MicroHydroV1 — SoT/MicroHydroV1/MicroHydroV1_RUN3_AutoFill_Evidence_RUNID_BASELINE_v0.3.0/MANIFEST.json,engineering/product/Releases/MicroHydroV1_Work/MasterIntegrated_Output/01_SharePoint_Libraries/MicroHydroV1 — SoT/MicroHydroV1/MicroHydroV1_RUN3_AutoFill_Evidence_RUNID_BASELINE_v0.3.0/MANIFEST.json
IT/System_of_Truth/MicroHydroV1 — SoT/MicroHydroV1/MicroHydroV1_RUN3_AutoFill_Evidence_RUNID_BASELINE_v0.3.0/MicroHydroV1/docs/run3/README_AUTOFILL.md,engineering/product/Releases/MicroHydroV1_Work/MasterIntegrated_Output/01_SharePoint_Libraries/MicroHydroV1 — SoT/MicroHydroV1/MicroHydroV1_RUN3_AutoFill_Evidence_RUNID_BASELINE_v0.3.0/MicroHydroV1/docs/run3/README_AUTOFILL.md
IT/System_of_Truth/MicroHydroV1 — SoT/MicroHydroV1/MicroHydroV1_RUN3_AutoFill_Evidence_RUNID_BASELINE_v0.3.0/MicroHydroV1/docs/run3/RUN3_Evidence_Template.docx,engineering/product/Releases/MicroHydroV1_Work/MasterIntegrated_Output/01_SharePoint_Libraries/MicroHydroV1 — SoT/MicroHydroV1/MicroHydroV1_RUN3_AutoFill_Evidence_PLUS_Workbook_v0.3.0/MicroHydroV1/docs/run3/RUN3_Evidence_Template.docx
IT/System_of_Truth/MicroHydroV1 — SoT/MicroHydroV1/MicroHydroV1_RUN3_AutoFill_Evidence_RUNID_BASELINE_v0.3.0/MicroHydroV1/tools/plots/plot_t002_psd_peakiness.py,engineering/product/Releases/MicroHydroV1_Work/MasterIntegrated_Output/01_SharePoint_Libraries/MicroHydroV1 — SoT/MicroHydroV1/MicroHydroV1_RUN3_AutoFill_Evidence_PLUS_Workbook_v0.3.0/MicroHydroV1/tools/plots/plot_t002_psd_peakiness.py
IT/System_of_Truth/MicroHydroV1 — SoT/MicroHydroV1/MicroHydroV1_RUN3_AutoFill_Evidence_RUNID_BASELINE_v0.3.0/MicroHydroV1/tools/workflow/autofill_evidence_doc.py,engineering/product/Releases/MicroHydroV1_Work/MasterIntegrated_Output/01_SharePoint_Libraries/MicroHydroV1 — SoT/MicroHydroV1/MicroHydroV1_RUN3_AutoFill_Evidence_RUNID_BASELINE_v0.3.0/MicroHydroV1/tools/workflow/autofill_evidence_doc.py
IT/System_of_Truth/MicroHydroV1 — SoT/MicroHydroV1/MicroHydroV1_RunID_Migrator_v0.3.0/MANIFEST.json,engineering/product/Releases/MicroHydroV1_Work/MasterIntegrated_Output/01_SharePoint_Libraries/MicroHydroV1 — SoT/MicroHydroV1/MicroHydroV1_RunID_Migrator_v0.3.0/MANIFEST.json
IT/System_of_Truth/MicroHydroV1 — SoT/MicroHydroV1/MicroHydroV1_RunID_Migrator_v0.3.0/MicroHydroV1/docs/governance/README_RunID_Migration.md,engineering/product/Releases/MicroHydroV1_Work/MasterIntegrated_Output/01_SharePoint_Libraries/MicroHydroV1 — SoT/MicroHydroV1/MicroHydroV1_RunID_Migrator_v0.3.0/MicroHydroV1/docs/governance/README_RunID_Migration.md
IT/System_of_Truth/MicroHydroV1 — SoT/MicroHydroV1/MicroHydroV1_RunID_Migrator_v0.3.0/MicroHydroV1/tools/workflow/migrate_add_run_id.py,engineering/product/Releases/MicroHydroV1_Work/MasterIntegrated_Output/01_SharePoint_Libraries/MicroHydroV1 — SoT/MicroHydroV1/MicroHydroV1_RunID_Migrator_v0.3.0/MicroHydroV1/tools/workflow/migrate_add_run_id.py
IT/System_of_Truth/MicroHydroV1 — SoT/MicroHydroV1/MicroHydroV1_SharePoint_Version_Control_Configuration_Guide_v1.0.docx,engineering/product/Releases/MicroHydroV1 — Releases/MicroHydroV1_SharePoint_Version_Control_Configuration_Guide_v1.0 (1).docx
IT/System_of_Truth/MicroHydroV1 — SoT/MicroHydroV1/README.md,engineering/product/Releases/MicroHydroV1_Work/MasterIntegrated_Output/01_SharePoint_Libraries/MicroHydroV1 — SoT/MicroHydroV1/README.md
IT/System_of_Truth/MicroHydroV1 — SoT/MicroHydroV1/automation/Import_Config.json,engineering/product/Releases/MicroHydroV1_Work/MasterIntegrated_Output/01_SharePoint_Libraries/MicroHydroV1 — SoT/MicroHydroV1/automation/Import_Config.json
IT/System_of_Truth/MicroHydroV1 — SoT/MicroHydroV1/cad/macros/01_Diffuser/build_diffuser.FCMacro,engineering/product/Releases/MicroHydroV1_Work/MasterIntegrated_Output/01_SharePoint_Libraries/MicroHydroV1 — SoT/MicroHydroV1/cad/macros/01_Diffuser/build_diffuser.FCMacro
IT/System_of_Truth/MicroHydroV1 — SoT/MicroHydroV1/cad/macros/02_Nozzle/build_nozzle.FCMacro,engineering/product/Releases/MicroHydroV1_Work/MasterIntegrated_Output/01_SharePoint_Libraries/MicroHydroV1 — SoT/MicroHydroV1/cad/macros/02_Nozzle/build_nozzle.FCMacro
IT/System_of_Truth/MicroHydroV1 — SoT/MicroHydroV1/cad/macros/03_VanePacks/build_vanepacks.FCMacro,engineering/product/Releases/MicroHydroV1_Work/MasterIntegrated_Output/01_SharePoint_Libraries/MicroHydroV1 — SoT/MicroHydroV1/cad/macros/03_VanePacks/build_vanepacks.FCMacro
IT/System_of_Truth/MicroHydroV1 — SoT/MicroHydroV1/cad/macros/04_Retainer/build_retainer.FCMacro,engineering/product/Releases/MicroHydroV1_Work/MasterIntegrated_Output/01_SharePoint_Libraries/MicroHydroV1 — SoT/MicroHydroV1/cad/macros/04_Retainer/build_retainer.FCMacro
IT/System_of_Truth/MicroHydroV1 — SoT/MicroHydroV1/cad/macros/Assembly/build_assembly.FCMacro,engineering/product/Releases/MicroHydroV1_Work/MasterIntegrated_Output/01_SharePoint_Libraries/MicroHydroV1 — SoT/MicroHydroV1/cad/macros/Assembly/build_assembly.FCMacro
IT/System_of_Truth/MicroHydroV1 — SoT/MicroHydroV1/cad/macros/README.txt,engineering/product/Releases/MicroHydroV1_Work/MasterIntegrated_Output/01_SharePoint_Libraries/MicroHydroV1 — SoT/MicroHydroV1/cad/macros/README.txt
IT/System_of_Truth/MicroHydroV1 — SoT/MicroHydroV1/cad/macros/build_all.FCMacro,engineering/product/Releases/MicroHydroV1_Work/MasterIntegrated_Output/01_SharePoint_Libraries/MicroHydroV1 — SoT/MicroHydroV1/cad/macros/build_all.FCMacro
IT/System_of_Truth/MicroHydroV1 — SoT/MicroHydroV1/cad/macros/params.json,engineering/product/Releases/MicroHydroV1_Work/MasterIntegrated_Output/01_SharePoint_Libraries/MicroHydroV1 — SoT/MicroHydroV1/cad/macros/params.json
IT/System_of_Truth/MicroHydroV1 — SoT/MicroHydroV1/cad/macros/scripts/export_batch.FCMacro,engineering/product/Releases/MicroHydroV1_Work/MasterIntegrated_Output/01_SharePoint_Libraries/MicroHydroV1 — SoT/MicroHydroV1/cad/macros/scripts/export_batch.FCMacro
IT/System_of_Truth/MicroHydroV1 — SoT/MicroHydroV1/cad/params/params.json,engineering/product/Releases/MicroHydroV1_Work/MasterIntegrated_Output/01_SharePoint_Libraries/MicroHydroV1 — SoT/MicroHydroV1/cad/params/params.json
IT/System_of_Truth/MicroHydroV1 — SoT/MicroHydroV1/docs/Jet_Coherence_Procedure.docx,engineering/product/Releases/MicroHydroV1_Work/MasterIntegrated_Output/01_SharePoint_Libraries/MicroHydroV1 — SoT/MicroHydroV1/docs/Jet_Coherence_Procedure.docx
IT/System_of_Truth/MicroHydroV1 — SoT/MicroHydroV1/docs/Master_Index.docx,engineering/product/Releases/MicroHydroV1_Work/MasterIntegrated_Output/01_SharePoint_Libraries/MicroHydroV1 — SoT/MicroHydroV1/docs/Master_Index.docx
IT/System_of_Truth/MicroHydroV1 — SoT/MicroHydroV1/docs/PASS_A_FULL_RevA.docx,engineering/product/Releases/MicroHydroV1_Work/MasterIntegrated_Output/01_SharePoint_Libraries/MicroHydroV1 — SoT/MicroHydroV1/docs/PASS_A_FULL_RevA.docx
IT/System_of_Truth/MicroHydroV1 — SoT/MicroHydroV1/docs/Run_of_Show_Checklist.docx,engineering/product/Releases/MicroHydroV1_Work/MasterIntegrated_Output/01_SharePoint_Libraries/MicroHydroV1 — SoT/MicroHydroV1/docs/Run_of_Show_Checklist.docx
IT/System_of_Truth/MicroHydroV1 — SoT/MicroHydroV1/docs/Tank_Ripple_Procedure.docx,engineering/product/Releases/MicroHydroV1_Work/MasterIntegrated_Output/01_SharePoint_Libraries/MicroHydroV1 — SoT/MicroHydroV1/docs/Tank_Ripple_Procedure.docx
IT/System_of_Truth/MicroHydroV1 — SoT/MicroHydroV1/docs/Test_Campaign_Plan.docx,engineering/product/Releases/MicroHydroV1_Work/MasterIntegrated_Output/01_SharePoint_Libraries/MicroHydroV1 — SoT/MicroHydroV1/docs/Test_Campaign_Plan.docx
IT/System_of_Truth/MicroHydroV1 — SoT/MicroHydroV1/docs/architecture_diagram.png,engineering/product/Releases/MicroHydroV1_Work/MasterIntegrated_Output/01_SharePoint_Libraries/MicroHydroV1 — SoT/MicroHydroV1/docs/architecture_diagram.png
IT/System_of_Truth/MicroHydroV1 — SoT/MicroHydroV1/tools/optimize/opt_config.json,engineering/product/Releases/MicroHydroV1_Work/MasterIntegrated_Output/01_SharePoint_Libraries/MicroHydroV1 — SoT/MicroHydroV1/tools/optimize/opt_config.json
IT/System_of_Truth/MicroHydroV1 — SoT/MicroHydroV1/tools/optimize/optimize_params.py,engineering/product/Releases/MicroHydroV1_Work/MasterIntegrated_Output/01_SharePoint_Libraries/MicroHydroV1 — SoT/MicroHydroV1/tools/optimize/optimize_params.py
IT/System_of_Truth/MicroHydroV1 — SoT/MicroHydroV1/tools/release/make_release.py,engineering/product/Releases/MicroHydroV1_Work/MasterIntegrated_Output/01_SharePoint_Libraries/MicroHydroV1 — SoT/MicroHydroV1/tools/release/make_release.py
IT/System_of_Truth/MicroHydroV1 — SoT/MicroHydroV1/tools/run_pipeline.py,engineering/product/Releases/MicroHydroV1_Work/MasterIntegrated_Output/01_SharePoint_Libraries/MicroHydroV1 — SoT/MicroHydroV1/tools/run_pipeline.py
IT/System_of_Truth/MicroHydroV1 — SoT/MicroHydroV1/tools/validate/validate_repo.py,engineering/product/Releases/MicroHydroV1_Work/MasterIntegrated_Output/01_SharePoint_Libraries/MicroHydroV1 — SoT/MicroHydroV1/tools/validate/validate_repo.py
IT/System_of_Truth/MicroHydroV1 — SoT/MicroHydroV1_BACKUP_20260122_005746/MANIFEST.json,engineering/product/Releases/MicroHydroV1_Work/MasterIntegrated_Output/01_SharePoint_Libraries/MicroHydroV1 — SoT/MicroHydroV1/MANIFEST.json
IT/System_of_Truth/MicroHydroV1 — SoT/MicroHydroV1_BACKUP_20260122_005746/MicroHydroV1_Importer_RunID_Patch_v0.3.0/MANIFEST.json,engineering/product/Releases/MicroHydroV1_Work/MasterIntegrated_Output/01_SharePoint_Libraries/MicroHydroV1 — SoT/MicroHydroV1/MicroHydroV1_Importer_RunID_Patch_v0.3.0/MANIFEST.json
IT/System_of_Truth/MicroHydroV1 — SoT/MicroHydroV1_BACKUP_20260122_005746/MicroHydroV1_Importer_RunID_Patch_v0.3.0/MicroHydroV1/automation/import_measurements.py,engineering/product/Releases/MicroHydroV1_Work/MasterIntegrated_Output/01_SharePoint_Libraries/MicroHydroV1 — SoT/MicroHydroV1/MicroHydroV1_Importer_RunID_Patch_v0.3.0/MicroHydroV1/automation/import_measurements.py
IT/System_of_Truth/MicroHydroV1 — SoT/MicroHydroV1_BACKUP_20260122_005746/MicroHydroV1_Importer_RunID_Patch_v0.3.0/MicroHydroV1/docs/governance/README_Importer_RunID_Patch.md,engineering/product/Releases/MicroHydroV1_Work/MasterIntegrated_Output/01_SharePoint_Libraries/MicroHydroV1 — SoT/MicroHydroV1/MicroHydroV1_Importer_RunID_Patch_v0.3.0/MicroHydroV1/docs/governance/README_Importer_RunID_Patch.md
IT/System_of_Truth/MicroHydroV1 — SoT/MicroHydroV1_BACKUP_20260122_005746/MicroHydroV1_RUN3_AutoFill_Evidence_PLUS_Workbook_v0.3.0/MANIFEST.json,engineering/product/Releases/MicroHydroV1_Work/MasterIntegrated_Output/01_SharePoint_Libraries/MicroHydroV1 — SoT/MicroHydroV1/MicroHydroV1_RUN3_AutoFill_Evidence_PLUS_Workbook_v0.3.0/MANIFEST.json
IT/System_of_Truth/MicroHydroV1 — SoT/MicroHydroV1_BACKUP_20260122_005746/MicroHydroV1_RUN3_AutoFill_Evidence_PLUS_Workbook_v0.3.0/MicroHydroV1/docs/run3/README_AUTOFILL.md,engineering/product/Releases/MicroHydroV1_Work/MasterIntegrated_Output/01_SharePoint_Libraries/MicroHydroV1 — SoT/MicroHydroV1/MicroHydroV1_RUN3_AutoFill_Evidence_PLUS_Workbook_v0.3.0/MicroHydroV1/docs/run3/README_AUTOFILL.md
IT/System_of_Truth/MicroHydroV1 — SoT/MicroHydroV1_BACKUP_20260122_005746/MicroHydroV1_RUN3_AutoFill_Evidence_PLUS_Workbook_v0.3.0/MicroHydroV1/docs/run3/RUN3_Evidence_Template.docx,engineering/product/Releases/MicroHydroV1_Work/MasterIntegrated_Output/01_SharePoint_Libraries/MicroHydroV1 — SoT/MicroHydroV1/MicroHydroV1_RUN3_AutoFill_Evidence_PLUS_Workbook_v0.3.0/MicroHydroV1/docs/run3/RUN3_Evidence_Template.docx
IT/System_of_Truth/MicroHydroV1 — SoT/MicroHydroV1_BACKUP_20260122_005746/MicroHydroV1_RUN3_AutoFill_Evidence_PLUS_Workbook_v0.3.0/MicroHydroV1/tools/plots/plot_t002_psd_peakiness.py,engineering/product/Releases/MicroHydroV1_Work/MasterIntegrated_Output/01_SharePoint_Libraries/MicroHydroV1 — SoT/MicroHydroV1/MicroHydroV1_RUN3_AutoFill_Evidence_PLUS_Workbook_v0.3.0/MicroHydroV1/tools/plots/plot_t002_psd_peakiness.py
IT/System_of_Truth/MicroHydroV1 — SoT/MicroHydroV1_BACKUP_20260122_005746/MicroHydroV1_RUN3_AutoFill_Evidence_PLUS_Workbook_v0.3.0/MicroHydroV1/tools/workflow/autofill_evidence_doc.py,engineering/product/Releases/MicroHydroV1_Work/MasterIntegrated_Output/01_SharePoint_Libraries/MicroHydroV1 — SoT/MicroHydroV1/MicroHydroV1_RUN3_AutoFill_Evidence_PLUS_Workbook_v0.3.0/MicroHydroV1/tools/workflow/autofill_evidence_doc.py
IT/System_of_Truth/MicroHydroV1 — SoT/MicroHydroV1_BACKUP_20260122_005746/MicroHydroV1_RUN3_AutoFill_Evidence_RUNID_BASELINE_v0.3.0/MANIFEST.json,engineering/product/Releases/MicroHydroV1_Work/MasterIntegrated_Output/01_SharePoint_Libraries/MicroHydroV1 — SoT/MicroHydroV1/MicroHydroV1_RUN3_AutoFill_Evidence_RUNID_BASELINE_v0.3.0/MANIFEST.json
IT/System_of_Truth/MicroHydroV1 — SoT/MicroHydroV1_BACKUP_20260122_005746/MicroHydroV1_RUN3_AutoFill_Evidence_RUNID_BASELINE_v0.3.0/MicroHydroV1/docs/run3/README_AUTOFILL.md,engineering/product/Releases/MicroHydroV1_Work/MasterIntegrated_Output/01_SharePoint_Libraries/MicroHydroV1 — SoT/MicroHydroV1/MicroHydroV1_RUN3_AutoFill_Evidence_RUNID_BASELINE_v0.3.0/MicroHydroV1/docs/run3/README_AUTOFILL.md
IT/System_of_Truth/MicroHydroV1 — SoT/MicroHydroV1_BACKUP_20260122_005746/MicroHydroV1_RUN3_AutoFill_Evidence_RUNID_BASELINE_v0.3.0/MicroHydroV1/docs/run3/RUN3_Evidence_Template.docx,engineering/product/Releases/MicroHydroV1_Work/MasterIntegrated_Output/01_SharePoint_Libraries/MicroHydroV1 — SoT/MicroHydroV1/MicroHydroV1_RUN3_AutoFill_Evidence_PLUS_Workbook_v0.3.0/MicroHydroV1/docs/run3/RUN3_Evidence_Template.docx
IT/System_of_Truth/MicroHydroV1 — SoT/MicroHydroV1_BACKUP_20260122_005746/MicroHydroV1_RUN3_AutoFill_Evidence_RUNID_BASELINE_v0.3.0/MicroHydroV1/tools/plots/plot_t002_psd_peakiness.py,engineering/product/Releases/MicroHydroV1_Work/MasterIntegrated_Output/01_SharePoint_Libraries/MicroHydroV1 — SoT/MicroHydroV1/MicroHydroV1_RUN3_AutoFill_Evidence_PLUS_Workbook_v0.3.0/MicroHydroV1/tools/plots/plot_t002_psd_peakiness.py
IT/System_of_Truth/MicroHydroV1 — SoT/MicroHydroV1_BACKUP_20260122_005746/MicroHydroV1_RUN3_AutoFill_Evidence_RUNID_BASELINE_v0.3.0/MicroHydroV1/tools/workflow/autofill_evidence_doc.py,engineering/product/Releases/MicroHydroV1_Work/MasterIntegrated_Output/01_SharePoint_Libraries/MicroHydroV1 — SoT/MicroHydroV1/MicroHydroV1_RUN3_AutoFill_Evidence_RUNID_BASELINE_v0.3.0/MicroHydroV1/tools/workflow/autofill_evidence_doc.py
IT/System_of_Truth/MicroHydroV1 — SoT/MicroHydroV1_BACKUP_20260122_005746/MicroHydroV1_RunID_Migrator_v0.3.0/MANIFEST.json,engineering/product/Releases/MicroHydroV1_Work/MasterIntegrated_Output/01_SharePoint_Libraries/MicroHydroV1 — SoT/MicroHydroV1/MicroHydroV1_RunID_Migrator_v0.3.0/MANIFEST.json
IT/System_of_Truth/MicroHydroV1 — SoT/MicroHydroV1_BACKUP_20260122_005746/MicroHydroV1_RunID_Migrator_v0.3.0/MicroHydroV1/docs/governance/README_RunID_Migration.md,engineering/product/Releases/MicroHydroV1_Work/MasterIntegrated_Output/01_SharePoint_Libraries/MicroHydroV1 — SoT/MicroHydroV1/MicroHydroV1_RunID_Migrator_v0.3.0/MicroHydroV1/docs/governance/README_RunID_Migration.md
IT/System_of_Truth/MicroHydroV1 — SoT/MicroHydroV1_BACKUP_20260122_005746/MicroHydroV1_RunID_Migrator_v0.3.0/MicroHydroV1/tools/workflow/migrate_add_run_id.py,engineering/product/Releases/MicroHydroV1_Work/MasterIntegrated_Output/01_SharePoint_Libraries/MicroHydroV1 — SoT/MicroHydroV1/MicroHydroV1_RunID_Migrator_v0.3.0/MicroHydroV1/tools/workflow/migrate_add_run_id.py
IT/System_of_Truth/MicroHydroV1 — SoT/MicroHydroV1_BACKUP_20260122_005746/MicroHydroV1_SharePoint_Version_Control_Configuration_Guide_v1.0.docx,engineering/product/Releases/MicroHydroV1 — Releases/MicroHydroV1_SharePoint_Version_Control_Configuration_Guide_v1.0 (1).docx
IT/System_of_Truth/MicroHydroV1 — SoT/MicroHydroV1_BACKUP_20260122_005746/README.md,engineering/product/Releases/MicroHydroV1_Work/MasterIntegrated_Output/01_SharePoint_Libraries/MicroHydroV1 — SoT/MicroHydroV1/README.md
IT/System_of_Truth/MicroHydroV1 — SoT/MicroHydroV1_BACKUP_20260122_005746/automation/Import_Config.json,engineering/product/Releases/MicroHydroV1_Work/MasterIntegrated_Output/01_SharePoint_Libraries/MicroHydroV1 — SoT/MicroHydroV1/automation/Import_Config.json
IT/System_of_Truth/MicroHydroV1 — SoT/MicroHydroV1_BACKUP_20260122_005746/cad/macros/01_Diffuser/build_diffuser.FCMacro,engineering/product/Releases/MicroHydroV1_Work/MasterIntegrated_Output/01_SharePoint_Libraries/MicroHydroV1 — SoT/MicroHydroV1/cad/macros/01_Diffuser/build_diffuser.FCMacro
IT/System_of_Truth/MicroHydroV1 — SoT/MicroHydroV1_BACKUP_20260122_005746/cad/macros/02_Nozzle/build_nozzle.FCMacro,engineering/product/Releases/MicroHydroV1_Work/MasterIntegrated_Output/01_SharePoint_Libraries/MicroHydroV1 — SoT/MicroHydroV1/cad/macros/02_Nozzle/build_nozzle.FCMacro
IT/System_of_Truth/MicroHydroV1 — SoT/MicroHydroV1_BACKUP_20260122_005746/cad/macros/03_VanePacks/build_vanepacks.FCMacro,engineering/product/Releases/MicroHydroV1_Work/MasterIntegrated_Output/01_SharePoint_Libraries/MicroHydroV1 — SoT/MicroHydroV1/cad/macros/03_VanePacks/build_vanepacks.FCMacro
IT/System_of_Truth/MicroHydroV1 — SoT/MicroHydroV1_BACKUP_20260122_005746/cad/macros/04_Retainer/build_retainer.FCMacro,engineering/product/Releases/MicroHydroV1_Work/MasterIntegrated_Output/01_SharePoint_Libraries/MicroHydroV1 — SoT/MicroHydroV1/cad/macros/04_Retainer/build_retainer.FCMacro
IT/System_of_Truth/MicroHydroV1 — SoT/MicroHydroV1_BACKUP_20260122_005746/cad/macros/Assembly/build_assembly.FCMacro,engineering/product/Releases/MicroHydroV1_Work/MasterIntegrated_Output/01_SharePoint_Libraries/MicroHydroV1 — SoT/MicroHydroV1/cad/macros/Assembly/build_assembly.FCMacro
IT/System_of_Truth/MicroHydroV1 — SoT/MicroHydroV1_BACKUP_20260122_005746/cad/macros/README.txt,engineering/product/Releases/MicroHydroV1_Work/MasterIntegrated_Output/01_SharePoint_Libraries/MicroHydroV1 — SoT/MicroHydroV1/cad/macros/README.txt
IT/System_of_Truth/MicroHydroV1 — SoT/MicroHydroV1_BACKUP_20260122_005746/cad/macros/build_all.FCMacro,engineering/product/Releases/MicroHydroV1_Work/MasterIntegrated_Output/01_SharePoint_Libraries/MicroHydroV1 — SoT/MicroHydroV1/cad/macros/build_all.FCMacro
IT/System_of_Truth/MicroHydroV1 — SoT/MicroHydroV1_BACKUP_20260122_005746/cad/macros/params.json,engineering/product/Releases/MicroHydroV1_Work/MasterIntegrated_Output/01_SharePoint_Libraries/MicroHydroV1 — SoT/MicroHydroV1/cad/macros/params.json
IT/System_of_Truth/MicroHydroV1 — SoT/MicroHydroV1_BACKUP_20260122_005746/cad/macros/scripts/export_batch.FCMacro,engineering/product/Releases/MicroHydroV1_Work/MasterIntegrated_Output/01_SharePoint_Libraries/MicroHydroV1 — SoT/MicroHydroV1/cad/macros/scripts/export_batch.FCMacro
IT/System_of_Truth/MicroHydroV1 — SoT/MicroHydroV1_BACKUP_20260122_005746/cad/params/params.json,engineering/product/Releases/MicroHydroV1_Work/MasterIntegrated_Output/01_SharePoint_Libraries/MicroHydroV1 — SoT/MicroHydroV1/cad/params/params.json
IT/System_of_Truth/MicroHydroV1 — SoT/MicroHydroV1_BACKUP_20260122_005746/docs/Jet_Coherence_Procedure.docx,engineering/product/Releases/MicroHydroV1_Work/MasterIntegrated_Output/01_SharePoint_Libraries/MicroHydroV1 — SoT/MicroHydroV1/docs/Jet_Coherence_Procedure.docx
IT/System_of_Truth/MicroHydroV1 — SoT/MicroHydroV1_BACKUP_20260122_005746/docs/Master_Index.docx,engineering/product/Releases/MicroHydroV1_Work/MasterIntegrated_Output/01_SharePoint_Libraries/MicroHydroV1 — SoT/MicroHydroV1/docs/Master_Index.docx
IT/System_of_Truth/MicroHydroV1 — SoT/MicroHydroV1_BACKUP_20260122_005746/docs/PASS_A_FULL_RevA.docx,engineering/product/Releases/MicroHydroV1_Work/MasterIntegrated_Output/01_SharePoint_Libraries/MicroHydroV1 — SoT/MicroHydroV1/docs/PASS_A_FULL_RevA.docx
IT/System_of_Truth/MicroHydroV1 — SoT/MicroHydroV1_BACKUP_20260122_005746/docs/Run_of_Show_Checklist.docx,engineering/product/Releases/MicroHydroV1_Work/MasterIntegrated_Output/01_SharePoint_Libraries/MicroHydroV1 — SoT/MicroHydroV1/docs/Run_of_Show_Checklist.docx
IT/System_of_Truth/MicroHydroV1 — SoT/MicroHydroV1_BACKUP_20260122_005746/docs/Tank_Ripple_Procedure.docx,engineering/product/Releases/MicroHydroV1_Work/MasterIntegrated_Output/01_SharePoint_Libraries/MicroHydroV1 — SoT/MicroHydroV1/docs/Tank_Ripple_Procedure.docx
IT/System_of_Truth/MicroHydroV1 — SoT/MicroHydroV1_BACKUP_20260122_005746/docs/Test_Campaign_Plan.docx,engineering/product/Releases/MicroHydroV1_Work/MasterIntegrated_Output/01_SharePoint_Libraries/MicroHydroV1 — SoT/MicroHydroV1/docs/Test_Campaign_Plan.docx
IT/System_of_Truth/MicroHydroV1 — SoT/MicroHydroV1_BACKUP_20260122_005746/docs/architecture_diagram.png,engineering/product/Releases/MicroHydroV1_Work/MasterIntegrated_Output/01_SharePoint_Libraries/MicroHydroV1 — SoT/MicroHydroV1/docs/architecture_diagram.png
IT/System_of_Truth/MicroHydroV1 — SoT/MicroHydroV1_BACKUP_20260122_005746/tools/optimize/opt_config.json,engineering/product/Releases/MicroHydroV1_Work/MasterIntegrated_Output/01_SharePoint_Libraries/MicroHydroV1 — SoT/MicroHydroV1/tools/optimize/opt_config.json
IT/System_of_Truth/MicroHydroV1 — SoT/MicroHydroV1_BACKUP_20260122_005746/tools/optimize/optimize_params.py,engineering/product/Releases/MicroHydroV1_Work/MasterIntegrated_Output/01_SharePoint_Libraries/MicroHydroV1 — SoT/MicroHydroV1/tools/optimize/optimize_params.py
IT/System_of_Truth/MicroHydroV1 — SoT/MicroHydroV1_BACKUP_20260122_005746/tools/release/make_release.py,engineering/product/Releases/MicroHydroV1_Work/MasterIntegrated_Output/01_SharePoint_Libraries/MicroHydroV1 — SoT/MicroHydroV1/tools/release/make_release.py
IT/System_of_Truth/MicroHydroV1 — SoT/MicroHydroV1_BACKUP_20260122_005746/tools/run_pipeline.py,engineering/product/Releases/MicroHydroV1_Work/MasterIntegrated_Output/01_SharePoint_Libraries/MicroHydroV1 — SoT/MicroHydroV1/tools/run_pipeline.py
IT/System_of_Truth/MicroHydroV1 — SoT/MicroHydroV1_BACKUP_20260122_005746/tools/validate/validate_repo.py,engineering/product/Releases/MicroHydroV1_Work/MasterIntegrated_Output/01_SharePoint_Libraries/MicroHydroV1 — SoT/MicroHydroV1/tools/validate/validate_repo.py
Engineering/CAD/MicroHydroV1_CAD Archive/MicroHydroV1_CAD/01_Diffuser/build_diffuser.FCMacro old.FCMacro,engineering/product/Releases/MicroHydroV1_Work/MasterIntegrated_Output/01_SharePoint_Libraries/MicroHydroV1 — SoT/MicroHydroV1/cad/macros/01_Diffuser/build_diffuser.FCMacro
Engineering/CAD/MicroHydroV1_CAD Archive/MicroHydroV1_CAD/02_Nozzle/build_nozzle.FCMacro,engineering/product/Releases/MicroHydroV1_Work/MasterIntegrated_Output/01_SharePoint_Libraries/MicroHydroV1 — SoT/MicroHydroV1/cad/macros/02_Nozzle/build_nozzle.FCMacro
Engineering/CAD/MicroHydroV1_CAD Archive/MicroHydroV1_CAD/03_VanePacks/build_vanepacks.FCMacro,engineering/product/Releases/MicroHydroV1_Work/MasterIntegrated_Output/01_SharePoint_Libraries/MicroHydroV1 — SoT/MicroHydroV1/cad/macros/03_VanePacks/build_vanepacks.FCMacro
Engineering/CAD/MicroHydroV1_CAD Archive/MicroHydroV1_CAD/04_Retainer/build_retainer.FCMacro,engineering/product/Releases/MicroHydroV1_Work/MasterIntegrated_Output/01_SharePoint_Libraries/MicroHydroV1 — SoT/MicroHydroV1/cad/macros/04_Retainer/build_retainer.FCMacro
Engineering/CAD/MicroHydroV1_CAD Archive/MicroHydroV1_CAD/Assembly/build_assembly.FCMacro,engineering/product/Releases/MicroHydroV1_Work/MasterIntegrated_Output/01_SharePoint_Libraries/MicroHydroV1 — SoT/MicroHydroV1/cad/macros/Assembly/build_assembly.FCMacro
Engineering/CAD/MicroHydroV1_CAD Archive/MicroHydroV1_CAD/README.txt,engineering/product/Releases/MicroHydroV1_Work/MasterIntegrated_Output/01_SharePoint_Libraries/MicroHydroV1 — SoT/MicroHydroV1/cad/macros/README.txt
Engineering/CAD/MicroHydroV1_CAD Archive/MicroHydroV1_CAD/scripts/export_batch.FCMacro,engineering/product/Releases/MicroHydroV1_Work/MasterIntegrated_Output/01_SharePoint_Libraries/MicroHydroV1 — SoT/MicroHydroV1/cad/macros/scripts/export_batch.FCMacro
Engineering/CAD/MicroHydroV1_CAD Archive/MicroHydroV1_CAD (1)old/MacroSuiteFull/01_Diffuser/build_diffuser.FCMacro,engineering/cad/MicroHydroV1_CAD Archive/MicroHydroV1_CAD (1)old/01_Diffuser/build_diffuser.FCMacro
Engineering/CAD/MicroHydroV1_CAD Archive/MicroHydroV1_CAD (1)old/MacroSuiteFull/02_Nozzle/build_nozzle.FCMacro,engineering/cad/MicroHydroV1_CAD Archive/MicroHydroV1_CAD (1)old/02_Nozzle/build_nozzle.FCMacro
Engineering/CAD/MicroHydroV1_CAD Archive/MicroHydroV1_CAD (1)old/MacroSuiteFull/03_VanePacks/build_vanepacks.FCMacro,engineering/cad/MicroHydroV1_CAD Archive/MicroHydroV1_CAD (1)old/03_VanePacks/build_vanepacks.FCMacro
Engineering/CAD/MicroHydroV1_CAD Archive/MicroHydroV1_CAD (1)old/MacroSuiteFull/04_Retainer/build_retainer.FCMacro,engineering/cad/MicroHydroV1_CAD Archive/MicroHydroV1_CAD (1)old/04_Retainer/build_retainer.FCMacro
Engineering/CAD/MicroHydroV1_CAD Archive/MicroHydroV1_CAD (1)old/MacroSuiteFull/Assembly/build_assembly.FCMacro,engineering/cad/MicroHydroV1_CAD Archive/MicroHydroV1_CAD (1)old/Assembly/build_assembly.FCMacro
Engineering/CAD/MicroHydroV1_CAD Archive/MicroHydroV1_CAD (1)old/micro-hydro-power-plant-2-6838e6ab48ac8c825e45ce5a.html,engineering/cad/MicroHydroV1_CAD Archive/MicroHydroV1_CAD (1)old/build_all.FCMacro.html
Engineering/CAD/MicroHydroV1_CAD Archive/MicroHydroV1_CAD (1)old/params.json,engineering/cad/MicroHydroV1_CAD Archive/MicroHydroV1_CAD (1)old/MacroSuiteFull/params.json
Engineering/CAD/MicroHydroV1_CAD Archive/MicroHydroV1_CAD_FIXED/01_Diffuser/build_diffuser.FCMacro,engineering/product/Releases/MicroHydroV1_Work/MasterIntegrated_Output/01_SharePoint_Libraries/MicroHydroV1 — SoT/MicroHydroV1/cad/macros/01_Diffuser/build_diffuser.FCMacro
Engineering/CAD/MicroHydroV1_CAD Archive/MicroHydroV1_CAD_FIXED/02_Nozzle/build_nozzle.FCMacro,engineering/product/Releases/MicroHydroV1_Work/MasterIntegrated_Output/01_SharePoint_Libraries/MicroHydroV1 — SoT/MicroHydroV1/cad/macros/02_Nozzle/build_nozzle.FCMacro
Engineering/CAD/MicroHydroV1_CAD Archive/MicroHydroV1_CAD_FIXED/03_VanePacks/build_vanepacks.FCMacro,engineering/product/Releases/MicroHydroV1_Work/MasterIntegrated_Output/01_SharePoint_Libraries/MicroHydroV1 — SoT/MicroHydroV1/cad/macros/03_VanePacks/build_vanepacks.FCMacro
Engineering/CAD/MicroHydroV1_CAD Archive/MicroHydroV1_CAD_FIXED/04_Retainer/build_retainer.FCMacro,engineering/product/Releases/MicroHydroV1_Work/MasterIntegrated_Output/01_SharePoint_Libraries/MicroHydroV1 — SoT/MicroHydroV1/cad/macros/04_Retainer/build_retainer.FCMacro
Engineering/CAD/MicroHydroV1_CAD Archive/MicroHydroV1_CAD_FIXED/Assembly/build_assembly.FCMacro,engineering/product/Releases/MicroHydroV1_Work/MasterIntegrated_Output/01_SharePoint_Libraries/MicroHydroV1 — SoT/MicroHydroV1/cad/macros/Assembly/build_assembly.FCMacro
Engineering/CAD/MicroHydroV1_CAD Archive/MicroHydroV1_CAD_FIXED/README.txt,engineering/product/Releases/MicroHydroV1_Work/MasterIntegrated_Output/01_SharePoint_Libraries/MicroHydroV1 — SoT/MicroHydroV1/cad/macros/README.txt
Engineering/CAD/MicroHydroV1_CAD Archive/MicroHydroV1_CAD_FIXED/params.json,engineering/product/Releases/MicroHydroV1_Work/MasterIntegrated_Output/01_SharePoint_Libraries/MicroHydroV1 — SoT/MicroHydroV1/cad/macros/params.json
Engineering/CAD/MicroHydroV1_CAD Archive/MicroHydroV1_CAD_FIXED/scripts/export_batch.FCMacro,engineering/product/Releases/MicroHydroV1_Work/MasterIntegrated_Output/01_SharePoint_Libraries/MicroHydroV1 — SoT/MicroHydroV1/cad/macros/scripts/export_batch.FCMacro
Engineering/CAD/MicroHydroV1_CAD Archive/MicroHydroV1_FULL_Workspace/Automation/MicroHydroV1_RnD_Export.xlsx,engineering/microhydro-v1-sot/MicroHydroV1/automation/MicroHydroV1_RnD_Export.xlsx
Engineering/CAD/MicroHydroV1_CAD Archive/MicroHydroV1_FULL_Workspace/CAD/Params/params.json,engineering/product/Reference_Models/MicroHydroV1_Shapr3D_ReferenceModel/params.json
Engineering/CAD/MicroHydroV1_CAD Archive/MicroHydroV1_FULL_Workspace/Tests/Data/Imported/T001_JetCoherence_Run1.csv,engineering/microhydro-v1-sot/MicroHydroV1/tests/raw/2026-01-22_Run1_JetCoherence/T001_JetCoherence_Run1.csv
Engineering/CAD/MicroHydroV1_CAD Archive/MicroHydroV1_FULL_Workspace/Tests/Data/Imported/T002_TankRipple_Run1.csv,engineering/microhydro-v1-sot/MicroHydroV1/tests/raw/2026-01-22_Run1_TankRipple/T002_TankRipple_Run1.csv
Engineering/CAD/MicroHydroV1_CAD Archive/MicroHydroV1_FULL_Workspace/Tests/Data/Imported/T003_ELCStability_Run1.csv,engineering/microhydro-v1-sot/MicroHydroV1/tests/raw/2026-01-22_Run1_ELCStability/T003_ELCStability_Run1.csv
Engineering/CAD/MicroHydroV1_CAD Archive/MicroHydroV1_FULL_Workspace/Tests/Data/Imported/T004_Power_Run1.csv,engineering/microhydro-v1-sot/MicroHydroV1/tests/raw/2026-01-22_Run1_Power/T004_Power_Run1.csv
Engineering/CAD/MicroHydroV1_CAD Archive/MicroHydroV1_RnD_Export.xlsx,engineering/microhydro-v1-sot/MicroHydroV1/automation/MicroHydroV1_RnD_Export.xlsx
Engineering/CAD/MicroHydroV1_CAD Archive/MicroHydroV1_RnD_FullUpgrade.xlsx,engineering/cad/MicroHydroV1_CAD Archive/MicroHydroV1_CAD/MicroHydroV1_RnD_FullUpgrade.xlsx
Engineering/CAD/MicroHydroV1_Shapr3D_ReferenceModel/DXF/Diffuser_Profile_Revolve.dxf,engineering/product/Reference_Models/MicroHydroV1_Shapr3D_ReferenceModel/DXF/Diffuser_Profile_Revolve.dxf
Engineering/CAD/MicroHydroV1_Shapr3D_ReferenceModel/DXF/Nozzle_Profile_Revolve.dxf,engineering/product/Reference_Models/MicroHydroV1_Shapr3D_ReferenceModel/DXF/Nozzle_Profile_Revolve.dxf
Engineering/CAD/MicroHydroV1_Shapr3D_ReferenceModel/DXF/RetainerCap_Sketch.dxf,engineering/product/Reference_Models/MicroHydroV1_Shapr3D_ReferenceModel/DXF/RetainerCap_Sketch.dxf
Engineering/CAD/MicroHydroV1_Shapr3D_ReferenceModel/DXF/VanePack_Sketch_10deg.dxf,engineering/product/Reference_Models/MicroHydroV1_Shapr3D_ReferenceModel/DXF/VanePack_Sketch_10deg.dxf
Engineering/CAD/MicroHydroV1_Shapr3D_ReferenceModel/DXF/VanePack_Sketch_20deg.dxf,engineering/product/Reference_Models/MicroHydroV1_Shapr3D_ReferenceModel/DXF/VanePack_Sketch_20deg.dxf
Engineering/CAD/MicroHydroV1_Shapr3D_ReferenceModel/DXF/VanePack_Sketch_30deg.dxf,engineering/product/Reference_Models/MicroHydroV1_Shapr3D_ReferenceModel/DXF/VanePack_Sketch_30deg.dxf
Engineering/CAD/MicroHydroV1_Shapr3D_ReferenceModel/Docs/Parametric_Values.md,engineering/product/Reference_Models/MicroHydroV1_Shapr3D_ReferenceModel/Docs/Parametric_Values.md
Engineering/CAD/MicroHydroV1_Shapr3D_ReferenceModel/Docs/Shapr3D_Build_Guide.md,engineering/product/Reference_Models/MicroHydroV1_Shapr3D_ReferenceModel/Docs/Shapr3D_Build_Guide.md
Engineering/CAD/MicroHydroV1_Shapr3D_ReferenceModel/params.json,engineering/product/Releases/MicroHydroV1_Work/MasterIntegrated_Output/01_SharePoint_Libraries/MicroHydroV1 — SoT/MicroHydroV1/cad/params/params.json
Engineering/CAD/Reference_Models/Diffuser_Profile_Revolve.dxf,engineering/product/Reference_Models/MicroHydroV1_Shapr3D_ReferenceModel/DXF/Diffuser_Profile_Revolve.dxf
Engineering/CAD/Reference_Models/MicroHydroV1_Shapr3D_ReferenceModel/DXF/Diffuser_Profile_Revolve.dxf,engineering/product/Reference_Models/MicroHydroV1_Shapr3D_ReferenceModel/DXF/Diffuser_Profile_Revolve.dxf
Engineering/CAD/Reference_Models/MicroHydroV1_Shapr3D_ReferenceModel/DXF/Nozzle_Profile_Revolve.dxf,engineering/product/Reference_Models/MicroHydroV1_Shapr3D_ReferenceModel/DXF/Nozzle_Profile_Revolve.dxf
Engineering/CAD/Reference_Models/MicroHydroV1_Shapr3D_ReferenceModel/DXF/RetainerCap_Sketch.dxf,engineering/product/Reference_Models/MicroHydroV1_Shapr3D_ReferenceModel/DXF/RetainerCap_Sketch.dxf
Engineering/CAD/Reference_Models/MicroHydroV1_Shapr3D_ReferenceModel/DXF/VanePack_Sketch_10deg.dxf,engineering/product/Reference_Models/MicroHydroV1_Shapr3D_ReferenceModel/DXF/VanePack_Sketch_10deg.dxf
Engineering/CAD/Reference_Models/MicroHydroV1_Shapr3D_ReferenceModel/DXF/VanePack_Sketch_20deg.dxf,engineering/product/Reference_Models/MicroHydroV1_Shapr3D_ReferenceModel/DXF/VanePack_Sketch_20deg.dxf
Engineering/CAD/Reference_Models/MicroHydroV1_Shapr3D_ReferenceModel/DXF/VanePack_Sketch_30deg.dxf,engineering/product/Reference_Models/MicroHydroV1_Shapr3D_ReferenceModel/DXF/VanePack_Sketch_30deg.dxf
Engineering/CAD/Reference_Models/MicroHydroV1_Shapr3D_ReferenceModel/Docs/Parametric_Values.md,engineering/product/Reference_Models/MicroHydroV1_Shapr3D_ReferenceModel/Docs/Parametric_Values.md
Engineering/CAD/Reference_Models/MicroHydroV1_Shapr3D_ReferenceModel/Docs/Shapr3D_Build_Guide.md,engineering/product/Reference_Models/MicroHydroV1_Shapr3D_ReferenceModel/Docs/Shapr3D_Build_Guide.md
Engineering/CAD/Reference_Models/MicroHydroV1_Shapr3D_ReferenceModel/params.json,engineering/product/Reference_Models/MicroHydroV1_Shapr3D_ReferenceModel/params.json
Engineering/CAD/Reference_Models/Parametric_Values.md,engineering/product/Reference_Models/MicroHydroV1_Shapr3D_ReferenceModel/Docs/Parametric_Values.md
Engineering/CAD/cad/README.md,engineering/microhydro-v1/cad/README.md
Engineering/Tests/Data/StageB_DataLog_Synthetic.csv,engineering/cad/MicroHydroV1_CAD Archive/MicroHydroV1_Full_Package/StageB_DataLog_Synthetic.csv
Engineering/Tests/Data/T001_JetCoherence_Run1.csv,engineering/cad/MicroHydroV1_CAD Archive/MicroHydroV1_Full_Package/T001_JetCoherence_Run1.csv
Engineering/Tests/Data/T002_TankRipple_Run1.csv,engineering/cad/MicroHydroV1_CAD Archive/MicroHydroV1_Full_Package/T002_TankRipple_Run1.csv
Engineering/Tests/Data/T003_ELCStability_Run1.csv,engineering/cad/MicroHydroV1_CAD Archive/MicroHydroV1_Full_Package/T003_ELCStability_Run1.csv
Engineering/Tests/Data/T004_Power_Run1.csv,engineering/cad/MicroHydroV1_CAD Archive/MicroHydroV1_Full_Package/T004_Power_Run1.csv
Engineering/Tests/tests/README.md,engineering/microhydro-v1/tests/README.md
Engineering/Agents/automation_agent.py,tools/agents/engineering/automation_agent.py
Engineering/Agents/chief_agent.py,tools/agents/engineering/chief_agent.py
Engineering/Agents/data_agent.py,tools/agents/engineering/data_agent.py
Engineering/Agents/documentation_agent.py,tools/agents/engineering/documentation_agent.py
Engineering/Agents/optimization_agent.py,tools/agents/engineering/optimization_agent.py
Engineering/Agents/research_agent.py,tools/agents/engineering/research_agent.py
Engineering/Agents/simulation_agent.py,tools/agents/engineering/simulation_agent.py
Engineering/Agents/testing_agent.py,tools/agents/engineering/testing_agent.py
Engineering/Agents/tool_builder_agent.py,tools/agents/engineering/tool_builder_agent.py
Engineering/Automation/automation/README.md,engineering/microhydro-v1/automation/README.md
Engineering/CAD/MicroHydroV1_CAD Archive/MicroHydroV1_Bench_Test_Tracker.xlsx,engineering/cad/MicroHydroV1_CAD Archive/MicroHydroV1_Bench_Test_Tracker.xlsx
Engineering/CAD/MicroHydroV1_CAD Archive/MicroHydroV1_CAD/01_Diffuser/01_Diffuser_build_diffuser.FCMacro,engineering/cad/MicroHydroV1_CAD Archive/MicroHydroV1_CAD/01_Diffuser/01_Diffuser_build_diffuser.FCMacro
Engineering/CAD/MicroHydroV1_CAD Archive/MicroHydroV1_CAD/01_Diffuser/build_diffuser.FCMacro,engineering/cad/MicroHydroV1_CAD Archive/MicroHydroV1_CAD/01_Diffuser/build_diffuser.FCMacro
Engineering/CAD/MicroHydroV1_CAD Archive/MicroHydroV1_CAD/01_Diffuser/build_diffuser.FCMacro old.FCMacro,engineering/product/Releases/MicroHydroV1_Work/MasterIntegrated_Output/01_SharePoint_Libraries/MicroHydroV1 — SoT/MicroHydroV1/cad/macros/01_Diffuser/build_diffuser.FCMacro
Engineering/CAD/MicroHydroV1_CAD Archive/MicroHydroV1_CAD/02_Nozzle/02_Nozzle_build_nozzle.FCMacro,engineering/cad/MicroHydroV1_CAD Archive/MicroHydroV1_CAD/02_Nozzle/02_Nozzle_build_nozzle.FCMacro
Engineering/CAD/MicroHydroV1_CAD Archive/MicroHydroV1_CAD/02_Nozzle/build_nozzle.FCMacro,engineering/product/Releases/MicroHydroV1_Work/MasterIntegrated_Output/01_SharePoint_Libraries/MicroHydroV1 — SoT/MicroHydroV1/cad/macros/02_Nozzle/build_nozzle.FCMacro
Engineering/CAD/MicroHydroV1_CAD Archive/MicroHydroV1_CAD/03_VanePacks/03_VanePacks_build_vanepacks.FCMacro,engineering/cad/MicroHydroV1_CAD Archive/MicroHydroV1_CAD/03_VanePacks/03_VanePacks_build_vanepacks.FCMacro
Engineering/CAD/MicroHydroV1_CAD Archive/MicroHydroV1_CAD/03_VanePacks/build_vanepacks.FCMacro,engineering/product/Releases/MicroHydroV1_Work/MasterIntegrated_Output/01_SharePoint_Libraries/MicroHydroV1 — SoT/MicroHydroV1/cad/macros/03_VanePacks/build_vanepacks.FCMacro
Engineering/CAD/MicroHydroV1_CAD Archive/MicroHydroV1_CAD/04_Retainer/04_Retainer_build_retainer.FCMacro,engineering/cad/MicroHydroV1_CAD Archive/MicroHydroV1_CAD/04_Retainer/04_Retainer_build_retainer.FCMacro
Engineering/CAD/MicroHydroV1_CAD Archive/MicroHydroV1_CAD/04_Retainer/build_retainer.FCMacro,engineering/product/Releases/MicroHydroV1_Work/MasterIntegrated_Output/01_SharePoint_Libraries/MicroHydroV1 — SoT/MicroHydroV1/cad/macros/04_Retainer/build_retainer.FCMacro
Engineering/CAD/MicroHydroV1_CAD Archive/MicroHydroV1_CAD/Assembly/build_assembly.FCMacro,engineering/product/Releases/MicroHydroV1_Work/MasterIntegrated_Output/01_SharePoint_Libraries/MicroHydroV1 — SoT/MicroHydroV1/cad/macros/Assembly/build_assembly.FCMacro
Engineering/CAD/MicroHydroV1_CAD Archive/MicroHydroV1_CAD/MicroHydroV1/CAD/params.json,engineering/cad/MicroHydroV1_CAD Archive/MicroHydroV1_CAD/MicroHydroV1/CAD/params.json
Engineering/CAD/MicroHydroV1_CAD Archive/MicroHydroV1_CAD/MicroHydroV1/InitGui.py,engineering/cad/MicroHydroV1_CAD Archive/MicroHydroV1_CAD/MicroHydroV1/InitGui.py
Engineering/CAD/MicroHydroV1_CAD Archive/MicroHydroV1_CAD/MicroHydroV1/init.py,engineering/cad/MicroHydroV1_CAD Archive/MicroHydroV1_CAD/MicroHydroV1/init.py
Engineering/CAD/MicroHydroV1_CAD Archive/MicroHydroV1_CAD/MicroHydroV1_Addon_macOS.zip,engineering/cad/MicroHydroV1_CAD Archive/MicroHydroV1_CAD/MicroHydroV1_Addon_macOS.zip
Engineering/CAD/MicroHydroV1_CAD Archive/MicroHydroV1_CAD/MicroHydroV1_Complete_Engineering_Package.zip,engineering/cad/MicroHydroV1_CAD Archive/MicroHydroV1_CAD/MicroHydroV1_Complete_Engineering_Package.zip
Engineering/CAD/MicroHydroV1_CAD Archive/MicroHydroV1_CAD/MicroHydroV1_InModule_Installer/InitGui.py,engineering/cad/MicroHydroV1_CAD Archive/MicroHydroV1_CAD/MicroHydroV1_InModule_Installer/InitGui.py
Engineering/CAD/MicroHydroV1_CAD Archive/MicroHydroV1_CAD/MicroHydroV1_InModule_Installer/Install_MicroHydroV1_InModule.command,engineering/cad/MicroHydroV1_CAD Archive/MicroHydroV1_CAD/MicroHydroV1_InModule_Installer/Install_MicroHydroV1_InModule.command
Engineering/CAD/MicroHydroV1_CAD Archive/MicroHydroV1_CAD/MicroHydroV1_InModule_Installer/README.md,engineering/cad/MicroHydroV1_CAD Archive/MicroHydroV1_CAD/MicroHydroV1_InModule_Installer/README.md
Engineering/CAD/MicroHydroV1_CAD Archive/MicroHydroV1_CAD/MicroHydroV1_InModule_Installer.zip,engineering/cad/MicroHydroV1_CAD Archive/MicroHydroV1_CAD/MicroHydroV1_InModule_Installer.zip
Engineering/CAD/MicroHydroV1_CAD Archive/MicroHydroV1_CAD/MicroHydroV1_RnD_FullUpgrade.xlsx,engineering/cad/MicroHydroV1_CAD Archive/MicroHydroV1_CAD/MicroHydroV1_RnD_FullUpgrade.xlsx
Engineering/CAD/MicroHydroV1_CAD Archive/MicroHydroV1_CAD/README.txt,engineering/product/Releases/MicroHydroV1_Work/MasterIntegrated_Output/01_SharePoint_Libraries/MicroHydroV1 — SoT/MicroHydroV1/cad/macros/README.txt
Engineering/CAD/MicroHydroV1_CAD Archive/MicroHydroV1_CAD/build_all.FCMacro,engineering/cad/MicroHydroV1_CAD Archive/MicroHydroV1_CAD/build_all.FCMacro
Engineering/CAD/MicroHydroV1_CAD Archive/MicroHydroV1_CAD/params.json,engineering/cad/MicroHydroV1_CAD Archive/MicroHydroV1_CAD/params.json
Engineering/CAD/MicroHydroV1_CAD Archive/MicroHydroV1_CAD/patched_macros_with_params.zip,engineering/cad/MicroHydroV1_CAD Archive/MicroHydroV1_CAD/patched_macros_with_params.zip
Engineering/CAD/MicroHydroV1_CAD Archive/MicroHydroV1_CAD/scripts/export_batch.FCMacro,engineering/product/Releases/MicroHydroV1_Work/MasterIntegrated_Output/01_SharePoint_Libraries/MicroHydroV1 — SoT/MicroHydroV1/cad/macros/scripts/export_batch.FCMacro
Engineering/CAD/MicroHydroV1_CAD Archive/MicroHydroV1_CAD (1)old/01_Diffuser/build_diffuser.FCMacro,engineering/cad/MicroHydroV1_CAD Archive/MicroHydroV1_CAD (1)old/01_Diffuser/build_diffuser.FCMacro
Engineering/CAD/MicroHydroV1_CAD Archive/MicroHydroV1_CAD (1)old/02_Nozzle/build_nozzle.FCMacro,engineering/cad/MicroHydroV1_CAD Archive/MicroHydroV1_CAD (1)old/02_Nozzle/build_nozzle.FCMacro
Engineering/CAD/MicroHydroV1_CAD Archive/MicroHydroV1_CAD (1)old/03_VanePacks/build_vanepacks.FCMacro,engineering/cad/MicroHydroV1_CAD Archive/MicroHydroV1_CAD (1)old/03_VanePacks/build_vanepacks.FCMacro
Engineering/CAD/MicroHydroV1_CAD Archive/MicroHydroV1_CAD (1)old/04_Retainer/build_retainer.FCMacro,engineering/cad/MicroHydroV1_CAD Archive/MicroHydroV1_CAD (1)old/04_Retainer/build_retainer.FCMacro
Engineering/CAD/MicroHydroV1_CAD Archive/MicroHydroV1_CAD (1)old/Assembly/build_assembly.FCMacro,engineering/cad/MicroHydroV1_CAD Archive/MicroHydroV1_CAD (1)old/Assembly/build_assembly.FCMacro
Engineering/CAD/MicroHydroV1_CAD Archive/MicroHydroV1_CAD (1)old/MacroSuite.zip,engineering/cad/MicroHydroV1_CAD Archive/MicroHydroV1_CAD (1)old/MacroSuite.zip
Engineering/CAD/MicroHydroV1_CAD Archive/MicroHydroV1_CAD (1)old/MacroSuiteFull/01_Diffuser/build_diffuser.FCMacro,engineering/cad/MicroHydroV1_CAD Archive/MicroHydroV1_CAD (1)old/01_Diffuser/build_diffuser.FCMacro
Engineering/CAD/MicroHydroV1_CAD Archive/MicroHydroV1_CAD (1)old/MacroSuiteFull/02_Nozzle/build_nozzle.FCMacro,engineering/cad/MicroHydroV1_CAD Archive/MicroHydroV1_CAD (1)old/02_Nozzle/build_nozzle.FCMacro
Engineering/CAD/MicroHydroV1_CAD Archive/MicroHydroV1_CAD (1)old/MacroSuiteFull/03_VanePacks/build_vanepacks.FCMacro,engineering/cad/MicroHydroV1_CAD Archive/MicroHydroV1_CAD (1)old/03_VanePacks/build_vanepacks.FCMacro
Engineering/CAD/MicroHydroV1_CAD Archive/MicroHydroV1_CAD (1)old/MacroSuiteFull/04_Retainer/build_retainer.FCMacro,engineering/cad/MicroHydroV1_CAD Archive/MicroHydroV1_CAD (1)old/04_Retainer/build_retainer.FCMacro
Engineering/CAD/MicroHydroV1_CAD Archive/MicroHydroV1_CAD (1)old/MacroSuiteFull/Assembly/build_assembly.FCMacro,engineering/cad/MicroHydroV1_CAD Archive/MicroHydroV1_CAD (1)old/Assembly/build_assembly.FCMacro
Engineering/CAD/MicroHydroV1_CAD Archive/MicroHydroV1_CAD (1)old/MacroSuiteFull/build_all.FCMacro,engineering/cad/MicroHydroV1_CAD Archive/MicroHydroV1_CAD (1)old/MacroSuiteFull/build_all.FCMacro
Engineering/CAD/MicroHydroV1_CAD Archive/MicroHydroV1_CAD (1)old/MacroSuiteFull/params.json,engineering/cad/MicroHydroV1_CAD Archive/MicroHydroV1_CAD (1)old/MacroSuiteFull/params.json
Engineering/CAD/MicroHydroV1_CAD Archive/MicroHydroV1_CAD (1)old/MacroSuiteFull/scripts/export_batch.FCMacro,engineering/cad/MicroHydroV1_CAD Archive/MicroHydroV1_CAD (1)old/MacroSuiteFull/scripts/export_batch.FCMacro
Engineering/CAD/MicroHydroV1_CAD Archive/MicroHydroV1_CAD (1)old/MacroSuiteFull.zip,engineering/cad/MicroHydroV1_CAD Archive/MicroHydroV1_CAD (1)old/MacroSuiteFull.zip
Engineering/CAD/MicroHydroV1_CAD Archive/MicroHydroV1_CAD (1)old/MicroHydroV1_params.xlsx,engineering/cad/MicroHydroV1_CAD Archive/MicroHydroV1_CAD (1)old/MicroHydroV1_params.xlsx
Engineering/CAD/MicroHydroV1_CAD Archive/MicroHydroV1_CAD (1)old/README_MicroHydroV1_CAD.md,engineering/cad/MicroHydroV1_CAD Archive/MicroHydroV1_CAD (1)old/README_MicroHydroV1_CAD.md
Engineering/CAD/MicroHydroV1_CAD Archive/MicroHydroV1_CAD (1)old/build_all.FCMacro,engineering/cad/MicroHydroV1_CAD Archive/MicroHydroV1_CAD (1)old/build_all.FCMacro
Engineering/CAD/MicroHydroV1_CAD Archive/MicroHydroV1_CAD (1)old/build_all.FCMacro.docx,engineering/cad/MicroHydroV1_CAD Archive/MicroHydroV1_CAD (1)old/build_all.FCMacro.docx
Engineering/CAD/MicroHydroV1_CAD Archive/MicroHydroV1_CAD (1)old/build_all.FCMacro.html,engineering/cad/MicroHydroV1_CAD Archive/MicroHydroV1_CAD (1)old/build_all.FCMacro.html
Engineering/CAD/MicroHydroV1_CAD Archive/MicroHydroV1_CAD (1)old/en.html,engineering/cad/MicroHydroV1_CAD Archive/MicroHydroV1_CAD (1)old/en.html
Engineering/CAD/MicroHydroV1_CAD Archive/MicroHydroV1_CAD (1)old/micro-hydro-power-plant-2-6838e6ab48ac8c825e45ce5a.html,engineering/cad/MicroHydroV1_CAD Archive/MicroHydroV1_CAD (1)old/build_all.FCMacro.html
Engineering/CAD/MicroHydroV1_CAD Archive/MicroHydroV1_CAD (1)old/params.json,engineering/cad/MicroHydroV1_CAD Archive/MicroHydroV1_CAD (1)old/MacroSuiteFull/params.json
Engineering/CAD/MicroHydroV1_CAD Archive/MicroHydroV1_CAD_FIXED/01_Diffuser/build_diffuser.FCMacro,engineering/product/Releases/MicroHydroV1_Work/MasterIntegrated_Output/01_SharePoint_Libraries/MicroHydroV1 — SoT/MicroHydroV1/cad/macros/01_Diffuser/build_diffuser.FCMacro
Engineering/CAD/MicroHydroV1_CAD Archive/MicroHydroV1_CAD_FIXED/02_Nozzle/build_nozzle.FCMacro,engineering/product/Releases/MicroHydroV1_Work/MasterIntegrated_Output/01_SharePoint_Libraries/MicroHydroV1 — SoT/MicroHydroV1/cad/macros/02_Nozzle/build_nozzle.FCMacro
Engineering/CAD/MicroHydroV1_CAD Archive/MicroHydroV1_CAD_FIXED/03_VanePacks/build_vanepacks.FCMacro,engineering/product/Releases/MicroHydroV1_Work/MasterIntegrated_Output/01_SharePoint_Libraries/MicroHydroV1 — SoT/MicroHydroV1/cad/macros/03_VanePacks/build_vanepacks.FCMacro
Engineering/CAD/MicroHydroV1_CAD Archive/MicroHydroV1_CAD_FIXED/04_Retainer/build_retainer.FCMacro,engineering/product/Releases/MicroHydroV1_Work/MasterIntegrated_Output/01_SharePoint_Libraries/MicroHydroV1 — SoT/MicroHydroV1/cad/macros/04_Retainer/build_retainer.FCMacro
Engineering/CAD/MicroHydroV1_CAD Archive/MicroHydroV1_CAD_FIXED/Assembly/build_assembly.FCMacro,engineering/product/Releases/MicroHydroV1_Work/MasterIntegrated_Output/01_SharePoint_Libraries/MicroHydroV1 — SoT/MicroHydroV1/cad/macros/Assembly/build_assembly.FCMacro
Engineering/CAD/MicroHydroV1_CAD Archive/MicroHydroV1_CAD_FIXED/README.txt,engineering/product/Releases/MicroHydroV1_Work/MasterIntegrated_Output/01_SharePoint_Libraries/MicroHydroV1 — SoT/MicroHydroV1/cad/macros/README.txt
Engineering/CAD/MicroHydroV1_CAD Archive/MicroHydroV1_CAD_FIXED/build_all.FCMacro,engineering/cad/MicroHydroV1_CAD Archive/MicroHydroV1_CAD_FIXED/build_all.FCMacro
Engineering/CAD/MicroHydroV1_CAD Archive/MicroHydroV1_CAD_FIXED/params.json,engineering/product/Releases/MicroHydroV1_Work/MasterIntegrated_Output/01_SharePoint_Libraries/MicroHydroV1 — SoT/MicroHydroV1/cad/macros/params.json
Engineering/CAD/MicroHydroV1_CAD Archive/MicroHydroV1_CAD_FIXED/scripts/export_batch.FCMacro,engineering/product/Releases/MicroHydroV1_Work/MasterIntegrated_Output/01_SharePoint_Libraries/MicroHydroV1 — SoT/MicroHydroV1/cad/macros/scripts/export_batch.FCMacro
Engineering/CAD/MicroHydroV1_CAD Archive/MicroHydroV1_FULL_Workspace/Automation/Import_Config.json,engineering/cad/MicroHydroV1_CAD Archive/MicroHydroV1_FULL_Workspace/Automation/Import_Config.json
Engineering/CAD/MicroHydroV1_CAD Archive/MicroHydroV1_FULL_Workspace/Automation/MicroHydroV1_RnD_Export.xlsx,engineering/microhydro-v1-sot/MicroHydroV1/automation/MicroHydroV1_RnD_Export.xlsx
Engineering/CAD/MicroHydroV1_CAD Archive/MicroHydroV1_FULL_Workspace/Automation/import_measurements.py,engineering/cad/MicroHydroV1_CAD Archive/MicroHydroV1_FULL_Workspace/Automation/import_measurements.py
Engineering/CAD/MicroHydroV1_CAD Archive/MicroHydroV1_FULL_Workspace/CAD/Params/params.json,engineering/product/Reference_Models/MicroHydroV1_Shapr3D_ReferenceModel/params.json
Engineering/CAD/MicroHydroV1_CAD Archive/MicroHydroV1_FULL_Workspace/Master_Package/Go_NoGo_Packet.docx,engineering/cad/MicroHydroV1_CAD Archive/MicroHydroV1_FULL_Workspace/Master_Package/Go_NoGo_Packet.docx
Engineering/CAD/MicroHydroV1_CAD Archive/MicroHydroV1_FULL_Workspace/Master_Package/MicroHydroV1_Master.docx,engineering/cad/MicroHydroV1_CAD Archive/MicroHydroV1_FULL_Workspace/Master_Package/MicroHydroV1_Master.docx
Engineering/CAD/MicroHydroV1_CAD Archive/MicroHydroV1_FULL_Workspace/Master_Package/STW_Matrix.xlsx,engineering/cad/MicroHydroV1_CAD Archive/MicroHydroV1_FULL_Workspace/Master_Package/STW_Matrix.xlsx
Engineering/CAD/MicroHydroV1_CAD Archive/MicroHydroV1_FULL_Workspace/Tests/Data/Imported/T001_JetCoherence_Run1.csv,engineering/microhydro-v1-sot/MicroHydroV1/tests/raw/2026-01-22_Run1_JetCoherence/T001_JetCoherence_Run1.csv
Engineering/CAD/MicroHydroV1_CAD Archive/MicroHydroV1_FULL_Workspace/Tests/Data/Imported/T002_TankRipple_Run1.csv,engineering/microhydro-v1-sot/MicroHydroV1/tests/raw/2026-01-22_Run1_TankRipple/T002_TankRipple_Run1.csv
Engineering/CAD/MicroHydroV1_CAD Archive/MicroHydroV1_FULL_Workspace/Tests/Data/Imported/T003_ELCStability_Run1.csv,engineering/microhydro-v1-sot/MicroHydroV1/tests/raw/2026-01-22_Run1_ELCStability/T003_ELCStability_Run1.csv
Engineering/CAD/MicroHydroV1_CAD Archive/MicroHydroV1_FULL_Workspace/Tests/Data/Imported/T004_Power_Run1.csv,engineering/microhydro-v1-sot/MicroHydroV1/tests/raw/2026-01-22_Run1_Power/T004_Power_Run1.csv
Engineering/CAD/MicroHydroV1_CAD Archive/MicroHydroV1_FullUpgrade_All/Governance/README.txt,engineering/cad/MicroHydroV1_CAD Archive/MicroHydroV1_FullUpgrade_All/Governance/README.txt
Engineering/CAD/MicroHydroV1_CAD Archive/MicroHydroV1_FullUpgrade_All/RnD/README.txt,engineering/cad/MicroHydroV1_CAD Archive/MicroHydroV1_FullUpgrade_All/RnD/README.txt
Engineering/CAD/MicroHydroV1_CAD Archive/MicroHydroV1_FullUpgrade_All/StageB/README.txt,engineering/cad/MicroHydroV1_CAD Archive/MicroHydroV1_FullUpgrade_All/StageB/README.txt
Engineering/CAD/MicroHydroV1_CAD Archive/MicroHydroV1_FullUpgrade_All/TankTests/T001/README.txt,engineering/cad/MicroHydroV1_CAD Archive/MicroHydroV1_FullUpgrade_All/TankTests/T001/README.txt
Engineering/CAD/MicroHydroV1_CAD Archive/MicroHydroV1_FullUpgrade_All/TankTests/T002/README.txt,engineering/cad/MicroHydroV1_CAD Archive/MicroHydroV1_FullUpgrade_All/TankTests/T002/README.txt
Engineering/CAD/MicroHydroV1_CAD Archive/MicroHydroV1_Full_Package/GoNoGo_Packet.docx,engineering/cad/MicroHydroV1_CAD Archive/MicroHydroV1_Full_Package/GoNoGo_Packet.docx
Engineering/CAD/MicroHydroV1_CAD Archive/MicroHydroV1_Full_Package/STW_vNext_Matrix.docx,engineering/cad/MicroHydroV1_CAD Archive/MicroHydroV1_Full_Package/STW_vNext_Matrix.docx
Engineering/CAD/MicroHydroV1_CAD Archive/MicroHydroV1_Full_Package/StageB_DataLog_Synthetic.csv,engineering/cad/MicroHydroV1_CAD Archive/MicroHydroV1_Full_Package/StageB_DataLog_Synthetic.csv
Engineering/CAD/MicroHydroV1_CAD Archive/MicroHydroV1_Full_Package/Stakeholder_vNext.pptx,engineering/cad/MicroHydroV1_CAD Archive/MicroHydroV1_Full_Package/Stakeholder_vNext.pptx
Engineering/CAD/MicroHydroV1_CAD Archive/MicroHydroV1_Full_Package/T001_JetCoherence_Run1.csv,engineering/cad/MicroHydroV1_CAD Archive/MicroHydroV1_Full_Package/T001_JetCoherence_Run1.csv
Engineering/CAD/MicroHydroV1_CAD Archive/MicroHydroV1_Full_Package/T002_TankRipple_Run1.csv,engineering/cad/MicroHydroV1_CAD Archive/MicroHydroV1_Full_Package/T002_TankRipple_Run1.csv
Engineering/CAD/MicroHydroV1_CAD Archive/MicroHydroV1_Full_Package/T003_ELCStability_Run1.csv,engineering/cad/MicroHydroV1_CAD Archive/MicroHydroV1_Full_Package/T003_ELCStability_Run1.csv
Engineering/CAD/MicroHydroV1_CAD Archive/MicroHydroV1_Full_Package/T004_Power_Run1.csv,engineering/cad/MicroHydroV1_CAD Archive/MicroHydroV1_Full_Package/T004_Power_Run1.csv
Engineering/CAD/MicroHydroV1_CAD Archive/MicroHydroV1_ReorgToolkit/README_REORG.md,engineering/cad/MicroHydroV1_CAD Archive/MicroHydroV1_ReorgToolkit/README_REORG.md
Engineering/CAD/MicroHydroV1_CAD Archive/MicroHydroV1_ReorgToolkit/reorg_from_zip.py,engineering/cad/MicroHydroV1_CAD Archive/MicroHydroV1_ReorgToolkit/reorg_from_zip.py
Engineering/CAD/MicroHydroV1_CAD Archive/MicroHydroV1_RnD_Export (1).xlsx,engineering/cad/MicroHydroV1_CAD Archive/MicroHydroV1_RnD_Export (1).xlsx
Engineering/CAD/MicroHydroV1_CAD Archive/MicroHydroV1_RnD_Export.xlsx,engineering/microhydro-v1-sot/MicroHydroV1/automation/MicroHydroV1_RnD_Export.xlsx
Engineering/CAD/MicroHydroV1_CAD Archive/MicroHydroV1_RnD_Export_SYNTH.xlsx,engineering/cad/MicroHydroV1_CAD Archive/MicroHydroV1_RnD_Export_SYNTH.xlsx
Engineering/CAD/MicroHydroV1_CAD Archive/MicroHydroV1_RnD_FullUpgrade.xlsx,engineering/cad/MicroHydroV1_CAD Archive/MicroHydroV1_CAD/MicroHydroV1_RnD_FullUpgrade.xlsx
Engineering/CAD/MicroHydroV1_CAD Archive/MicroHydroV1_StageB_Package.zip,engineering/cad/MicroHydroV1_CAD Archive/MicroHydroV1_StageB_Package.zip
Engineering/CAD/MicroHydroV1_CAD Archive/MicroHydroV1_SyntheticPackage/GoNoGo.txt,engineering/cad/MicroHydroV1_CAD Archive/MicroHydroV1_SyntheticPackage/GoNoGo.txt
Engineering/CAD/MicroHydroV1_CAD Archive/MicroHydroV1_SyntheticPackage/README.txt,engineering/cad/MicroHydroV1_CAD Archive/MicroHydroV1_SyntheticPackage/README.txt
Engineering/CAD/MicroHydroV1_CAD Archive/MicroHydroV1_SyntheticPackage/RnD_Synthetic.txt,engineering/cad/MicroHydroV1_CAD Archive/MicroHydroV1_SyntheticPackage/RnD_Synthetic.txt
Engineering/CAD/MicroHydroV1_CAD Archive/MicroHydroV1_SyntheticPackage/STW_Matrix.txt,engineering/cad/MicroHydroV1_CAD Archive/MicroHydroV1_SyntheticPackage/STW_Matrix.txt
Engineering/CAD/MicroHydroV1_CAD Archive/MicroHydroV1_SyntheticPackage/StageC_Readout.txt,engineering/cad/MicroHydroV1_CAD Archive/MicroHydroV1_SyntheticPackage/StageC_Readout.txt
Engineering/CAD/MicroHydroV1_CAD Archive/MicroHydroV1_SyntheticPackage/Stakeholder_Deck.txt,engineering/cad/MicroHydroV1_CAD Archive/MicroHydroV1_SyntheticPackage/Stakeholder_Deck.txt
Engineering/CAD/MicroHydroV1_CAD Archive/MicroHydroV1_Tank_Ripple_Test_Procedure_WITH_TOC.docx,engineering/cad/MicroHydroV1_CAD Archive/MicroHydroV1_Tank_Ripple_Test_Procedure_WITH_TOC.docx
Engineering/CAD/MicroHydroV1_Shapr3D_ReferenceModel/DXF/Diffuser_Profile_Revolve.dxf,engineering/product/Reference_Models/MicroHydroV1_Shapr3D_ReferenceModel/DXF/Diffuser_Profile_Revolve.dxf
Engineering/CAD/MicroHydroV1_Shapr3D_ReferenceModel/DXF/Nozzle_Profile_Revolve.dxf,engineering/product/Reference_Models/MicroHydroV1_Shapr3D_ReferenceModel/DXF/Nozzle_Profile_Revolve.dxf
Engineering/CAD/MicroHydroV1_Shapr3D_ReferenceModel/DXF/RetainerCap_Sketch.dxf,engineering/product/Reference_Models/MicroHydroV1_Shapr3D_ReferenceModel/DXF/RetainerCap_Sketch.dxf
Engineering/CAD/MicroHydroV1_Shapr3D_ReferenceModel/DXF/VanePack_Sketch_10deg.dxf,engineering/product/Reference_Models/MicroHydroV1_Shapr3D_ReferenceModel/DXF/VanePack_Sketch_10deg.dxf
Engineering/CAD/MicroHydroV1_Shapr3D_ReferenceModel/DXF/VanePack_Sketch_20deg.dxf,engineering/product/Reference_Models/MicroHydroV1_Shapr3D_ReferenceModel/DXF/VanePack_Sketch_20deg.dxf
Engineering/CAD/MicroHydroV1_Shapr3D_ReferenceModel/DXF/VanePack_Sketch_30deg.dxf,engineering/product/Reference_Models/MicroHydroV1_Shapr3D_ReferenceModel/DXF/VanePack_Sketch_30deg.dxf
Engineering/CAD/MicroHydroV1_Shapr3D_ReferenceModel/Docs/Parametric_Values.md,engineering/product/Reference_Models/MicroHydroV1_Shapr3D_ReferenceModel/Docs/Parametric_Values.md
Engineering/CAD/MicroHydroV1_Shapr3D_ReferenceModel/Docs/Shapr3D_Build_Guide.md,engineering/product/Reference_Models/MicroHydroV1_Shapr3D_ReferenceModel/Docs/Shapr3D_Build_Guide.md
Engineering/CAD/MicroHydroV1_Shapr3D_ReferenceModel/params.json,engineering/product/Releases/MicroHydroV1_Work/MasterIntegrated_Output/01_SharePoint_Libraries/MicroHydroV1 — SoT/MicroHydroV1/cad/params/params.json
Engineering/CAD/Reference_Models/Diffuser_Profile_Revolve.dxf,engineering/product/Reference_Models/MicroHydroV1_Shapr3D_ReferenceModel/DXF/Diffuser_Profile_Revolve.dxf
Engineering/CAD/Reference_Models/MicroHydroV1_Shapr3D_ReferenceModel/DXF/Diffuser_Profile_Revolve.dxf,engineering/product/Reference_Models/MicroHydroV1_Shapr3D_ReferenceModel/DXF/Diffuser_Profile_Revolve.dxf
Engineering/CAD/Reference_Models/MicroHydroV1_Shapr3D_ReferenceModel/DXF/Nozzle_Profile_Revolve.dxf,engineering/product/Reference_Models/MicroHydroV1_Shapr3D_ReferenceModel/DXF/Nozzle_Profile_Revolve.dxf
Engineering/CAD/Reference_Models/MicroHydroV1_Shapr3D_ReferenceModel/DXF/RetainerCap_Sketch.dxf,engineering/product/Reference_Models/MicroHydroV1_Shapr3D_ReferenceModel/DXF/RetainerCap_Sketch.dxf
Engineering/CAD/Reference_Models/MicroHydroV1_Shapr3D_ReferenceModel/DXF/VanePack_Sketch_10deg.dxf,engineering/product/Reference_Models/MicroHydroV1_Shapr3D_ReferenceModel/DXF/VanePack_Sketch_10deg.dxf
Engineering/CAD/Reference_Models/MicroHydroV1_Shapr3D_ReferenceModel/DXF/VanePack_Sketch_20deg.dxf,engineering/product/Reference_Models/MicroHydroV1_Shapr3D_ReferenceModel/DXF/VanePack_Sketch_20deg.dxf
Engineering/CAD/Reference_Models/MicroHydroV1_Shapr3D_ReferenceModel/DXF/VanePack_Sketch_30deg.dxf,engineering/product/Reference_Models/MicroHydroV1_Shapr3D_ReferenceModel/DXF/VanePack_Sketch_30deg.dxf
Engineering/CAD/Reference_Models/MicroHydroV1_Shapr3D_ReferenceModel/Docs/Parametric_Values.md,engineering/product/Reference_Models/MicroHydroV1_Shapr3D_ReferenceModel/Docs/Parametric_Values.md
Engineering/CAD/Reference_Models/MicroHydroV1_Shapr3D_ReferenceModel/Docs/Shapr3D_Build_Guide.md,engineering/product/Reference_Models/MicroHydroV1_Shapr3D_ReferenceModel/Docs/Shapr3D_Build_Guide.md
Engineering/CAD/Reference_Models/MicroHydroV1_Shapr3D_ReferenceModel/params.json,engineering/product/Reference_Models/MicroHydroV1_Shapr3D_ReferenceModel/params.json
Engineering/CAD/Reference_Models/Parametric_Values.md,engineering/product/Reference_Models/MicroHydroV1_Shapr3D_ReferenceModel/Docs/Parametric_Values.md
Engineering/CAD/cad/README.md,engineering/microhydro-v1/cad/README.md
Engineering/CAD/cad/macros/01_Diffuser/build_diffuser.FCMacro,engineering/cad/cad/macros/01_Diffuser/build_diffuser.FCMacro
Engineering/CAD/cad/macros/02_Nozzle/build_nozzle.FCMacro,engineering/cad/cad/macros/02_Nozzle/build_nozzle.FCMacro
Engineering/CAD/cad/macros/03_VanePacks/build_vanepacks.FCMacro,engineering/cad/cad/macros/03_VanePacks/build_vanepacks.FCMacro
Engineering/CAD/cad/macros/04_Retainer/build_retainer.FCMacro,engineering/cad/cad/macros/04_Retainer/build_retainer.FCMacro
Engineering/CAD/cad/macros/Assembly/build_assembly.FCMacro,engineering/cad/cad/macros/Assembly/build_assembly.FCMacro
Engineering/CAD/cad/macros/build_all.FCMacro,engineering/cad/cad/macros/build_all.FCMacro
Engineering/CAD/cad/macros/scripts/export_batch.FCMacro,engineering/cad/cad/macros/scripts/export_batch.FCMacro
Engineering/CAD/cad/params/params.json,engineering/cad/cad/params/params.json
Engineering/CAD/test.txt,engineering/cad/test.txt
Engineering/Data/data/README.md,engineering/microhydro-v1/data/README.md
Engineering/MicroHydroV1/MANIFEST.json,engineering/product/Releases/MicroHydroV1_Work/MasterIntegrated_Output/01_SharePoint_Libraries/MicroHydroV1 — SoT/MicroHydroV1/MANIFEST.json
Engineering/MicroHydroV1/MicroHydroV1_Importer_RunID_Patch_v0.3.0/MANIFEST.json,engineering/product/Releases/MicroHydroV1_Work/MasterIntegrated_Output/01_SharePoint_Libraries/MicroHydroV1 — SoT/MicroHydroV1/MicroHydroV1_Importer_RunID_Patch_v0.3.0/MANIFEST.json
Engineering/MicroHydroV1/MicroHydroV1_Importer_RunID_Patch_v0.3.0/MicroHydroV1/automation/import_measurements.py,engineering/product/Releases/MicroHydroV1_Work/MasterIntegrated_Output/01_SharePoint_Libraries/MicroHydroV1 — SoT/MicroHydroV1/MicroHydroV1_Importer_RunID_Patch_v0.3.0/MicroHydroV1/automation/import_measurements.py
Engineering/MicroHydroV1/MicroHydroV1_Importer_RunID_Patch_v0.3.0/MicroHydroV1/docs/governance/README_Importer_RunID_Patch.md,engineering/product/Releases/MicroHydroV1_Work/MasterIntegrated_Output/01_SharePoint_Libraries/MicroHydroV1 — SoT/MicroHydroV1/MicroHydroV1_Importer_RunID_Patch_v0.3.0/MicroHydroV1/docs/governance/README_Importer_RunID_Patch.md
Engineering/MicroHydroV1/MicroHydroV1_RUN3_AutoFill_Evidence_PLUS_Workbook_v0.3.0/MANIFEST.json,engineering/product/Releases/MicroHydroV1_Work/MasterIntegrated_Output/01_SharePoint_Libraries/MicroHydroV1 — SoT/MicroHydroV1/MicroHydroV1_RUN3_AutoFill_Evidence_PLUS_Workbook_v0.3.0/MANIFEST.json
Engineering/MicroHydroV1/MicroHydroV1_RUN3_AutoFill_Evidence_PLUS_Workbook_v0.3.0/MicroHydroV1/docs/run3/README_AUTOFILL.md,engineering/product/Releases/MicroHydroV1_Work/MasterIntegrated_Output/01_SharePoint_Libraries/MicroHydroV1 — SoT/MicroHydroV1/MicroHydroV1_RUN3_AutoFill_Evidence_PLUS_Workbook_v0.3.0/MicroHydroV1/docs/run3/README_AUTOFILL.md
Engineering/MicroHydroV1/MicroHydroV1_RUN3_AutoFill_Evidence_PLUS_Workbook_v0.3.0/MicroHydroV1/docs/run3/RUN3_Evidence_Template.docx,engineering/product/Releases/MicroHydroV1_Work/MasterIntegrated_Output/01_SharePoint_Libraries/MicroHydroV1 — SoT/MicroHydroV1/MicroHydroV1_RUN3_AutoFill_Evidence_PLUS_Workbook_v0.3.0/MicroHydroV1/docs/run3/RUN3_Evidence_Template.docx
Engineering/MicroHydroV1/MicroHydroV1_RUN3_AutoFill_Evidence_PLUS_Workbook_v0.3.0/MicroHydroV1/tools/plots/plot_t002_psd_peakiness.py,engineering/product/Releases/MicroHydroV1_Work/MasterIntegrated_Output/01_SharePoint_Libraries/MicroHydroV1 — SoT/MicroHydroV1/MicroHydroV1_RUN3_AutoFill_Evidence_PLUS_Workbook_v0.3.0/MicroHydroV1/tools/plots/plot_t002_psd_peakiness.py
Engineering/MicroHydroV1/MicroHydroV1_RUN3_AutoFill_Evidence_PLUS_Workbook_v0.3.0/MicroHydroV1/tools/workflow/autofill_evidence_doc.py,engineering/product/Releases/MicroHydroV1_Work/MasterIntegrated_Output/01_SharePoint_Libraries/MicroHydroV1 — SoT/MicroHydroV1/MicroHydroV1_RUN3_AutoFill_Evidence_PLUS_Workbook_v0.3.0/MicroHydroV1/tools/workflow/autofill_evidence_doc.py
Engineering/MicroHydroV1/MicroHydroV1_RUN3_AutoFill_Evidence_RUNID_BASELINE_v0.3.0/MANIFEST.json,engineering/product/Releases/MicroHydroV1_Work/MasterIntegrated_Output/01_SharePoint_Libraries/MicroHydroV1 — SoT/MicroHydroV1/MicroHydroV1_RUN3_AutoFill_Evidence_RUNID_BASELINE_v0.3.0/MANIFEST.json
Engineering/MicroHydroV1/MicroHydroV1_RUN3_AutoFill_Evidence_RUNID_BASELINE_v0.3.0/MicroHydroV1/docs/run3/README_AUTOFILL.md,engineering/product/Releases/MicroHydroV1_Work/MasterIntegrated_Output/01_SharePoint_Libraries/MicroHydroV1 — SoT/MicroHydroV1/MicroHydroV1_RUN3_AutoFill_Evidence_RUNID_BASELINE_v0.3.0/MicroHydroV1/docs/run3/README_AUTOFILL.md
Engineering/MicroHydroV1/MicroHydroV1_RUN3_AutoFill_Evidence_RUNID_BASELINE_v0.3.0/MicroHydroV1/docs/run3/RUN3_Evidence_Template.docx,engineering/product/Releases/MicroHydroV1_Work/MasterIntegrated_Output/01_SharePoint_Libraries/MicroHydroV1 — SoT/MicroHydroV1/MicroHydroV1_RUN3_AutoFill_Evidence_PLUS_Workbook_v0.3.0/MicroHydroV1/docs/run3/RUN3_Evidence_Template.docx
Engineering/MicroHydroV1/MicroHydroV1_RUN3_AutoFill_Evidence_RUNID_BASELINE_v0.3.0/MicroHydroV1/tools/plots/plot_t002_psd_peakiness.py,engineering/product/Releases/MicroHydroV1_Work/MasterIntegrated_Output/01_SharePoint_Libraries/MicroHydroV1 — SoT/MicroHydroV1/MicroHydroV1_RUN3_AutoFill_Evidence_PLUS_Workbook_v0.3.0/MicroHydroV1/tools/plots/plot_t002_psd_peakiness.py
Engineering/MicroHydroV1/MicroHydroV1_RUN3_AutoFill_Evidence_RUNID_BASELINE_v0.3.0/MicroHydroV1/tools/workflow/autofill_evidence_doc.py,engineering/product/Releases/MicroHydroV1_Work/MasterIntegrated_Output/01_SharePoint_Libraries/MicroHydroV1 — SoT/MicroHydroV1/MicroHydroV1_RUN3_AutoFill_Evidence_RUNID_BASELINE_v0.3.0/MicroHydroV1/tools/workflow/autofill_evidence_doc.py
Engineering/MicroHydroV1/MicroHydroV1_RunID_Migrator_v0.3.0/MANIFEST.json,engineering/product/Releases/MicroHydroV1_Work/MasterIntegrated_Output/01_SharePoint_Libraries/MicroHydroV1 — SoT/MicroHydroV1/MicroHydroV1_RunID_Migrator_v0.3.0/MANIFEST.json
Engineering/MicroHydroV1/MicroHydroV1_RunID_Migrator_v0.3.0/MicroHydroV1/docs/governance/README_RunID_Migration.md,engineering/product/Releases/MicroHydroV1_Work/MasterIntegrated_Output/01_SharePoint_Libraries/MicroHydroV1 — SoT/MicroHydroV1/MicroHydroV1_RunID_Migrator_v0.3.0/MicroHydroV1/docs/governance/README_RunID_Migration.md
Engineering/MicroHydroV1/MicroHydroV1_RunID_Migrator_v0.3.0/MicroHydroV1/tools/workflow/migrate_add_run_id.py,engineering/product/Releases/MicroHydroV1_Work/MasterIntegrated_Output/01_SharePoint_Libraries/MicroHydroV1 — SoT/MicroHydroV1/MicroHydroV1_RunID_Migrator_v0.3.0/MicroHydroV1/tools/workflow/migrate_add_run_id.py
Engineering/MicroHydroV1/MicroHydroV1_SharePoint_Version_Control_Configuration_Guide_v1.0.docx,engineering/product/Releases/MicroHydroV1 — Releases/MicroHydroV1_SharePoint_Version_Control_Configuration_Guide_v1.0 (1).docx
Engineering/MicroHydroV1/README.md,engineering/microhydro-v1/README.md
Engineering/MicroHydroV1/automation/Import_Config.json,engineering/product/Releases/MicroHydroV1_Work/MasterIntegrated_Output/01_SharePoint_Libraries/MicroHydroV1 — SoT/MicroHydroV1/automation/Import_Config.json
Engineering/MicroHydroV1/automation/Measurements_Import_Template.csv,engineering/microhydro-v1-sot/MicroHydroV1/automation/Measurements_Import_Template.csv
Engineering/MicroHydroV1/automation/MicroHydroV1_RnD_Export.xlsx,engineering/microhydro-v1-sot/MicroHydroV1/automation/MicroHydroV1_RnD_Export.xlsx
Engineering/MicroHydroV1/cad/macros/01_Diffuser/build_diffuser.FCMacro,engineering/product/Releases/MicroHydroV1_Work/MasterIntegrated_Output/01_SharePoint_Libraries/MicroHydroV1 — SoT/MicroHydroV1/cad/macros/01_Diffuser/build_diffuser.FCMacro
Engineering/MicroHydroV1/cad/macros/02_Nozzle/build_nozzle.FCMacro,engineering/product/Releases/MicroHydroV1_Work/MasterIntegrated_Output/01_SharePoint_Libraries/MicroHydroV1 — SoT/MicroHydroV1/cad/macros/02_Nozzle/build_nozzle.FCMacro
Engineering/MicroHydroV1/cad/macros/03_VanePacks/build_vanepacks.FCMacro,engineering/product/Releases/MicroHydroV1_Work/MasterIntegrated_Output/01_SharePoint_Libraries/MicroHydroV1 — SoT/MicroHydroV1/cad/macros/03_VanePacks/build_vanepacks.FCMacro
Engineering/MicroHydroV1/cad/macros/04_Retainer/build_retainer.FCMacro,engineering/product/Releases/MicroHydroV1_Work/MasterIntegrated_Output/01_SharePoint_Libraries/MicroHydroV1 — SoT/MicroHydroV1/cad/macros/04_Retainer/build_retainer.FCMacro
Engineering/MicroHydroV1/cad/macros/Assembly/build_assembly.FCMacro,engineering/product/Releases/MicroHydroV1_Work/MasterIntegrated_Output/01_SharePoint_Libraries/MicroHydroV1 — SoT/MicroHydroV1/cad/macros/Assembly/build_assembly.FCMacro
Engineering/MicroHydroV1/cad/macros/README.txt,engineering/product/Releases/MicroHydroV1_Work/MasterIntegrated_Output/01_SharePoint_Libraries/MicroHydroV1 — SoT/MicroHydroV1/cad/macros/README.txt
Engineering/MicroHydroV1/cad/macros/build_all.FCMacro,engineering/product/Releases/MicroHydroV1_Work/MasterIntegrated_Output/01_SharePoint_Libraries/MicroHydroV1 — SoT/MicroHydroV1/cad/macros/build_all.FCMacro
Engineering/MicroHydroV1/cad/macros/params.json,engineering/product/Releases/MicroHydroV1_Work/MasterIntegrated_Output/01_SharePoint_Libraries/MicroHydroV1 — SoT/MicroHydroV1/cad/macros/params.json
Engineering/MicroHydroV1/cad/macros/scripts/export_batch.FCMacro,engineering/product/Releases/MicroHydroV1_Work/MasterIntegrated_Output/01_SharePoint_Libraries/MicroHydroV1 — SoT/MicroHydroV1/cad/macros/scripts/export_batch.FCMacro
Engineering/MicroHydroV1/cad/params/params.json,engineering/product/Releases/MicroHydroV1_Work/MasterIntegrated_Output/01_SharePoint_Libraries/MicroHydroV1 — SoT/MicroHydroV1/cad/params/params.json
Engineering/MicroHydroV1/docs/Jet_Coherence_Procedure.docx,engineering/product/Releases/MicroHydroV1_Work/MasterIntegrated_Output/01_SharePoint_Libraries/MicroHydroV1 — SoT/MicroHydroV1/docs/Jet_Coherence_Procedure.docx
Engineering/MicroHydroV1/docs/Master_Index.docx,engineering/product/Releases/MicroHydroV1_Work/MasterIntegrated_Output/01_SharePoint_Libraries/MicroHydroV1 — SoT/MicroHydroV1/docs/Master_Index.docx
Engineering/MicroHydroV1/docs/PASS_A_FULL_RevA.docx,engineering/product/Releases/MicroHydroV1_Work/MasterIntegrated_Output/01_SharePoint_Libraries/MicroHydroV1 — SoT/MicroHydroV1/docs/PASS_A_FULL_RevA.docx
Engineering/MicroHydroV1/docs/Run_of_Show_Checklist.docx,engineering/product/Releases/MicroHydroV1_Work/MasterIntegrated_Output/01_SharePoint_Libraries/MicroHydroV1 — SoT/MicroHydroV1/docs/Run_of_Show_Checklist.docx
Engineering/MicroHydroV1/docs/Tank_Ripple_Procedure.docx,engineering/product/Releases/MicroHydroV1_Work/MasterIntegrated_Output/01_SharePoint_Libraries/MicroHydroV1 — SoT/MicroHydroV1/docs/Tank_Ripple_Procedure.docx
Engineering/MicroHydroV1/docs/Test_Campaign_Plan.docx,engineering/product/Releases/MicroHydroV1_Work/MasterIntegrated_Output/01_SharePoint_Libraries/MicroHydroV1 — SoT/MicroHydroV1/docs/Test_Campaign_Plan.docx
Engineering/MicroHydroV1/docs/architecture_diagram.png,engineering/product/Releases/MicroHydroV1_Work/MasterIntegrated_Output/01_SharePoint_Libraries/MicroHydroV1 — SoT/MicroHydroV1/docs/architecture_diagram.png
Engineering/MicroHydroV1/docs/automation/PowerAutomate_Flows_SoT_to_Release.md,engineering/product/Releases/MicroHydroV1_Work/MasterIntegrated_Output/02_Canonical_Working_Tree/MicroHydroV1/docs/automation/PowerAutomate_Flows_SoT_to_Release.md
Engineering/MicroHydroV1/docs/automation/README_Calibration_and_AutoEmbed.md,engineering/product/Releases/MicroHydroV1_Work/MasterIntegrated_Output/02_Canonical_Working_Tree/MicroHydroV1/docs/automation/README_Calibration_and_AutoEmbed.md
Engineering/MicroHydroV1/docs/automation/README_DO_ALL.md,engineering/product/Releases/MicroHydroV1_Work/MasterIntegrated_Output/02_Canonical_Working_Tree/MicroHydroV1/docs/automation/README_DO_ALL.md
Engineering/MicroHydroV1/docs/run3/README_AUTOFILL.md,engineering/product/Releases/MicroHydroV1_Work/MasterIntegrated_Output/01_SharePoint_Libraries/MicroHydroV1 — SoT/MicroHydroV1/MicroHydroV1_RUN3_AutoFill_Evidence_RUNID_BASELINE_v0.3.0/MicroHydroV1/docs/run3/README_AUTOFILL.md
Engineering/MicroHydroV1/docs/run3/RUN3_Evidence_Template.docx,engineering/product/Releases/MicroHydroV1_Work/MasterIntegrated_Output/01_SharePoint_Libraries/MicroHydroV1 — SoT/MicroHydroV1/MicroHydroV1_RUN3_AutoFill_Evidence_PLUS_Workbook_v0.3.0/MicroHydroV1/docs/run3/RUN3_Evidence_Template.docx
Engineering/MicroHydroV1/docs/run3/RUN3_Evidence_Template.md,engineering/product/Releases/MicroHydroV1_Work/MasterIntegrated_Output/02_Canonical_Working_Tree/MicroHydroV1/docs/run3/RUN3_Evidence_Template.md
Engineering/MicroHydroV1/docs/run3/RUN3_Operator_Card.md,engineering/product/Releases/MicroHydroV1_Work/MasterIntegrated_Output/02_Canonical_Working_Tree/MicroHydroV1/docs/run3/RUN3_Operator_Card.md
Engineering/MicroHydroV1/docs/templates/DAQ_Logger_Config_RUN3.xlsx,engineering/microhydro-v1-sot/MicroHydroV1/docs/templates/DAQ_Logger_Config_RUN3.xlsx
Engineering/MicroHydroV1/docs/templates/PT_Calibration_PressurePa_TimeS_100Hz.xlsx,engineering/microhydro-v1-sot/MicroHydroV1/docs/templates/PT_Calibration_PressurePa_TimeS_100Hz.xlsx
Engineering/MicroHydroV1/docs/templates/T002_TankRipple_TimeSeries_Template.csv,engineering/microhydro-v1-sot/MicroHydroV1/docs/templates/T002_TankRipple_TimeSeries_Template.csv
Engineering/MicroHydroV1/docs/templates/T003_ELC_Frequency_TimeSeries_Template.csv,engineering/microhydro-v1-sot/MicroHydroV1/docs/templates/T003_ELC_Frequency_TimeSeries_Template.csv
Engineering/MicroHydroV1/tests/raw/2026-01-22_Run1_ELCStability/T003_ELCStability_Run1.csv,engineering/microhydro-v1-sot/MicroHydroV1/tests/raw/2026-01-22_Run1_ELCStability/T003_ELCStability_Run1.csv
Engineering/MicroHydroV1/tests/raw/2026-01-22_Run1_JetCoherence/T001_JetCoherence_Run1.csv,engineering/microhydro-v1-sot/MicroHydroV1/tests/raw/2026-01-22_Run1_JetCoherence/T001_JetCoherence_Run1.csv
Engineering/MicroHydroV1/tests/raw/2026-01-22_Run1_Power/T004_Power_Run1.csv,engineering/microhydro-v1-sot/MicroHydroV1/tests/raw/2026-01-22_Run1_Power/T004_Power_Run1.csv
Engineering/MicroHydroV1/tests/raw/2026-01-22_Run1_TankRipple/T002_TankRipple_Run1.csv,engineering/microhydro-v1-sot/MicroHydroV1/tests/raw/2026-01-22_Run1_TankRipple/T002_TankRipple_Run1.csv
Engineering/MicroHydroV1/tools/cad/apply_optimized_params.py,engineering/product/Releases/MicroHydroV1_Work/MasterIntegrated_Output/02_Canonical_Working_Tree/MicroHydroV1/tools/cad/apply_optimized_params.py
Engineering/MicroHydroV1/tools/cad/build_all_use_optimized.FCMacro,engineering/product/Releases/MicroHydroV1_Work/MasterIntegrated_Output/02_Canonical_Working_Tree/MicroHydroV1/tools/cad/build_all_use_optimized.FCMacro
Engineering/MicroHydroV1/tools/optimize/opt_config.json,engineering/product/Releases/MicroHydroV1_Work/MasterIntegrated_Output/01_SharePoint_Libraries/MicroHydroV1 — SoT/MicroHydroV1/tools/optimize/opt_config.json
Engineering/MicroHydroV1/tools/optimize/optimize_params.py,engineering/product/Releases/MicroHydroV1_Work/MasterIntegrated_Output/01_SharePoint_Libraries/MicroHydroV1 — SoT/MicroHydroV1/tools/optimize/optimize_params.py
Engineering/MicroHydroV1/tools/plots/plot_t002_psd_peakiness.py,engineering/product/Releases/MicroHydroV1_Work/MasterIntegrated_Output/01_SharePoint_Libraries/MicroHydroV1 — SoT/MicroHydroV1/MicroHydroV1_RUN3_AutoFill_Evidence_PLUS_Workbook_v0.3.0/MicroHydroV1/tools/plots/plot_t002_psd_peakiness.py
Engineering/MicroHydroV1/tools/release/make_release.py,engineering/product/Releases/MicroHydroV1_Work/MasterIntegrated_Output/01_SharePoint_Libraries/MicroHydroV1 — SoT/MicroHydroV1/tools/release/make_release.py
Engineering/MicroHydroV1/tools/run_pipeline.py,engineering/product/Releases/MicroHydroV1_Work/MasterIntegrated_Output/01_SharePoint_Libraries/MicroHydroV1 — SoT/MicroHydroV1/tools/run_pipeline.py
Engineering/MicroHydroV1/tools/validate/validate_repo.py,engineering/microhydro-v1/tools/validate/validate_repo.py
Engineering/MicroHydroV1/tools/workflow/autofill_evidence_doc.py,engineering/product/Releases/MicroHydroV1_Work/MasterIntegrated_Output/01_SharePoint_Libraries/MicroHydroV1 — SoT/MicroHydroV1/MicroHydroV1_RUN3_AutoFill_Evidence_RUNID_BASELINE_v0.3.0/MicroHydroV1/tools/workflow/autofill_evidence_doc.py
Engineering/MicroHydroV1/tools/workflow/run_closed_loop.py,engineering/product/Releases/MicroHydroV1_Work/MasterIntegrated_Output/02_Canonical_Working_Tree/MicroHydroV1/tools/workflow/run_closed_loop.py
Engineering/README.md,engineering/microhydro-v1/README.md
Engineering/RnD/Protocols/PROTOCOL_001_PHI_TURBINE_DESKTOP_TEST.md,engineering/protocols/Protocols/PROTOCOL_001_PHI_TURBINE_DESKTOP_TEST.md
Engineering/Tests/Data/StageB_DataLog_Synthetic.csv,engineering/cad/MicroHydroV1_CAD Archive/MicroHydroV1_Full_Package/StageB_DataLog_Synthetic.csv
Engineering/Tests/Data/T001_JetCoherence_Run1.csv,engineering/cad/MicroHydroV1_CAD Archive/MicroHydroV1_Full_Package/T001_JetCoherence_Run1.csv
Engineering/Tests/Data/T002_TankRipple_Run1.csv,engineering/cad/MicroHydroV1_CAD Archive/MicroHydroV1_Full_Package/T002_TankRipple_Run1.csv
Engineering/Tests/Data/T003_ELCStability_Run1.csv,engineering/cad/MicroHydroV1_CAD Archive/MicroHydroV1_Full_Package/T003_ELCStability_Run1.csv
Engineering/Tests/Data/T004_Power_Run1.csv,engineering/cad/MicroHydroV1_CAD Archive/MicroHydroV1_Full_Package/T004_Power_Run1.csv
Engineering/Tests/tests/README.md,engineering/microhydro-v1/tests/README.md
04_Technology/handbooks/README.md,engineering/microhydro-v1/README.md
Funding/Agents/deal_terms_analyst.py,tools/agents/funding/deal_terms_analyst.py
Funding/Agents/financial_modeler.py,tools/agents/funding/financial_modeler.py
Funding/Agents/grant_scout.py,tools/agents/funding/grant_scout.py
Funding/Agents/grant_writer.py,tools/agents/funding/grant_writer.py
Funding/Agents/investor_targeting.py,tools/agents/funding/investor_targeting.py
Funding/Agents/pitch_deck_generator.py,tools/agents/funding/pitch_deck_generator.py
Partnerships/Agents/deal_optimizer.py,tools/agents/partnerships/deal_optimizer.py
Partnerships/Agents/outreach_manager.py,tools/agents/partnerships/outreach_manager.py
Partnerships/Agents/partnership_scout.py,tools/agents/partnerships/partnership_scout.py
Partnerships/Agents/proposal_writer.py,tools/agents/partnerships/proposal_writer.py
Partnerships/Agents/relationship_manager.py,tools/agents/partnerships/relationship_manager.py
Sales_Marketing/Agents/brand_strategy.py,tools/agents/sales-marketing/brand_strategy.py
Sales_Marketing/Agents/content_marketing.py,tools/agents/sales-marketing/content_marketing.py
Sales_Marketing/Agents/customer_success.py,tools/agents/sales-marketing/customer_success.py
Sales_Marketing/Agents/lead_generation.py,tools/agents/sales-marketing/lead_generation.py
Sales_Marketing/Agents/sales_scripts.py,tools/agents/sales-marketing/sales_scripts.py
Sales_Marketing/Agents/seo_specialist.py,tools/agents/sales-marketing/seo_specialist.py
IP/Agents/fto_checker.py,tools/agents/ip/fto_checker.py
IP/Agents/international_filer.py,tools/agents/ip/international_filer.py
IP/Agents/ip_valuator.py,tools/agents/ip/ip_valuator.py
IP/Agents/licensing_strategist.py,tools/agents/ip/licensing_strategist.py
IP/Agents/patent_drafter.py,tools/agents/ip/patent_drafter.py
IP/Agents/portfolio_manager.py,tools/agents/ip/portfolio_manager.py
Operations/Agents/OPERATIONS_AGENT_ACTIVATION_PLAN.md,tools/agents/operations/OPERATIONS_AGENT_ACTIVATION_PLAN.md
Operations/Agents/incident_response.py,tools/agents/operations/incident_response.py
Operations/Agents/maintenance_management.py,tools/agents/operations/maintenance_management.py
Operations/Agents/operations_dashboard.py,tools/agents/operations/operations_dashboard.py
Operations/Agents/process_automation.py,tools/agents/operations/process_automation.py
Operations/Agents/quality_control.py,tools/agents/operations/quality_control.py
Operations/Agents/resource_allocation.py,tools/agents/operations/resource_allocation.py
99_Operations/Visionary_Intelligence/04_Artifacts/README.md,engineering/microhydro-v1/README.md
99_Operations/Visionary_Intelligence/04_Artifacts/Schauberger/images/README.md,engineering/microhydro-v1/README.md
99_Operations/Visionary_Intelligence/04_Artifacts/Schauberger/patents/README.md,engineering/microhydro-v1/README.md
99_Operations/Visionary_Intelligence/04_Artifacts/Schauberger/publications/README.md,engineering/microhydro-v1/README.md
99_Operations/Visionary_Intelligence/04_Artifacts/Shared/diagrams/README.md,engineering/microhydro-v1/README.md
99_Operations/Visionary_Intelligence/04_Artifacts/Shared/figures/README.md,engineering/microhydro-v1/README.md
99_Operations/Visionary_Intelligence/04_Artifacts/Shared/historical_images/README.md,engineering/microhydro-v1/README.md
99_Operations/Visionary_Intelligence/04_Artifacts/Tesla/images/README.md,engineering/microhydro-v1/README.md
99_Operations/Visionary_Intelligence/04_Artifacts/Tesla/patents/README.md,engineering/microhydro-v1/README.md
99_Operations/Visionary_Intelligence/04_Artifacts/Tesla/publications/README.md,engineering/microhydro-v1/README.md
99_Operations/Visionary_Intelligence/05_Doctrine_Output/README.md,engineering/microhydro-v1/README.md
99_Operations/Visionary_Intelligence/06_Tools/crosslinking/README.md,engineering/microhydro-v1/README.md
99_Operations/Visionary_Intelligence/06_Tools/hydraulics/README.md,engineering/microhydro-v1/README.md
99_Operations/Visionary_Intelligence/07_Scenario_Traceability/README.md,engineering/microhydro-v1/README.md
99_Operations/Visionary_Intelligence/CHANGELOG.md,engineering/product/Change_Logs/CHANGELOG.md
99_Operations/Visionary_Intelligence/README.md,engineering/microhydro-v1/README.md
99_Operations 2/Visionary_Intelligence/04_Artifacts/README.md,engineering/microhydro-v1/README.md
99_Operations 2/Visionary_Intelligence/04_Artifacts/Schauberger/images/README.md,engineering/microhydro-v1/README.md
99_Operations 2/Visionary_Intelligence/04_Artifacts/Schauberger/patents/README.md,engineering/microhydro-v1/README.md
99_Operations 2/Visionary_Intelligence/04_Artifacts/Schauberger/publications/README.md,engineering/microhydro-v1/README.md
99_Operations 2/Visionary_Intelligence/04_Artifacts/Shared/diagrams/README.md,engineering/microhydro-v1/README.md
99_Operations 2/Visionary_Intelligence/04_Artifacts/Shared/figures/README.md,engineering/microhydro-v1/README.md
99_Operations 2/Visionary_Intelligence/04_Artifacts/Shared/historical_images/README.md,engineering/microhydro-v1/README.md
99_Operations 2/Visionary_Intelligence/04_Artifacts/Tesla/images/README.md,engineering/microhydro-v1/README.md
99_Operations 2/Visionary_Intelligence/04_Artifacts/Tesla/patents/README.md,engineering/microhydro-v1/README.md
99_Operations 2/Visionary_Intelligence/04_Artifacts/Tesla/publications/README.md,engineering/microhydro-v1/README.md
99_Operations 2/Visionary_Intelligence/05_Doctrine_Output/README.md,engineering/microhydro-v1/README.md
99_Operations 2/Visionary_Intelligence/06_Tools/crosslinking/README.md,engineering/microhydro-v1/README.md
99_Operations 2/Visionary_Intelligence/06_Tools/hydraulics/README.md,engineering/microhydro-v1/README.md
99_Operations 2/Visionary_Intelligence/07_Scenario_Traceability/README.md,engineering/microhydro-v1/README.md
99_Operations 2/Visionary_Intelligence/CHANGELOG.md,engineering/product/Change_Logs/CHANGELOG.md
99_Operations 2/Visionary_Intelligence/README.md,engineering/microhydro-v1/README.md
99_Operations 3/Visionary_Intelligence/04_Artifacts/README.md,engineering/microhydro-v1/README.md
99_Operations 3/Visionary_Intelligence/04_Artifacts/Schauberger/images/README.md,engineering/microhydro-v1/README.md
99_Operations 3/Visionary_Intelligence/04_Artifacts/Schauberger/patents/README.md,engineering/microhydro-v1/README.md
99_Operations 3/Visionary_Intelligence/04_Artifacts/Schauberger/publications/README.md,engineering/microhydro-v1/README.md
99_Operations 3/Visionary_Intelligence/04_Artifacts/Shared/diagrams/README.md,engineering/microhydro-v1/README.md
99_Operations 3/Visionary_Intelligence/04_Artifacts/Shared/figures/README.md,engineering/microhydro-v1/README.md
99_Operations 3/Visionary_Intelligence/04_Artifacts/Shared/historical_images/README.md,engineering/microhydro-v1/README.md
99_Operations 3/Visionary_Intelligence/04_Artifacts/Tesla/images/README.md,engineering/microhydro-v1/README.md
99_Operations 3/Visionary_Intelligence/04_Artifacts/Tesla/patents/README.md,engineering/microhydro-v1/README.md
99_Operations 3/Visionary_Intelligence/04_Artifacts/Tesla/publications/README.md,engineering/microhydro-v1/README.md
99_Operations 3/Visionary_Intelligence/05_Doctrine_Output/README.md,engineering/microhydro-v1/README.md
99_Operations 3/Visionary_Intelligence/06_Tools/crosslinking/README.md,engineering/microhydro-v1/README.md
99_Operations 3/Visionary_Intelligence/06_Tools/hydraulics/README.md,engineering/microhydro-v1/README.md
99_Operations 3/Visionary_Intelligence/07_Scenario_Traceability/README.md,engineering/microhydro-v1/README.md
99_Operations 3/Visionary_Intelligence/CHANGELOG.md,engineering/product/Change_Logs/CHANGELOG.md
99_Operations 3/Visionary_Intelligence/README.md,engineering/microhydro-v1/README.md
Research/MASTER_PRODUCTION_PACKAGE 2/11_Bench_Test_Pack/Jet_Coherence_Test/Jet_Coherence_Procedure.docx,engineering/product/Releases/MicroHydroV1_Work/MasterIntegrated_Output/01_SharePoint_Libraries/MicroHydroV1 — SoT/MicroHydroV1/docs/Jet_Coherence_Procedure.docx
Research/MASTER_PRODUCTION_PACKAGE 2/11_Bench_Test_Pack/Tank_Ripple_Test/Tank_Ripple_Procedure.docx,engineering/product/Releases/MicroHydroV1_Work/MasterIntegrated_Output/01_SharePoint_Libraries/MicroHydroV1 — SoT/MicroHydroV1/docs/Tank_Ripple_Procedure.docx
Research/MASTER_PRODUCTION_PACKAGE 2/14_Reports/PASS_A_FULL_RevA.docx,engineering/product/Releases/MicroHydroV1_Work/MasterIntegrated_Output/01_SharePoint_Libraries/MicroHydroV1 — SoT/MicroHydroV1/docs/PASS_A_FULL_RevA.docx
Research/MASTER_PRODUCTION_PACKAGE 2/Import_Config.json,engineering/product/Releases/MicroHydroV1_Work/MasterIntegrated_Output/01_SharePoint_Libraries/MicroHydroV1 — SoT/MicroHydroV1/automation/Import_Config.json
Research/MASTER_PRODUCTION_PACKAGE 2/Master_Index.docx,engineering/product/Releases/MicroHydroV1_Work/MasterIntegrated_Output/01_SharePoint_Libraries/MicroHydroV1 — SoT/MicroHydroV1/docs/Master_Index.docx
Research/MASTER_PRODUCTION_PACKAGE 2/Measurements_Import_Template.csv,engineering/microhydro-v1-sot/MicroHydroV1/automation/Measurements_Import_Template.csv
Research/MASTER_PRODUCTION_PACKAGE 2/MicroHydroV1_Bench_Test_Tracker.xlsx,engineering/cad/MicroHydroV1_CAD Archive/MicroHydroV1_Bench_Test_Tracker.xlsx
Research/MASTER_PRODUCTION_PACKAGE 2/MicroHydroV1_RnD_Export (1).xlsx,engineering/cad/MicroHydroV1_CAD Archive/MicroHydroV1_RnD_Export (1).xlsx
Research/MASTER_PRODUCTION_PACKAGE 2/MicroHydroV1_RnD_Export.xlsx,engineering/microhydro-v1-sot/MicroHydroV1/automation/MicroHydroV1_RnD_Export.xlsx
Research/MASTER_PRODUCTION_PACKAGE 2/MicroHydroV1_RnD_Export_SYNTH.xlsx,engineering/cad/MicroHydroV1_CAD Archive/MicroHydroV1_RnD_Export_SYNTH.xlsx
Research/MASTER_PRODUCTION_PACKAGE 2/MicroHydroV1_StageB_Package.zip,engineering/cad/MicroHydroV1_CAD Archive/MicroHydroV1_StageB_Package.zip
Research/MASTER_PRODUCTION_PACKAGE 2/MicroHydroV1_Tank_Ripple_Test_Procedure_WITH_TOC.docx,engineering/cad/MicroHydroV1_CAD Archive/MicroHydroV1_Tank_Ripple_Test_Procedure_WITH_TOC.docx
Research/MASTER_PRODUCTION_PACKAGE 2/Run_of_Show_Checklist.docx,engineering/product/Releases/MicroHydroV1_Work/MasterIntegrated_Output/01_SharePoint_Libraries/MicroHydroV1 — SoT/MicroHydroV1/docs/Run_of_Show_Checklist.docx
Research/MASTER_PRODUCTION_PACKAGE 2/Test_Campaign_Plan.docx,engineering/product/Releases/MicroHydroV1_Work/MasterIntegrated_Output/01_SharePoint_Libraries/MicroHydroV1 — SoT/MicroHydroV1/docs/Test_Campaign_Plan.docx
Research/RnD_Additional/02_Targeted_Design_RnD/Requirements_Traceabillity.docx,research/topics/MASTER_PRODUCTION_PACKAGE 2/02_Targeted_Design_RnD/Requirements_Traceabillity.docx
Research/RnD_Additional/02_Targeted_Design_RnD/STW_Design_Matrix_PASSB.docx,research/topics/MASTER_PRODUCTION_PACKAGE 2/02_Targeted_Design_RnD/STW_Design_Matrix_PASSB.docx
Research/RnD_Additional/02_Targeted_Design_RnD/STW_Design_vNext.docx,research/topics/MASTER_PRODUCTION_PACKAGE 2/02_Targeted_Design_RnD/STW_Design_vNext.docx
Research/RnD_Additional/04_Hydram_Research_Unit/HYDRAM_RUN2_Overview.docx,research/topics/MASTER_PRODUCTION_PACKAGE 2/04_Hydram_Research_Unit/HYDRAM_RUN2_Overview.docx
Research/RnD_Additional/04_Hydram_Research_Unit/TANK_Ripple_Model.xlsx,research/topics/MASTER_PRODUCTION_PACKAGE 2/04_Hydram_Research_Unit/TANK_Ripple_Model.xlsx
Research/RnD_Additional/05_Tank_Hydraulics_Unit/MicroHydroV1_Bench_Test_Tracker.xlsx,research/topics/MASTER_PRODUCTION_PACKAGE 2/05_Tank_Hydraulics_Unit/MicroHydroV1_Bench_Test_Tracker.xlsx
Research/RnD_Additional/05_Tank_Hydraulics_Unit/TANK_Inlet_Comparison_RUN2.docx,research/topics/MASTER_PRODUCTION_PACKAGE 2/05_Tank_Hydraulics_Unit/TANK_Inlet_Comparison_RUN2.docx
Research/RnD_Additional/05_Tank_Hydraulics_Unit/TANK_Ripple_Model.xlsx,research/topics/MASTER_PRODUCTION_PACKAGE 2/05_Tank_Hydraulics_Unit/TANK_Ripple_Model.xlsx
Research/RnD_Additional/06_Penstock_Flow_Unit/PENSTOCK_FLOW_DATA.xlsx,research/topics/MASTER_PRODUCTION_PACKAGE 2/06_Penstock_Flow_Unit/PENSTOCK_FLOW_DATA.xlsx
Research/RnD_Additional/06_Penstock_Flow_Unit/PENSTOCK_Selection_RUN2.docx,research/topics/MASTER_PRODUCTION_PACKAGE 2/06_Penstock_Flow_Unit/PENSTOCK_Selection_RUN2.docx
Research/RnD_Additional/07_Turbine_Optimization_Unit/NOZZLE_DATA_RUN2.xlsx,research/topics/MASTER_PRODUCTION_PACKAGE 2/07_Turbine_Optimization_Unit/NOZZLE_DATA_RUN2.xlsx
Research/RnD_Additional/07_Turbine_Optimization_Unit/NOZZLE_Sweep_RUN2.docx,research/topics/MASTER_PRODUCTION_PACKAGE 2/07_Turbine_Optimization_Unit/NOZZLE_Sweep_RUN2.docx
Research/RnD_Additional/08_Electrical_Control_Unit/ELC_Frequency_Response.xlsx,research/topics/MASTER_PRODUCTION_PACKAGE 2/08_Electrical_Control_Unit/ELC_Frequency_Response.xlsx
Research/RnD_Additional/08_Electrical_Control_Unit/ELC_Inverter_Tuning_RUN2.docx,research/topics/MASTER_PRODUCTION_PACKAGE 2/08_Electrical_Control_Unit/ELC_Inverter_Tuning_RUN2.docx
Research/RnD_Additional/09_Intergrated_System_Modeling/INTEGRATED_RUN2.docx,research/topics/MASTER_PRODUCTION_PACKAGE 2/09_Intergrated_System_Modeling/INTEGRATED_RUN2.docx
Research/RnD_Additional/09_Intergrated_System_Modeling/INTEGRATED_RUN2_Data.xlsx,research/topics/MASTER_PRODUCTION_PACKAGE 2/09_Intergrated_System_Modeling/INTEGRATED_RUN2_Data.xlsx
Research/RnD_Additional/09_Intergrated_System_Modeling/System_Architecture.md.docx,research/topics/MASTER_PRODUCTION_PACKAGE 2/09_Intergrated_System_Modeling/System_Architecture.md.docx
Research/RnD_Additional/10_Design_VNext/01_Tank_Inlet_Hyperbolic/Engineering_Rationale_Hyperbolic_Inlet.docx,research/topics/MASTER_PRODUCTION_PACKAGE 2/10_Design_VNext/01_Tank_Inlet_Hyperbolic/Engineering_Rationale_Hyperbolic_Inlet.docx
Research/RnD_Additional/10_Design_VNext/01_Tank_Inlet_Hyperbolic/Hyberbolic_Inlet_Design.docx,research/topics/MASTER_PRODUCTION_PACKAGE 2/10_Design_VNext/01_Tank_Inlet_Hyperbolic/Hyberbolic_Inlet_Design.docx
Research/RnD_Additional/10_Design_VNext/01_Tank_Inlet_Hyperbolic/Hyperbolic_Inlet_BOM.xlsx,research/topics/MASTER_PRODUCTION_PACKAGE 2/10_Design_VNext/01_Tank_Inlet_Hyperbolic/Hyperbolic_Inlet_BOM.xlsx
Research/RnD_Additional/10_Design_VNext/01_Tank_Inlet_Hyperbolic/Hyperbolic_Inlet_Drawing.svg.docx,research/topics/MASTER_PRODUCTION_PACKAGE 2/10_Design_VNext/01_Tank_Inlet_Hyperbolic/Hyperbolic_Inlet_Drawing.svg.docx
Research/RnD_Additional/10_Design_VNext/02_Nozzle_9mm_PreSwirl/Engineering_Rational_Nozzle_9mm_.docx,research/topics/MASTER_PRODUCTION_PACKAGE 2/10_Design_VNext/02_Nozzle_9mm_PreSwirl/Engineering_Rational_Nozzle_9mm_.docx
Research/RnD_Additional/10_Design_VNext/02_Nozzle_9mm_PreSwirl/Nozzle_9mm_PreSwirl_Design.docx,research/topics/MASTER_PRODUCTION_PACKAGE 2/10_Design_VNext/02_Nozzle_9mm_PreSwirl/Nozzle_9mm_PreSwirl_Design.docx
Research/RnD_Additional/10_Design_VNext/02_Nozzle_9mm_PreSwirl/Nozzle_9mm_PreSwirl_Drawing.svg.docx,research/topics/MASTER_PRODUCTION_PACKAGE 2/10_Design_VNext/02_Nozzle_9mm_PreSwirl/Nozzle_9mm_PreSwirl_Drawing.svg.docx
Research/RnD_Additional/10_Design_VNext/02_Nozzle_9mm_PreSwirl/Nozzle_PreSwirl_BOM.xlsx,research/topics/MASTER_PRODUCTION_PACKAGE 2/10_Design_VNext/02_Nozzle_9mm_PreSwirl/Nozzle_PreSwirl_BOM.xlsx
Research/RnD_Additional/10_Design_VNext/MicroHydroV1_Design_vNext_Readout_Stages_A-D.docx,research/topics/MASTER_PRODUCTION_PACKAGE 2/10_Design_VNext/MicroHydroV1_Design_vNext_Readout_Stages_A-D.docx
Research/RnD_Additional/11_Bench_Test_Pack/Bench_Test_Results_Summary.docx,research/topics/MASTER_PRODUCTION_PACKAGE 2/11_Bench_Test_Pack/Bench_Test_Results_Summary.docx
Research/RnD_Additional/11_Bench_Test_Pack/Bench_Test_Tracker.xlsx,research/topics/MASTER_PRODUCTION_PACKAGE 2/11_Bench_Test_Pack/Bench_Test_Tracker.xlsx
Research/RnD_Additional/11_Bench_Test_Pack/Jet_Coherence_Test/Jet_Coherence_Datasheet.xlsx,research/topics/MASTER_PRODUCTION_PACKAGE 2/11_Bench_Test_Pack/Jet_Coherence_Test/Jet_Coherence_Datasheet.xlsx
Research/RnD_Additional/11_Bench_Test_Pack/Jet_Coherence_Test/Jet_Coherence_Imaging_Notes.docx,research/topics/MASTER_PRODUCTION_PACKAGE 2/11_Bench_Test_Pack/Jet_Coherence_Test/Jet_Coherence_Imaging_Notes.docx
Research/RnD_Additional/11_Bench_Test_Pack/Jet_Coherence_Test/Jet_Coherence_Procedure.docx,engineering/product/Releases/MicroHydroV1_Work/MasterIntegrated_Output/01_SharePoint_Libraries/MicroHydroV1 — SoT/MicroHydroV1/docs/Jet_Coherence_Procedure.docx
Research/RnD_Additional/11_Bench_Test_Pack/Results_Intake_Template.xlsx,research/topics/MASTER_PRODUCTION_PACKAGE 2/11_Bench_Test_Pack/Results_Intake_Template.xlsx
Research/RnD_Additional/11_Bench_Test_Pack/Tank_Ripple_Test/Tank_Ripple_Datasheet.xlsx,research/topics/MASTER_PRODUCTION_PACKAGE 2/11_Bench_Test_Pack/Tank_Ripple_Test/Tank_Ripple_Datasheet.xlsx
Research/RnD_Additional/11_Bench_Test_Pack/Tank_Ripple_Test/Tank_Ripple_Procedure.docx,engineering/product/Releases/MicroHydroV1_Work/MasterIntegrated_Output/01_SharePoint_Libraries/MicroHydroV1 — SoT/MicroHydroV1/docs/Tank_Ripple_Procedure.docx
Research/RnD_Additional/11_Bench_Test_Pack/Tank_Ripple_Test/Tank_Ripple_Sensor_Mounting.svg.docx,research/topics/MASTER_PRODUCTION_PACKAGE 2/11_Bench_Test_Pack/Tank_Ripple_Test/Tank_Ripple_Sensor_Mounting.svg.docx
Research/RnD_Additional/12_Patents/PATENT_PASSB_Full.docx,research/topics/MASTER_PRODUCTION_PACKAGE 2/12_Patents/PATENT_PASSB_Full.docx
Research/RnD_Additional/12_Patents/Patent_Index.xlsx,research/topics/MASTER_PRODUCTION_PACKAGE 2/12_Patents/Patent_Index.xlsx
Research/RnD_Additional/12_Patents/Schauberger_Summaries.docx,research/topics/MASTER_PRODUCTION_PACKAGE 2/12_Patents/Schauberger_Summaries.docx
Research/RnD_Additional/12_Patents/Tesla_Summaries.docx,research/topics/MASTER_PRODUCTION_PACKAGE 2/12_Patents/Tesla_Summaries.docx
Research/RnD_Additional/12_Patents/Winter_Summaries.docx,research/topics/MASTER_PRODUCTION_PACKAGE 2/12_Patents/Winter_Summaries.docx
Research/RnD_Additional/14_Reports/Design_vNext_Readout_FULL.docx,research/topics/MASTER_PRODUCTION_PACKAGE 2/14_Reports/Design_vNext_Readout_FULL.docx
Research/RnD_Additional/14_Reports/PASS_A_FULL.docx,research/topics/MASTER_PRODUCTION_PACKAGE 2/14_Reports/PASS_A_FULL.docx
Research/RnD_Additional/14_Reports/PASS_A_FULL_Populated_v2.docx,research/topics/MASTER_PRODUCTION_PACKAGE 2/14_Reports/PASS_A_FULL_Populated_v2.docx
Research/RnD_Additional/14_Reports/PASS_A_FULL_RevA.docx,engineering/product/Releases/MicroHydroV1_Work/MasterIntegrated_Output/01_SharePoint_Libraries/MicroHydroV1 — SoT/MicroHydroV1/docs/PASS_A_FULL_RevA.docx
Research/RnD_Additional/14_Reports/Program_Readout_Executive_Summary.docx,research/topics/MASTER_PRODUCTION_PACKAGE 2/14_Reports/Program_Readout_Executive_Summary.docx
Research/RnD_Additional/14_Reports/RUN2_Comapre_PhiWeights.docx,research/topics/MASTER_PRODUCTION_PACKAGE 2/14_Reports/RUN2_Comapre_PhiWeights.docx
Research/RnD_Additional/14_Reports/RUN2_Summary.docx,research/topics/MASTER_PRODUCTION_PACKAGE 2/14_Reports/RUN2_Summary.docx
Research/RnD_Additional/14_Reports/StageB_TestPlan.txt,research/topics/MASTER_PRODUCTION_PACKAGE 2/14_Reports/StageB_TestPlan.txt
Research/RnD_Additional/Import_Config.json,engineering/product/Releases/MicroHydroV1_Work/MasterIntegrated_Output/01_SharePoint_Libraries/MicroHydroV1 — SoT/MicroHydroV1/automation/Import_Config.json
Research/RnD_Additional/MASTER_PASS_A_Document.docx,research/topics/MASTER_PRODUCTION_PACKAGE 2/MASTER_PASS_A_Document.docx
Research/RnD_Additional/Master_Index.docx,engineering/product/Releases/MicroHydroV1_Work/MasterIntegrated_Output/01_SharePoint_Libraries/MicroHydroV1 — SoT/MicroHydroV1/docs/Master_Index.docx
Research/RnD_Additional/Measurements_Import_Template.csv,engineering/microhydro-v1-sot/MicroHydroV1/automation/Measurements_Import_Template.csv
Research/RnD_Additional/README.md.docx,research/topics/MASTER_PRODUCTION_PACKAGE 2/README.md.docx
Research/RnD_Additional/README_IMPORT.md,research/topics/MASTER_PRODUCTION_PACKAGE 2/README_IMPORT.md
Research/RnD_Additional/Refinement_Prompts.docx,research/topics/MASTER_PRODUCTION_PACKAGE 2/Refinement_Prompts.docx
Research/RnD_Additional/Run_of_Show_Checklist.docx,engineering/product/Releases/MicroHydroV1_Work/MasterIntegrated_Output/01_SharePoint_Libraries/MicroHydroV1 — SoT/MicroHydroV1/docs/Run_of_Show_Checklist.docx
Research/RnD_Additional/Stakeholder_Presentation.pptx,research/topics/MASTER_PRODUCTION_PACKAGE 2/Stakeholder_Presentation.pptx
Research/RnD_Additional/Test_Campaign_Plan.docx,engineering/product/Releases/MicroHydroV1_Work/MasterIntegrated_Output/01_SharePoint_Libraries/MicroHydroV1 — SoT/MicroHydroV1/docs/Test_Campaign_Plan.docx
Research/RnD_Additional/import_measurements.py,engineering/product/Releases/MicroHydroV1_Work/MasterIntegrated_Output/01_SharePoint_Libraries/MicroHydroV1 — SoT/MicroHydroV1/MicroHydroV1_Importer_RunID_Patch_v0.3.0/MicroHydroV1/automation/import_measurements.py
Research/RnD_Additional/index.html.docx,research/topics/MASTER_PRODUCTION_PACKAGE 2/index.html.docx
Research/RnD_Additional/params.json,engineering/product/Releases/MicroHydroV1_Work/MasterIntegrated_Output/01_SharePoint_Libraries/MicroHydroV1 — SoT/MicroHydroV1/cad/params/params.json
Research/Visionary_Intelligence/04_Artifacts/README.md,engineering/microhydro-v1/README.md
Research/Visionary_Intelligence/04_Artifacts/Schauberger/images/README.md,engineering/microhydro-v1/README.md
Research/Visionary_Intelligence/04_Artifacts/Schauberger/patents/README.md,engineering/microhydro-v1/README.md
Research/Visionary_Intelligence/04_Artifacts/Schauberger/publications/README.md,engineering/microhydro-v1/README.md
Research/Visionary_Intelligence/04_Artifacts/Shared/diagrams/README.md,engineering/microhydro-v1/README.md
Research/Visionary_Intelligence/04_Artifacts/Shared/figures/README.md,engineering/microhydro-v1/README.md
Research/Visionary_Intelligence/04_Artifacts/Shared/historical_images/README.md,engineering/microhydro-v1/README.md
Research/Visionary_Intelligence/04_Artifacts/Tesla/images/README.md,engineering/microhydro-v1/README.md
Research/Visionary_Intelligence/04_Artifacts/Tesla/patents/README.md,engineering/microhydro-v1/README.md
Research/Visionary_Intelligence/04_Artifacts/Tesla/publications/README.md,engineering/microhydro-v1/README.md
Research/Visionary_Intelligence/05_Doctrine_Output/README.md,engineering/microhydro-v1/README.md
Research/Visionary_Intelligence/06_Tools/crosslinking/README.md,engineering/microhydro-v1/README.md
Research/Visionary_Intelligence/06_Tools/hydraulics/README.md,engineering/microhydro-v1/README.md
Research/Visionary_Intelligence/07_Scenario_Traceability/README.md,engineering/microhydro-v1/README.md
Research/Visionary_Intelligence/CHANGELOG.md,engineering/product/Change_Logs/CHANGELOG.md
Research/Visionary_Intelligence/README.md,engineering/microhydro-v1/README.md
OffGrid_Renewables_Cleantech_Engineering_Manual_V2/00_Readme/README.md,engineering/microhydro-v1/README.md
OffGrid_Renewables_Cleantech_Reference_Library/00_Readme/README.md,engineering/microhydro-v1/README.md
scripts/tools/README.md,engineering/microhydro-v1/README.md
scripts/tools/microhydro_master_integrator.py,engineering/product/Releases/MicroHydroV1_Work/MasterIntegrated_Output/05_Tools/microhydro_master_integrator.py
scripts/tools/policy_config.json,engineering/product/Releases/MicroHydroV1_Work/MasterIntegrated_Output/05_Tools/policy_config.json
temp_integration/tools/README.md,engineering/microhydro-v1/README.md
temp_integration/tools/microhydro_master_integrator.py,engineering/product/Releases/MicroHydroV1_Work/MasterIntegrated_Output/05_Tools/microhydro_master_integrator.py
temp_integration/tools/policy_config.json,engineering/product/Releases/MicroHydroV1_Work/MasterIntegrated_Output/05_Tools/policy_config.json
IT/Integrations/NextChat_Package/README.txt,tools/backup/README.txt
automation_logs/automation_20260213_165833.log,archive/automation/logs/automation_20260213_165823.log
automation_logs/automation_20260213_165854.log,archive/automation/logs/automation_20260213_165823.log
automation_logs/automation_20260213_194046.log,archive/automation/logs/automation_20260213_193837.log
docs/MircoHydro_Export_20260125/ETHICS_VALUES_BRAND.md,docs/strategy/ETHICS_VALUES_BRAND.md
docs/MircoHydro_Export_20260125/HISTORIC_MILLS_VISION_ARCHIVE.md,research/visionary/HISTORIC_MILLS_VISION_ARCHIVE.md
docs/MircoHydro_Export_20260125/MODERN_VISIONARIES_FOUNDATION.md,speculative/MODERN_VISIONARIES_FOUNDATION.md
docs/MircoHydro_Export_20260125/RND_ROADMAP_AND_FINDINGS.md,engineering/specs/RND_ROADMAP_AND_FINDINGS.md
docs/MircoHydro_Export_20260125/SIMULATION_FRAMEWORK.md,engineering/specs/SIMULATION_FRAMEWORK.md
docs/MircoHydro_Export_20260125/VALIDATION_REQUIREMENTS.md,engineering/specs/VALIDATION_REQUIREMENTS.md
docs/MircoHydro_Export_20260125/WORKFLOW_VISION_TO_PRODUCTION.md,docs/strategy/WORKFLOW_VISION_TO_PRODUCTION.md
artifacts/ResonanceEnergy_Enterprise_20260122_193803/04_Technology/handbooks/README.md,engineering/microhydro-v1/README.md
artifacts/ResonanceEnergy_Enterprise_20260122_193803/README.md,engineering/microhydro-v1/README.md
ARCHIVE/100_INSIGHTS_MILESTONE_2026-02-11.md,archive/exports/docs-export/MircoHydro_Export_20260125/100_INSIGHTS_MILESTONE.md
ARCHIVE/CONSOLIDATED_SOURCES/README.md,archive/exports/docs-export/MircoHydro_Export_20260125/README.md
ARCHIVE/CONSOLIDATED_SOURCES/VISIONARY_RESEARCH_EXPANSION_SUMMARY.md,archive/exports/docs-export/MircoHydro_Export_20260125/VISIONARY_RESEARCH_EXPANSION_SUMMARY.md
ARCHIVE/MASTER_EXECUTION_PLAN.md,archive/exports/docs-export/MircoHydro_Export_20260125/MASTER_EXECUTION_PLAN.md
ARCHIVE/PHASE_1_VISIONARY_EXECUTIVE_SUMMARY_2026-02-11.md,archive/exports/docs-export/MircoHydro_Export_20260125/PHASE_1_VISIONARY_EXECUTIVE_SUMMARY.md
ARCHIVE/VISIONARY_INSIGHTS_SYNTHESIS_PHASE1_2026-02-11.md,archive/exports/docs-export/MircoHydro_Export_20260125/VISIONARY_INSIGHTS_SYNTHESIS_PHASE1.md
IT/Integrations/NextChat_Package/README.txt,tools/backup/README.txt
IT/Integrations/NextChat_Package/chat_log.txt,tools/it-integrations/NextChat_Package/chat_log.txt
IT/Integrations/NextChat_Package/docs/next_steps.md,tools/it-integrations/NextChat_Package/docs/next_steps.md
IT/Integrations/NextChat_Package/freecad_addon/PUT_MicroHydroV1_Addon_macOS.zip_here.txt,tools/it-integrations/NextChat_Package/freecad_addon/PUT_MicroHydroV1_Addon_macOS.zip_here.txt
IT/Integrations/NextChat_Package/workspace_placeholders/PUT_MicroHydroV1_workspace_zip_here.txt,tools/it-integrations/NextChat_Package/workspace_placeholders/PUT_MicroHydroV1_workspace_zip_here.txt
IT/System_of_Truth/MicroHydroV1 — SoT/MicroHydroV1/MANIFEST.json,engineering/product/Releases/MicroHydroV1_Work/MasterIntegrated_Output/01_SharePoint_Libraries/MicroHydroV1 — SoT/MicroHydroV1/MANIFEST.json
IT/System_of_Truth/MicroHydroV1 — SoT/MicroHydroV1/MicroHydroV1_Importer_RunID_Patch_v0.3.0/MANIFEST.json,engineering/product/Releases/MicroHydroV1_Work/MasterIntegrated_Output/01_SharePoint_Libraries/MicroHydroV1 — SoT/MicroHydroV1/MicroHydroV1_Importer_RunID_Patch_v0.3.0/MANIFEST.json
IT/System_of_Truth/MicroHydroV1 — SoT/MicroHydroV1/MicroHydroV1_Importer_RunID_Patch_v0.3.0/MicroHydroV1/automation/import_measurements.py,engineering/product/Releases/MicroHydroV1_Work/MasterIntegrated_Output/01_SharePoint_Libraries/MicroHydroV1 — SoT/MicroHydroV1/MicroHydroV1_Importer_RunID_Patch_v0.3.0/MicroHydroV1/automation/import_measurements.py
IT/System_of_Truth/MicroHydroV1 — SoT/MicroHydroV1/MicroHydroV1_Importer_RunID_Patch_v0.3.0/MicroHydroV1/docs/governance/README_Importer_RunID_Patch.md,engineering/product/Releases/MicroHydroV1_Work/MasterIntegrated_Output/01_SharePoint_Libraries/MicroHydroV1 — SoT/MicroHydroV1/MicroHydroV1_Importer_RunID_Patch_v0.3.0/MicroHydroV1/docs/governance/README_Importer_RunID_Patch.md
IT/System_of_Truth/MicroHydroV1 — SoT/MicroHydroV1/MicroHydroV1_RUN3_AutoFill_Evidence_PLUS_Workbook_v0.3.0/MANIFEST.json,engineering/product/Releases/MicroHydroV1_Work/MasterIntegrated_Output/01_SharePoint_Libraries/MicroHydroV1 — SoT/MicroHydroV1/MicroHydroV1_RUN3_AutoFill_Evidence_PLUS_Workbook_v0.3.0/MANIFEST.json
IT/System_of_Truth/MicroHydroV1 — SoT/MicroHydroV1/MicroHydroV1_RUN3_AutoFill_Evidence_PLUS_Workbook_v0.3.0/MicroHydroV1/docs/run3/README_AUTOFILL.md,engineering/product/Releases/MicroHydroV1_Work/MasterIntegrated_Output/01_SharePoint_Libraries/MicroHydroV1 — SoT/MicroHydroV1/MicroHydroV1_RUN3_AutoFill_Evidence_PLUS_Workbook_v0.3.0/MicroHydroV1/docs/run3/README_AUTOFILL.md
IT/System_of_Truth/MicroHydroV1 — SoT/MicroHydroV1/MicroHydroV1_RUN3_AutoFill_Evidence_PLUS_Workbook_v0.3.0/MicroHydroV1/docs/run3/RUN3_Evidence_Template.docx,engineering/product/Releases/MicroHydroV1_Work/MasterIntegrated_Output/01_SharePoint_Libraries/MicroHydroV1 — SoT/MicroHydroV1/MicroHydroV1_RUN3_AutoFill_Evidence_PLUS_Workbook_v0.3.0/MicroHydroV1/docs/run3/RUN3_Evidence_Template.docx
IT/System_of_Truth/MicroHydroV1 — SoT/MicroHydroV1/MicroHydroV1_RUN3_AutoFill_Evidence_PLUS_Workbook_v0.3.0/MicroHydroV1/tools/plots/plot_t002_psd_peakiness.py,engineering/product/Releases/MicroHydroV1_Work/MasterIntegrated_Output/01_SharePoint_Libraries/MicroHydroV1 — SoT/MicroHydroV1/MicroHydroV1_RUN3_AutoFill_Evidence_PLUS_Workbook_v0.3.0/MicroHydroV1/tools/plots/plot_t002_psd_peakiness.py
IT/System_of_Truth/MicroHydroV1 — SoT/MicroHydroV1/MicroHydroV1_RUN3_AutoFill_Evidence_PLUS_Workbook_v0.3.0/MicroHydroV1/tools/workflow/autofill_evidence_doc.py,engineering/product/Releases/MicroHydroV1_Work/MasterIntegrated_Output/01_SharePoint_Libraries/MicroHydroV1 — SoT/MicroHydroV1/MicroHydroV1_RUN3_AutoFill_Evidence_PLUS_Workbook_v0.3.0/MicroHydroV1/tools/workflow/autofill_evidence_doc.py
IT/System_of_Truth/MicroHydroV1 — SoT/MicroHydroV1/MicroHydroV1_RUN3_AutoFill_Evidence_RUNID_BASELINE_v0.3.0/MANIFEST.json,engineering/product/Releases/MicroHydroV1_Work/MasterIntegrated_Output/01_SharePoint_Libraries/MicroHydroV1 — SoT/MicroHydroV1/MicroHydroV1_RUN3_AutoFill_Evidence_RUNID_BASELINE_v0.3.0/MANIFEST.json
IT/System_of_Truth/MicroHydroV1 — SoT/MicroHydroV1/MicroHydroV1_RUN3_AutoFill_Evidence_RUNID_BASELINE_v0.3.0/MicroHydroV1/docs/run3/README_AUTOFILL.md,engineering/product/Releases/MicroHydroV1_Work/MasterIntegrated_Output/01_SharePoint_Libraries/MicroHydroV1 — SoT/MicroHydroV1/MicroHydroV1_RUN3_AutoFill_Evidence_RUNID_BASELINE_v0.3.0/MicroHydroV1/docs/run3/README_AUTOFILL.md
IT/System_of_Truth/MicroHydroV1 — SoT/MicroHydroV1/MicroHydroV1_RUN3_AutoFill_Evidence_RUNID_BASELINE_v0.3.0/MicroHydroV1/docs/run3/RUN3_Evidence_Template.docx,engineering/product/Releases/MicroHydroV1_Work/MasterIntegrated_Output/01_SharePoint_Libraries/MicroHydroV1 — SoT/MicroHydroV1/MicroHydroV1_RUN3_AutoFill_Evidence_PLUS_Workbook_v0.3.0/MicroHydroV1/docs/run3/RUN3_Evidence_Template.docx
IT/System_of_Truth/MicroHydroV1 — SoT/MicroHydroV1/MicroHydroV1_RUN3_AutoFill_Evidence_RUNID_BASELINE_v0.3.0/MicroHydroV1/tools/plots/plot_t002_psd_peakiness.py,engineering/product/Releases/MicroHydroV1_Work/MasterIntegrated_Output/01_SharePoint_Libraries/MicroHydroV1 — SoT/MicroHydroV1/MicroHydroV1_RUN3_AutoFill_Evidence_PLUS_Workbook_v0.3.0/MicroHydroV1/tools/plots/plot_t002_psd_peakiness.py
IT/System_of_Truth/MicroHydroV1 — SoT/MicroHydroV1/MicroHydroV1_RUN3_AutoFill_Evidence_RUNID_BASELINE_v0.3.0/MicroHydroV1/tools/workflow/autofill_evidence_doc.py,engineering/product/Releases/MicroHydroV1_Work/MasterIntegrated_Output/01_SharePoint_Libraries/MicroHydroV1 — SoT/MicroHydroV1/MicroHydroV1_RUN3_AutoFill_Evidence_RUNID_BASELINE_v0.3.0/MicroHydroV1/tools/workflow/autofill_evidence_doc.py
IT/System_of_Truth/MicroHydroV1 — SoT/MicroHydroV1/MicroHydroV1_RunID_Migrator_v0.3.0/MANIFEST.json,engineering/product/Releases/MicroHydroV1_Work/MasterIntegrated_Output/01_SharePoint_Libraries/MicroHydroV1 — SoT/MicroHydroV1/MicroHydroV1_RunID_Migrator_v0.3.0/MANIFEST.json
IT/System_of_Truth/MicroHydroV1 — SoT/MicroHydroV1/MicroHydroV1_RunID_Migrator_v0.3.0/MicroHydroV1/docs/governance/README_RunID_Migration.md,engineering/product/Releases/MicroHydroV1_Work/MasterIntegrated_Output/01_SharePoint_Libraries/MicroHydroV1 — SoT/MicroHydroV1/MicroHydroV1_RunID_Migrator_v0.3.0/MicroHydroV1/docs/governance/README_RunID_Migration.md
IT/System_of_Truth/MicroHydroV1 — SoT/MicroHydroV1/MicroHydroV1_RunID_Migrator_v0.3.0/MicroHydroV1/tools/workflow/migrate_add_run_id.py,engineering/product/Releases/MicroHydroV1_Work/MasterIntegrated_Output/01_SharePoint_Libraries/MicroHydroV1 — SoT/MicroHydroV1/MicroHydroV1_RunID_Migrator_v0.3.0/MicroHydroV1/tools/workflow/migrate_add_run_id.py
IT/System_of_Truth/MicroHydroV1 — SoT/MicroHydroV1/MicroHydroV1_SharePoint_Version_Control_Configuration_Guide_v1.0.docx,engineering/product/Releases/MicroHydroV1 — Releases/MicroHydroV1_SharePoint_Version_Control_Configuration_Guide_v1.0 (1).docx
IT/System_of_Truth/MicroHydroV1 — SoT/MicroHydroV1/README.md,engineering/product/Releases/MicroHydroV1_Work/MasterIntegrated_Output/01_SharePoint_Libraries/MicroHydroV1 — SoT/MicroHydroV1/README.md
IT/System_of_Truth/MicroHydroV1 — SoT/MicroHydroV1/automation/Import_Config.json,engineering/product/Releases/MicroHydroV1_Work/MasterIntegrated_Output/01_SharePoint_Libraries/MicroHydroV1 — SoT/MicroHydroV1/automation/Import_Config.json
IT/System_of_Truth/MicroHydroV1 — SoT/MicroHydroV1/cad/macros/01_Diffuser/build_diffuser.FCMacro,engineering/product/Releases/MicroHydroV1_Work/MasterIntegrated_Output/01_SharePoint_Libraries/MicroHydroV1 — SoT/MicroHydroV1/cad/macros/01_Diffuser/build_diffuser.FCMacro
IT/System_of_Truth/MicroHydroV1 — SoT/MicroHydroV1/cad/macros/02_Nozzle/build_nozzle.FCMacro,engineering/product/Releases/MicroHydroV1_Work/MasterIntegrated_Output/01_SharePoint_Libraries/MicroHydroV1 — SoT/MicroHydroV1/cad/macros/02_Nozzle/build_nozzle.FCMacro
IT/System_of_Truth/MicroHydroV1 — SoT/MicroHydroV1/cad/macros/03_VanePacks/build_vanepacks.FCMacro,engineering/product/Releases/MicroHydroV1_Work/MasterIntegrated_Output/01_SharePoint_Libraries/MicroHydroV1 — SoT/MicroHydroV1/cad/macros/03_VanePacks/build_vanepacks.FCMacro
IT/System_of_Truth/MicroHydroV1 — SoT/MicroHydroV1/cad/macros/04_Retainer/build_retainer.FCMacro,engineering/product/Releases/MicroHydroV1_Work/MasterIntegrated_Output/01_SharePoint_Libraries/MicroHydroV1 — SoT/MicroHydroV1/cad/macros/04_Retainer/build_retainer.FCMacro
IT/System_of_Truth/MicroHydroV1 — SoT/MicroHydroV1/cad/macros/Assembly/build_assembly.FCMacro,engineering/product/Releases/MicroHydroV1_Work/MasterIntegrated_Output/01_SharePoint_Libraries/MicroHydroV1 — SoT/MicroHydroV1/cad/macros/Assembly/build_assembly.FCMacro
IT/System_of_Truth/MicroHydroV1 — SoT/MicroHydroV1/cad/macros/README.txt,engineering/product/Releases/MicroHydroV1_Work/MasterIntegrated_Output/01_SharePoint_Libraries/MicroHydroV1 — SoT/MicroHydroV1/cad/macros/README.txt
IT/System_of_Truth/MicroHydroV1 — SoT/MicroHydroV1/cad/macros/build_all.FCMacro,engineering/product/Releases/MicroHydroV1_Work/MasterIntegrated_Output/01_SharePoint_Libraries/MicroHydroV1 — SoT/MicroHydroV1/cad/macros/build_all.FCMacro
IT/System_of_Truth/MicroHydroV1 — SoT/MicroHydroV1/cad/macros/params.json,engineering/product/Releases/MicroHydroV1_Work/MasterIntegrated_Output/01_SharePoint_Libraries/MicroHydroV1 — SoT/MicroHydroV1/cad/macros/params.json
IT/System_of_Truth/MicroHydroV1 — SoT/MicroHydroV1/cad/macros/scripts/export_batch.FCMacro,engineering/product/Releases/MicroHydroV1_Work/MasterIntegrated_Output/01_SharePoint_Libraries/MicroHydroV1 — SoT/MicroHydroV1/cad/macros/scripts/export_batch.FCMacro
IT/System_of_Truth/MicroHydroV1 — SoT/MicroHydroV1/cad/params/params.json,engineering/product/Releases/MicroHydroV1_Work/MasterIntegrated_Output/01_SharePoint_Libraries/MicroHydroV1 — SoT/MicroHydroV1/cad/params/params.json
IT/System_of_Truth/MicroHydroV1 — SoT/MicroHydroV1/docs/CONSOLIDATION_SUMMARY.md,engineering/microhydro-v1-sot/MicroHydroV1/docs/CONSOLIDATION_SUMMARY.md
IT/System_of_Truth/MicroHydroV1 — SoT/MicroHydroV1/docs/Jet_Coherence_Procedure.docx,engineering/product/Releases/MicroHydroV1_Work/MasterIntegrated_Output/01_SharePoint_Libraries/MicroHydroV1 — SoT/MicroHydroV1/docs/Jet_Coherence_Procedure.docx
IT/System_of_Truth/MicroHydroV1 — SoT/MicroHydroV1/docs/Master_Index.docx,engineering/product/Releases/MicroHydroV1_Work/MasterIntegrated_Output/01_SharePoint_Libraries/MicroHydroV1 — SoT/MicroHydroV1/docs/Master_Index.docx
IT/System_of_Truth/MicroHydroV1 — SoT/MicroHydroV1/docs/PASS_A_FULL_RevA.docx,engineering/product/Releases/MicroHydroV1_Work/MasterIntegrated_Output/01_SharePoint_Libraries/MicroHydroV1 — SoT/MicroHydroV1/docs/PASS_A_FULL_RevA.docx
IT/System_of_Truth/MicroHydroV1 — SoT/MicroHydroV1/docs/Run_of_Show_Checklist.docx,engineering/product/Releases/MicroHydroV1_Work/MasterIntegrated_Output/01_SharePoint_Libraries/MicroHydroV1 — SoT/MicroHydroV1/docs/Run_of_Show_Checklist.docx
IT/System_of_Truth/MicroHydroV1 — SoT/MicroHydroV1/docs/Tank_Ripple_Procedure.docx,engineering/product/Releases/MicroHydroV1_Work/MasterIntegrated_Output/01_SharePoint_Libraries/MicroHydroV1 — SoT/MicroHydroV1/docs/Tank_Ripple_Procedure.docx
IT/System_of_Truth/MicroHydroV1 — SoT/MicroHydroV1/docs/Test_Campaign_Plan.docx,engineering/product/Releases/MicroHydroV1_Work/MasterIntegrated_Output/01_SharePoint_Libraries/MicroHydroV1 — SoT/MicroHydroV1/docs/Test_Campaign_Plan.docx
IT/System_of_Truth/MicroHydroV1 — SoT/MicroHydroV1/docs/architecture_diagram.png,engineering/product/Releases/MicroHydroV1_Work/MasterIntegrated_Output/01_SharePoint_Libraries/MicroHydroV1 — SoT/MicroHydroV1/docs/architecture_diagram.png
IT/System_of_Truth/MicroHydroV1 — SoT/MicroHydroV1/tools/optimize/opt_config.json,engineering/product/Releases/MicroHydroV1_Work/MasterIntegrated_Output/01_SharePoint_Libraries/MicroHydroV1 — SoT/MicroHydroV1/tools/optimize/opt_config.json
IT/System_of_Truth/MicroHydroV1 — SoT/MicroHydroV1/tools/optimize/optimize_params.py,engineering/product/Releases/MicroHydroV1_Work/MasterIntegrated_Output/01_SharePoint_Libraries/MicroHydroV1 — SoT/MicroHydroV1/tools/optimize/optimize_params.py
IT/System_of_Truth/MicroHydroV1 — SoT/MicroHydroV1/tools/release/make_release.py,engineering/product/Releases/MicroHydroV1_Work/MasterIntegrated_Output/01_SharePoint_Libraries/MicroHydroV1 — SoT/MicroHydroV1/tools/release/make_release.py
IT/System_of_Truth/MicroHydroV1 — SoT/MicroHydroV1/tools/run_pipeline.py,engineering/product/Releases/MicroHydroV1_Work/MasterIntegrated_Output/01_SharePoint_Libraries/MicroHydroV1 — SoT/MicroHydroV1/tools/run_pipeline.py
IT/System_of_Truth/MicroHydroV1 — SoT/MicroHydroV1/tools/validate/validate_repo.py,engineering/product/Releases/MicroHydroV1_Work/MasterIntegrated_Output/01_SharePoint_Libraries/MicroHydroV1 — SoT/MicroHydroV1/tools/validate/validate_repo.py
IT/System_of_Truth/MicroHydroV1 — SoT/MicroHydroV1_BACKUP_20260122_005746/MANIFEST.json,engineering/product/Releases/MicroHydroV1_Work/MasterIntegrated_Output/01_SharePoint_Libraries/MicroHydroV1 — SoT/MicroHydroV1/MANIFEST.json
IT/System_of_Truth/MicroHydroV1 — SoT/MicroHydroV1_BACKUP_20260122_005746/MicroHydroV1_Importer_RunID_Patch_v0.3.0/MANIFEST.json,engineering/product/Releases/MicroHydroV1_Work/MasterIntegrated_Output/01_SharePoint_Libraries/MicroHydroV1 — SoT/MicroHydroV1/MicroHydroV1_Importer_RunID_Patch_v0.3.0/MANIFEST.json
IT/System_of_Truth/MicroHydroV1 — SoT/MicroHydroV1_BACKUP_20260122_005746/MicroHydroV1_Importer_RunID_Patch_v0.3.0/MicroHydroV1/automation/import_measurements.py,engineering/product/Releases/MicroHydroV1_Work/MasterIntegrated_Output/01_SharePoint_Libraries/MicroHydroV1 — SoT/MicroHydroV1/MicroHydroV1_Importer_RunID_Patch_v0.3.0/MicroHydroV1/automation/import_measurements.py
IT/System_of_Truth/MicroHydroV1 — SoT/MicroHydroV1_BACKUP_20260122_005746/MicroHydroV1_Importer_RunID_Patch_v0.3.0/MicroHydroV1/docs/governance/README_Importer_RunID_Patch.md,engineering/product/Releases/MicroHydroV1_Work/MasterIntegrated_Output/01_SharePoint_Libraries/MicroHydroV1 — SoT/MicroHydroV1/MicroHydroV1_Importer_RunID_Patch_v0.3.0/MicroHydroV1/docs/governance/README_Importer_RunID_Patch.md
IT/System_of_Truth/MicroHydroV1 — SoT/MicroHydroV1_BACKUP_20260122_005746/MicroHydroV1_RUN3_AutoFill_Evidence_PLUS_Workbook_v0.3.0/MANIFEST.json,engineering/product/Releases/MicroHydroV1_Work/MasterIntegrated_Output/01_SharePoint_Libraries/MicroHydroV1 — SoT/MicroHydroV1/MicroHydroV1_RUN3_AutoFill_Evidence_PLUS_Workbook_v0.3.0/MANIFEST.json
IT/System_of_Truth/MicroHydroV1 — SoT/MicroHydroV1_BACKUP_20260122_005746/MicroHydroV1_RUN3_AutoFill_Evidence_PLUS_Workbook_v0.3.0/MicroHydroV1/docs/run3/README_AUTOFILL.md,engineering/product/Releases/MicroHydroV1_Work/MasterIntegrated_Output/01_SharePoint_Libraries/MicroHydroV1 — SoT/MicroHydroV1/MicroHydroV1_RUN3_AutoFill_Evidence_PLUS_Workbook_v0.3.0/MicroHydroV1/docs/run3/README_AUTOFILL.md
IT/System_of_Truth/MicroHydroV1 — SoT/MicroHydroV1_BACKUP_20260122_005746/MicroHydroV1_RUN3_AutoFill_Evidence_PLUS_Workbook_v0.3.0/MicroHydroV1/docs/run3/RUN3_Evidence_Template.docx,engineering/product/Releases/MicroHydroV1_Work/MasterIntegrated_Output/01_SharePoint_Libraries/MicroHydroV1 — SoT/MicroHydroV1/MicroHydroV1_RUN3_AutoFill_Evidence_PLUS_Workbook_v0.3.0/MicroHydroV1/docs/run3/RUN3_Evidence_Template.docx
IT/System_of_Truth/MicroHydroV1 — SoT/MicroHydroV1_BACKUP_20260122_005746/MicroHydroV1_RUN3_AutoFill_Evidence_PLUS_Workbook_v0.3.0/MicroHydroV1/tools/plots/plot_t002_psd_peakiness.py,engineering/product/Releases/MicroHydroV1_Work/MasterIntegrated_Output/01_SharePoint_Libraries/MicroHydroV1 — SoT/MicroHydroV1/MicroHydroV1_RUN3_AutoFill_Evidence_PLUS_Workbook_v0.3.0/MicroHydroV1/tools/plots/plot_t002_psd_peakiness.py
IT/System_of_Truth/MicroHydroV1 — SoT/MicroHydroV1_BACKUP_20260122_005746/MicroHydroV1_RUN3_AutoFill_Evidence_PLUS_Workbook_v0.3.0/MicroHydroV1/tools/workflow/autofill_evidence_doc.py,engineering/product/Releases/MicroHydroV1_Work/MasterIntegrated_Output/01_SharePoint_Libraries/MicroHydroV1 — SoT/MicroHydroV1/MicroHydroV1_RUN3_AutoFill_Evidence_PLUS_Workbook_v0.3.0/MicroHydroV1/tools/workflow/autofill_evidence_doc.py
IT/System_of_Truth/MicroHydroV1 — SoT/MicroHydroV1_BACKUP_20260122_005746/MicroHydroV1_RUN3_AutoFill_Evidence_RUNID_BASELINE_v0.3.0/MANIFEST.json,engineering/product/Releases/MicroHydroV1_Work/MasterIntegrated_Output/01_SharePoint_Libraries/MicroHydroV1 — SoT/MicroHydroV1/MicroHydroV1_RUN3_AutoFill_Evidence_RUNID_BASELINE_v0.3.0/MANIFEST.json
IT/System_of_Truth/MicroHydroV1 — SoT/MicroHydroV1_BACKUP_20260122_005746/MicroHydroV1_RUN3_AutoFill_Evidence_RUNID_BASELINE_v0.3.0/MicroHydroV1/docs/run3/README_AUTOFILL.md,engineering/product/Releases/MicroHydroV1_Work/MasterIntegrated_Output/01_SharePoint_Libraries/MicroHydroV1 — SoT/MicroHydroV1/MicroHydroV1_RUN3_AutoFill_Evidence_RUNID_BASELINE_v0.3.0/MicroHydroV1/docs/run3/README_AUTOFILL.md
IT/System_of_Truth/MicroHydroV1 — SoT/MicroHydroV1_BACKUP_20260122_005746/MicroHydroV1_RUN3_AutoFill_Evidence_RUNID_BASELINE_v0.3.0/MicroHydroV1/docs/run3/RUN3_Evidence_Template.docx,engineering/product/Releases/MicroHydroV1_Work/MasterIntegrated_Output/01_SharePoint_Libraries/MicroHydroV1 — SoT/MicroHydroV1/MicroHydroV1_RUN3_AutoFill_Evidence_PLUS_Workbook_v0.3.0/MicroHydroV1/docs/run3/RUN3_Evidence_Template.docx
IT/System_of_Truth/MicroHydroV1 — SoT/MicroHydroV1_BACKUP_20260122_005746/MicroHydroV1_RUN3_AutoFill_Evidence_RUNID_BASELINE_v0.3.0/MicroHydroV1/tools/plots/plot_t002_psd_peakiness.py,engineering/product/Releases/MicroHydroV1_Work/MasterIntegrated_Output/01_SharePoint_Libraries/MicroHydroV1 — SoT/MicroHydroV1/MicroHydroV1_RUN3_AutoFill_Evidence_PLUS_Workbook_v0.3.0/MicroHydroV1/tools/plots/plot_t002_psd_peakiness.py
IT/System_of_Truth/MicroHydroV1 — SoT/MicroHydroV1_BACKUP_20260122_005746/MicroHydroV1_RUN3_AutoFill_Evidence_RUNID_BASELINE_v0.3.0/MicroHydroV1/tools/workflow/autofill_evidence_doc.py,engineering/product/Releases/MicroHydroV1_Work/MasterIntegrated_Output/01_SharePoint_Libraries/MicroHydroV1 — SoT/MicroHydroV1/MicroHydroV1_RUN3_AutoFill_Evidence_RUNID_BASELINE_v0.3.0/MicroHydroV1/tools/workflow/autofill_evidence_doc.py
IT/System_of_Truth/MicroHydroV1 — SoT/MicroHydroV1_BACKUP_20260122_005746/MicroHydroV1_RunID_Migrator_v0.3.0/MANIFEST.json,engineering/product/Releases/MicroHydroV1_Work/MasterIntegrated_Output/01_SharePoint_Libraries/MicroHydroV1 — SoT/MicroHydroV1/MicroHydroV1_RunID_Migrator_v0.3.0/MANIFEST.json
IT/System_of_Truth/MicroHydroV1 — SoT/MicroHydroV1_BACKUP_20260122_005746/MicroHydroV1_RunID_Migrator_v0.3.0/MicroHydroV1/docs/governance/README_RunID_Migration.md,engineering/product/Releases/MicroHydroV1_Work/MasterIntegrated_Output/01_SharePoint_Libraries/MicroHydroV1 — SoT/MicroHydroV1/MicroHydroV1_RunID_Migrator_v0.3.0/MicroHydroV1/docs/governance/README_RunID_Migration.md
IT/System_of_Truth/MicroHydroV1 — SoT/MicroHydroV1_BACKUP_20260122_005746/MicroHydroV1_RunID_Migrator_v0.3.0/MicroHydroV1/tools/workflow/migrate_add_run_id.py,engineering/product/Releases/MicroHydroV1_Work/MasterIntegrated_Output/01_SharePoint_Libraries/MicroHydroV1 — SoT/MicroHydroV1/MicroHydroV1_RunID_Migrator_v0.3.0/MicroHydroV1/tools/workflow/migrate_add_run_id.py
IT/System_of_Truth/MicroHydroV1 — SoT/MicroHydroV1_BACKUP_20260122_005746/MicroHydroV1_SharePoint_Version_Control_Configuration_Guide_v1.0.docx,engineering/product/Releases/MicroHydroV1 — Releases/MicroHydroV1_SharePoint_Version_Control_Configuration_Guide_v1.0 (1).docx
IT/System_of_Truth/MicroHydroV1 — SoT/MicroHydroV1_BACKUP_20260122_005746/README.md,engineering/product/Releases/MicroHydroV1_Work/MasterIntegrated_Output/01_SharePoint_Libraries/MicroHydroV1 — SoT/MicroHydroV1/README.md
IT/System_of_Truth/MicroHydroV1 — SoT/MicroHydroV1_BACKUP_20260122_005746/automation/Import_Config.json,engineering/product/Releases/MicroHydroV1_Work/MasterIntegrated_Output/01_SharePoint_Libraries/MicroHydroV1 — SoT/MicroHydroV1/automation/Import_Config.json
IT/System_of_Truth/MicroHydroV1 — SoT/MicroHydroV1_BACKUP_20260122_005746/cad/macros/01_Diffuser/build_diffuser.FCMacro,engineering/product/Releases/MicroHydroV1_Work/MasterIntegrated_Output/01_SharePoint_Libraries/MicroHydroV1 — SoT/MicroHydroV1/cad/macros/01_Diffuser/build_diffuser.FCMacro
IT/System_of_Truth/MicroHydroV1 — SoT/MicroHydroV1_BACKUP_20260122_005746/cad/macros/02_Nozzle/build_nozzle.FCMacro,engineering/product/Releases/MicroHydroV1_Work/MasterIntegrated_Output/01_SharePoint_Libraries/MicroHydroV1 — SoT/MicroHydroV1/cad/macros/02_Nozzle/build_nozzle.FCMacro
IT/System_of_Truth/MicroHydroV1 — SoT/MicroHydroV1_BACKUP_20260122_005746/cad/macros/03_VanePacks/build_vanepacks.FCMacro,engineering/product/Releases/MicroHydroV1_Work/MasterIntegrated_Output/01_SharePoint_Libraries/MicroHydroV1 — SoT/MicroHydroV1/cad/macros/03_VanePacks/build_vanepacks.FCMacro
IT/System_of_Truth/MicroHydroV1 — SoT/MicroHydroV1_BACKUP_20260122_005746/cad/macros/04_Retainer/build_retainer.FCMacro,engineering/product/Releases/MicroHydroV1_Work/MasterIntegrated_Output/01_SharePoint_Libraries/MicroHydroV1 — SoT/MicroHydroV1/cad/macros/04_Retainer/build_retainer.FCMacro
IT/System_of_Truth/MicroHydroV1 — SoT/MicroHydroV1_BACKUP_20260122_005746/cad/macros/Assembly/build_assembly.FCMacro,engineering/product/Releases/MicroHydroV1_Work/MasterIntegrated_Output/01_SharePoint_Libraries/MicroHydroV1 — SoT/MicroHydroV1/cad/macros/Assembly/build_assembly.FCMacro
IT/System_of_Truth/MicroHydroV1 — SoT/MicroHydroV1_BACKUP_20260122_005746/cad/macros/README.txt,engineering/product/Releases/MicroHydroV1_Work/MasterIntegrated_Output/01_SharePoint_Libraries/MicroHydroV1 — SoT/MicroHydroV1/cad/macros/README.txt
IT/System_of_Truth/MicroHydroV1 — SoT/MicroHydroV1_BACKUP_20260122_005746/cad/macros/build_all.FCMacro,engineering/product/Releases/MicroHydroV1_Work/MasterIntegrated_Output/01_SharePoint_Libraries/MicroHydroV1 — SoT/MicroHydroV1/cad/macros/build_all.FCMacro
IT/System_of_Truth/MicroHydroV1 — SoT/MicroHydroV1_BACKUP_20260122_005746/cad/macros/params.json,engineering/product/Releases/MicroHydroV1_Work/MasterIntegrated_Output/01_SharePoint_Libraries/MicroHydroV1 — SoT/MicroHydroV1/cad/macros/params.json
IT/System_of_Truth/MicroHydroV1 — SoT/MicroHydroV1_BACKUP_20260122_005746/cad/macros/scripts/export_batch.FCMacro,engineering/product/Releases/MicroHydroV1_Work/MasterIntegrated_Output/01_SharePoint_Libraries/MicroHydroV1 — SoT/MicroHydroV1/cad/macros/scripts/export_batch.FCMacro
IT/System_of_Truth/MicroHydroV1 — SoT/MicroHydroV1_BACKUP_20260122_005746/cad/params/params.json,engineering/product/Releases/MicroHydroV1_Work/MasterIntegrated_Output/01_SharePoint_Libraries/MicroHydroV1 — SoT/MicroHydroV1/cad/params/params.json
IT/System_of_Truth/MicroHydroV1 — SoT/MicroHydroV1_BACKUP_20260122_005746/docs/Jet_Coherence_Procedure.docx,engineering/product/Releases/MicroHydroV1_Work/MasterIntegrated_Output/01_SharePoint_Libraries/MicroHydroV1 — SoT/MicroHydroV1/docs/Jet_Coherence_Procedure.docx
IT/System_of_Truth/MicroHydroV1 — SoT/MicroHydroV1_BACKUP_20260122_005746/docs/Master_Index.docx,engineering/product/Releases/MicroHydroV1_Work/MasterIntegrated_Output/01_SharePoint_Libraries/MicroHydroV1 — SoT/MicroHydroV1/docs/Master_Index.docx
IT/System_of_Truth/MicroHydroV1 — SoT/MicroHydroV1_BACKUP_20260122_005746/docs/PASS_A_FULL_RevA.docx,engineering/product/Releases/MicroHydroV1_Work/MasterIntegrated_Output/01_SharePoint_Libraries/MicroHydroV1 — SoT/MicroHydroV1/docs/PASS_A_FULL_RevA.docx
IT/System_of_Truth/MicroHydroV1 — SoT/MicroHydroV1_BACKUP_20260122_005746/docs/Run_of_Show_Checklist.docx,engineering/product/Releases/MicroHydroV1_Work/MasterIntegrated_Output/01_SharePoint_Libraries/MicroHydroV1 — SoT/MicroHydroV1/docs/Run_of_Show_Checklist.docx
IT/System_of_Truth/MicroHydroV1 — SoT/MicroHydroV1_BACKUP_20260122_005746/docs/Tank_Ripple_Procedure.docx,engineering/product/Releases/MicroHydroV1_Work/MasterIntegrated_Output/01_SharePoint_Libraries/MicroHydroV1 — SoT/MicroHydroV1/docs/Tank_Ripple_Procedure.docx
IT/System_of_Truth/MicroHydroV1 — SoT/MicroHydroV1_BACKUP_20260122_005746/docs/Test_Campaign_Plan.docx,engineering/product/Releases/MicroHydroV1_Work/MasterIntegrated_Output/01_SharePoint_Libraries/MicroHydroV1 — SoT/MicroHydroV1/docs/Test_Campaign_Plan.docx
IT/System_of_Truth/MicroHydroV1 — SoT/MicroHydroV1_BACKUP_20260122_005746/docs/architecture_diagram.png,engineering/product/Releases/MicroHydroV1_Work/MasterIntegrated_Output/01_SharePoint_Libraries/MicroHydroV1 — SoT/MicroHydroV1/docs/architecture_diagram.png
IT/System_of_Truth/MicroHydroV1 — SoT/MicroHydroV1_BACKUP_20260122_005746/tools/optimize/opt_config.json,engineering/product/Releases/MicroHydroV1_Work/MasterIntegrated_Output/01_SharePoint_Libraries/MicroHydroV1 — SoT/MicroHydroV1/tools/optimize/opt_config.json
IT/System_of_Truth/MicroHydroV1 — SoT/MicroHydroV1_BACKUP_20260122_005746/tools/optimize/optimize_params.py,engineering/product/Releases/MicroHydroV1_Work/MasterIntegrated_Output/01_SharePoint_Libraries/MicroHydroV1 — SoT/MicroHydroV1/tools/optimize/optimize_params.py
IT/System_of_Truth/MicroHydroV1 — SoT/MicroHydroV1_BACKUP_20260122_005746/tools/release/make_release.py,engineering/product/Releases/MicroHydroV1_Work/MasterIntegrated_Output/01_SharePoint_Libraries/MicroHydroV1 — SoT/MicroHydroV1/tools/release/make_release.py
IT/System_of_Truth/MicroHydroV1 — SoT/MicroHydroV1_BACKUP_20260122_005746/tools/run_pipeline.py,engineering/product/Releases/MicroHydroV1_Work/MasterIntegrated_Output/01_SharePoint_Libraries/MicroHydroV1 — SoT/MicroHydroV1/tools/run_pipeline.py
IT/System_of_Truth/MicroHydroV1 — SoT/MicroHydroV1_BACKUP_20260122_005746/tools/validate/validate_repo.py,engineering/product/Releases/MicroHydroV1_Work/MasterIntegrated_Output/01_SharePoint_Libraries/MicroHydroV1 — SoT/MicroHydroV1/tools/validate/validate_repo.py
IT/System_of_Truth/MicroHydroV1 — SoT_ARCHIVED_20260124/MicroHydroV1/README.md,engineering/product/Releases/MicroHydroV1_Work/MasterIntegrated_Output/01_SharePoint_Libraries/MicroHydroV1 — SoT/MicroHydroV1/README.md
IT/System_of_Truth/MicroHydroV1 — SoT_ARCHIVED_20260124/MicroHydroV1/automation/Import_Config.json,engineering/product/Releases/MicroHydroV1_Work/MasterIntegrated_Output/01_SharePoint_Libraries/MicroHydroV1 — SoT/MicroHydroV1/automation/Import_Config.json
IT/System_of_Truth/MicroHydroV1 — SoT_ARCHIVED_20260124/MicroHydroV1/cad/macros/01_Diffuser/build_diffuser.FCMacro,engineering/product/Releases/MicroHydroV1_Work/MasterIntegrated_Output/01_SharePoint_Libraries/MicroHydroV1 — SoT/MicroHydroV1/cad/macros/01_Diffuser/build_diffuser.FCMacro
IT/System_of_Truth/MicroHydroV1 — SoT_ARCHIVED_20260124/MicroHydroV1/cad/macros/02_Nozzle/build_nozzle.FCMacro,engineering/product/Releases/MicroHydroV1_Work/MasterIntegrated_Output/01_SharePoint_Libraries/MicroHydroV1 — SoT/MicroHydroV1/cad/macros/02_Nozzle/build_nozzle.FCMacro
IT/System_of_Truth/MicroHydroV1 — SoT_ARCHIVED_20260124/MicroHydroV1/cad/macros/03_VanePacks/build_vanepacks.FCMacro,engineering/product/Releases/MicroHydroV1_Work/MasterIntegrated_Output/01_SharePoint_Libraries/MicroHydroV1 — SoT/MicroHydroV1/cad/macros/03_VanePacks/build_vanepacks.FCMacro
IT/System_of_Truth/MicroHydroV1 — SoT_ARCHIVED_20260124/MicroHydroV1/cad/macros/04_Retainer/build_retainer.FCMacro,engineering/product/Releases/MicroHydroV1_Work/MasterIntegrated_Output/01_SharePoint_Libraries/MicroHydroV1 — SoT/MicroHydroV1/cad/macros/04_Retainer/build_retainer.FCMacro
IT/System_of_Truth/MicroHydroV1 — SoT_ARCHIVED_20260124/MicroHydroV1/cad/macros/Assembly/build_assembly.FCMacro,engineering/product/Releases/MicroHydroV1_Work/MasterIntegrated_Output/01_SharePoint_Libraries/MicroHydroV1 — SoT/MicroHydroV1/cad/macros/Assembly/build_assembly.FCMacro
IT/System_of_Truth/MicroHydroV1 — SoT_ARCHIVED_20260124/MicroHydroV1/cad/macros/README.txt,engineering/product/Releases/MicroHydroV1_Work/MasterIntegrated_Output/01_SharePoint_Libraries/MicroHydroV1 — SoT/MicroHydroV1/cad/macros/README.txt
IT/System_of_Truth/MicroHydroV1 — SoT_ARCHIVED_20260124/MicroHydroV1/cad/macros/build_all.FCMacro,engineering/product/Releases/MicroHydroV1_Work/MasterIntegrated_Output/01_SharePoint_Libraries/MicroHydroV1 — SoT/MicroHydroV1/cad/macros/build_all.FCMacro
IT/System_of_Truth/MicroHydroV1 — SoT_ARCHIVED_20260124/MicroHydroV1/cad/macros/params.json,engineering/product/Releases/MicroHydroV1_Work/MasterIntegrated_Output/01_SharePoint_Libraries/MicroHydroV1 — SoT/MicroHydroV1/cad/macros/params.json
IT/System_of_Truth/MicroHydroV1 — SoT_ARCHIVED_20260124/MicroHydroV1/cad/macros/scripts/export_batch.FCMacro,engineering/product/Releases/MicroHydroV1_Work/MasterIntegrated_Output/01_SharePoint_Libraries/MicroHydroV1 — SoT/MicroHydroV1/cad/macros/scripts/export_batch.FCMacro
IT/System_of_Truth/MicroHydroV1 — SoT_ARCHIVED_20260124/MicroHydroV1/cad/params/params.json,engineering/product/Releases/MicroHydroV1_Work/MasterIntegrated_Output/01_SharePoint_Libraries/MicroHydroV1 — SoT/MicroHydroV1/cad/params/params.json
IT/System_of_Truth/MicroHydroV1 — SoT_ARCHIVED_20260124/MicroHydroV1/docs/Jet_Coherence_Procedure.docx,engineering/product/Releases/MicroHydroV1_Work/MasterIntegrated_Output/01_SharePoint_Libraries/MicroHydroV1 — SoT/MicroHydroV1/docs/Jet_Coherence_Procedure.docx
IT/System_of_Truth/MicroHydroV1 — SoT_ARCHIVED_20260124/MicroHydroV1/docs/Master_Index.docx,engineering/product/Releases/MicroHydroV1_Work/MasterIntegrated_Output/01_SharePoint_Libraries/MicroHydroV1 — SoT/MicroHydroV1/docs/Master_Index.docx
IT/System_of_Truth/MicroHydroV1 — SoT_ARCHIVED_20260124/MicroHydroV1/docs/PASS_A_FULL_RevA.docx,engineering/product/Releases/MicroHydroV1_Work/MasterIntegrated_Output/01_SharePoint_Libraries/MicroHydroV1 — SoT/MicroHydroV1/docs/PASS_A_FULL_RevA.docx
IT/System_of_Truth/MicroHydroV1 — SoT_ARCHIVED_20260124/MicroHydroV1/docs/Run_of_Show_Checklist.docx,engineering/product/Releases/MicroHydroV1_Work/MasterIntegrated_Output/01_SharePoint_Libraries/MicroHydroV1 — SoT/MicroHydroV1/docs/Run_of_Show_Checklist.docx
IT/System_of_Truth/MicroHydroV1 — SoT_ARCHIVED_20260124/MicroHydroV1/docs/Tank_Ripple_Procedure.docx,engineering/product/Releases/MicroHydroV1_Work/MasterIntegrated_Output/01_SharePoint_Libraries/MicroHydroV1 — SoT/MicroHydroV1/docs/Tank_Ripple_Procedure.docx
IT/System_of_Truth/MicroHydroV1 — SoT_ARCHIVED_20260124/MicroHydroV1/docs/Test_Campaign_Plan.docx,engineering/product/Releases/MicroHydroV1_Work/MasterIntegrated_Output/01_SharePoint_Libraries/MicroHydroV1 — SoT/MicroHydroV1/docs/Test_Campaign_Plan.docx
IT/System_of_Truth/MicroHydroV1 — SoT_ARCHIVED_20260124/MicroHydroV1/docs/addons/MANIFEST.json,engineering/product/Releases/MicroHydroV1_Work/MasterIntegrated_Output/01_SharePoint_Libraries/MicroHydroV1 — SoT/MicroHydroV1/MANIFEST.json
IT/System_of_Truth/MicroHydroV1 — SoT_ARCHIVED_20260124/MicroHydroV1/docs/addons/MicroHydroV1_Importer_RunID_Patch_v0.3.0/MANIFEST.json,engineering/product/Releases/MicroHydroV1_Work/MasterIntegrated_Output/01_SharePoint_Libraries/MicroHydroV1 — SoT/MicroHydroV1/MicroHydroV1_Importer_RunID_Patch_v0.3.0/MANIFEST.json
IT/System_of_Truth/MicroHydroV1 — SoT_ARCHIVED_20260124/MicroHydroV1/docs/addons/MicroHydroV1_Importer_RunID_Patch_v0.3.0/MicroHydroV1/automation/import_measurements.py,engineering/product/Releases/MicroHydroV1_Work/MasterIntegrated_Output/01_SharePoint_Libraries/MicroHydroV1 — SoT/MicroHydroV1/MicroHydroV1_Importer_RunID_Patch_v0.3.0/MicroHydroV1/automation/import_measurements.py
IT/System_of_Truth/MicroHydroV1 — SoT_ARCHIVED_20260124/MicroHydroV1/docs/addons/MicroHydroV1_Importer_RunID_Patch_v0.3.0/MicroHydroV1/docs/governance/README_Importer_RunID_Patch.md,engineering/product/Releases/MicroHydroV1_Work/MasterIntegrated_Output/01_SharePoint_Libraries/MicroHydroV1 — SoT/MicroHydroV1/MicroHydroV1_Importer_RunID_Patch_v0.3.0/MicroHydroV1/docs/governance/README_Importer_RunID_Patch.md
IT/System_of_Truth/MicroHydroV1 — SoT_ARCHIVED_20260124/MicroHydroV1/docs/addons/MicroHydroV1_RUN3_AutoFill_Evidence_PLUS_Workbook_v0.3.0/MANIFEST.json,engineering/product/Releases/MicroHydroV1_Work/MasterIntegrated_Output/01_SharePoint_Libraries/MicroHydroV1 — SoT/MicroHydroV1/MicroHydroV1_RUN3_AutoFill_Evidence_PLUS_Workbook_v0.3.0/MANIFEST.json
IT/System_of_Truth/MicroHydroV1 — SoT_ARCHIVED_20260124/MicroHydroV1/docs/addons/MicroHydroV1_RUN3_AutoFill_Evidence_PLUS_Workbook_v0.3.0/MicroHydroV1/docs/run3/README_AUTOFILL.md,engineering/product/Releases/MicroHydroV1_Work/MasterIntegrated_Output/01_SharePoint_Libraries/MicroHydroV1 — SoT/MicroHydroV1/MicroHydroV1_RUN3_AutoFill_Evidence_PLUS_Workbook_v0.3.0/MicroHydroV1/docs/run3/README_AUTOFILL.md
IT/System_of_Truth/MicroHydroV1 — SoT_ARCHIVED_20260124/MicroHydroV1/docs/addons/MicroHydroV1_RUN3_AutoFill_Evidence_PLUS_Workbook_v0.3.0/MicroHydroV1/docs/run3/RUN3_Evidence_Template.docx,engineering/product/Releases/MicroHydroV1_Work/MasterIntegrated_Output/01_SharePoint_Libraries/MicroHydroV1 — SoT/MicroHydroV1/MicroHydroV1_RUN3_AutoFill_Evidence_PLUS_Workbook_v0.3.0/MicroHydroV1/docs/run3/RUN3_Evidence_Template.docx
IT/System_of_Truth/MicroHydroV1 — SoT_ARCHIVED_20260124/MicroHydroV1/docs/addons/MicroHydroV1_RUN3_AutoFill_Evidence_PLUS_Workbook_v0.3.0/MicroHydroV1/tools/plots/plot_t002_psd_peakiness.py,engineering/product/Releases/MicroHydroV1_Work/MasterIntegrated_Output/01_SharePoint_Libraries/MicroHydroV1 — SoT/MicroHydroV1/MicroHydroV1_RUN3_AutoFill_Evidence_PLUS_Workbook_v0.3.0/MicroHydroV1/tools/plots/plot_t002_psd_peakiness.py
IT/System_of_Truth/MicroHydroV1 — SoT_ARCHIVED_20260124/MicroHydroV1/docs/addons/MicroHydroV1_RUN3_AutoFill_Evidence_PLUS_Workbook_v0.3.0/MicroHydroV1/tools/workflow/autofill_evidence_doc.py,engineering/product/Releases/MicroHydroV1_Work/MasterIntegrated_Output/01_SharePoint_Libraries/MicroHydroV1 — SoT/MicroHydroV1/MicroHydroV1_RUN3_AutoFill_Evidence_PLUS_Workbook_v0.3.0/MicroHydroV1/tools/workflow/autofill_evidence_doc.py
IT/System_of_Truth/MicroHydroV1 — SoT_ARCHIVED_20260124/MicroHydroV1/docs/addons/MicroHydroV1_RUN3_AutoFill_Evidence_RUNID_BASELINE_v0.3.0/MANIFEST.json,engineering/product/Releases/MicroHydroV1_Work/MasterIntegrated_Output/01_SharePoint_Libraries/MicroHydroV1 — SoT/MicroHydroV1/MicroHydroV1_RUN3_AutoFill_Evidence_RUNID_BASELINE_v0.3.0/MANIFEST.json
IT/System_of_Truth/MicroHydroV1 — SoT_ARCHIVED_20260124/MicroHydroV1/docs/addons/MicroHydroV1_RUN3_AutoFill_Evidence_RUNID_BASELINE_v0.3.0/MicroHydroV1/docs/run3/README_AUTOFILL.md,engineering/product/Releases/MicroHydroV1_Work/MasterIntegrated_Output/01_SharePoint_Libraries/MicroHydroV1 — SoT/MicroHydroV1/MicroHydroV1_RUN3_AutoFill_Evidence_RUNID_BASELINE_v0.3.0/MicroHydroV1/docs/run3/README_AUTOFILL.md
IT/System_of_Truth/MicroHydroV1 — SoT_ARCHIVED_20260124/MicroHydroV1/docs/addons/MicroHydroV1_RUN3_AutoFill_Evidence_RUNID_BASELINE_v0.3.0/MicroHydroV1/docs/run3/RUN3_Evidence_Template.docx,engineering/product/Releases/MicroHydroV1_Work/MasterIntegrated_Output/01_SharePoint_Libraries/MicroHydroV1 — SoT/MicroHydroV1/MicroHydroV1_RUN3_AutoFill_Evidence_PLUS_Workbook_v0.3.0/MicroHydroV1/docs/run3/RUN3_Evidence_Template.docx
IT/System_of_Truth/MicroHydroV1 — SoT_ARCHIVED_20260124/MicroHydroV1/docs/addons/MicroHydroV1_RUN3_AutoFill_Evidence_RUNID_BASELINE_v0.3.0/MicroHydroV1/tools/plots/plot_t002_psd_peakiness.py,engineering/product/Releases/MicroHydroV1_Work/MasterIntegrated_Output/01_SharePoint_Libraries/MicroHydroV1 — SoT/MicroHydroV1/MicroHydroV1_RUN3_AutoFill_Evidence_PLUS_Workbook_v0.3.0/MicroHydroV1/tools/plots/plot_t002_psd_peakiness.py
IT/System_of_Truth/MicroHydroV1 — SoT_ARCHIVED_20260124/MicroHydroV1/docs/addons/MicroHydroV1_RUN3_AutoFill_Evidence_RUNID_BASELINE_v0.3.0/MicroHydroV1/tools/workflow/autofill_evidence_doc.py,engineering/product/Releases/MicroHydroV1_Work/MasterIntegrated_Output/01_SharePoint_Libraries/MicroHydroV1 — SoT/MicroHydroV1/MicroHydroV1_RUN3_AutoFill_Evidence_RUNID_BASELINE_v0.3.0/MicroHydroV1/tools/workflow/autofill_evidence_doc.py
IT/System_of_Truth/MicroHydroV1 — SoT_ARCHIVED_20260124/MicroHydroV1/docs/addons/MicroHydroV1_RunID_Migrator_v0.3.0/MANIFEST.json,engineering/product/Releases/MicroHydroV1_Work/MasterIntegrated_Output/01_SharePoint_Libraries/MicroHydroV1 — SoT/MicroHydroV1/MicroHydroV1_RunID_Migrator_v0.3.0/MANIFEST.json
IT/System_of_Truth/MicroHydroV1 — SoT_ARCHIVED_20260124/MicroHydroV1/docs/addons/MicroHydroV1_RunID_Migrator_v0.3.0/MicroHydroV1/docs/governance/README_RunID_Migration.md,engineering/product/Releases/MicroHydroV1_Work/MasterIntegrated_Output/01_SharePoint_Libraries/MicroHydroV1 — SoT/MicroHydroV1/MicroHydroV1_RunID_Migrator_v0.3.0/MicroHydroV1/docs/governance/README_RunID_Migration.md
IT/System_of_Truth/MicroHydroV1 — SoT_ARCHIVED_20260124/MicroHydroV1/docs/addons/MicroHydroV1_RunID_Migrator_v0.3.0/MicroHydroV1/tools/workflow/migrate_add_run_id.py,engineering/product/Releases/MicroHydroV1_Work/MasterIntegrated_Output/01_SharePoint_Libraries/MicroHydroV1 — SoT/MicroHydroV1/MicroHydroV1_RunID_Migrator_v0.3.0/MicroHydroV1/tools/workflow/migrate_add_run_id.py
IT/System_of_Truth/MicroHydroV1 — SoT_ARCHIVED_20260124/MicroHydroV1/docs/addons/zips/MicroHydroV1_Calibration_AutoEmbed_AddOn_v0.3.0 (1).zip,engineering/microhydro-v1-sot/MicroHydroV1/docs/addons/zips/MicroHydroV1_Calibration_AutoEmbed_AddOn_v0.3.0 (1).zip
IT/System_of_Truth/MicroHydroV1 — SoT_ARCHIVED_20260124/MicroHydroV1/docs/addons/zips/MicroHydroV1_DO_ALL_AddOn_v0.3.0 (1).zip,engineering/microhydro-v1-sot/MicroHydroV1/docs/addons/zips/MicroHydroV1_DO_ALL_AddOn_v0.3.0 (1).zip
IT/System_of_Truth/MicroHydroV1 — SoT_ARCHIVED_20260124/MicroHydroV1/docs/addons/zips/MicroHydroV1_RUN3_AutoFill_Evidence_PLUS_Workbook_T002_v0.3.0.zip,engineering/microhydro-v1-sot/MicroHydroV1/docs/addons/zips/MicroHydroV1_RUN3_AutoFill_Evidence_PLUS_Workbook_T002_v0.3.0.zip
IT/System_of_Truth/MicroHydroV1 — SoT_ARCHIVED_20260124/MicroHydroV1/docs/addons/zips/MicroHydroV1_RUN3_AutoFill_Evidence_v0.3.0.zip,engineering/microhydro-v1-sot/MicroHydroV1/docs/addons/zips/MicroHydroV1_RUN3_AutoFill_Evidence_v0.3.0.zip
IT/System_of_Truth/MicroHydroV1 — SoT_ARCHIVED_20260124/MicroHydroV1/docs/addons/zips/MicroHydroV1_RUN3_DoAll_Templates_Plots (1).zip,engineering/microhydro-v1-sot/MicroHydroV1/docs/addons/zips/MicroHydroV1_RUN3_DoAll_Templates_Plots (1).zip
IT/System_of_Truth/MicroHydroV1 — SoT_ARCHIVED_20260124/MicroHydroV1/docs/addons/zips/MicroHydroV1_v0.3.0_FULL_LOCKED_PressurePa (1).zip,engineering/microhydro-v1-sot/MicroHydroV1/docs/addons/zips/MicroHydroV1_v0.3.0_FULL_LOCKED_PressurePa (1).zip
IT/System_of_Truth/MicroHydroV1 — SoT_ARCHIVED_20260124/MicroHydroV1/docs/admin/MicroHydroV1_SharePoint_Version_Control_Configuration_Guide_v1.0.docx,engineering/product/Releases/MicroHydroV1 — Releases/MicroHydroV1_SharePoint_Version_Control_Configuration_Guide_v1.0 (1).docx
IT/System_of_Truth/MicroHydroV1 — SoT_ARCHIVED_20260124/MicroHydroV1/docs/architecture_diagram.png,engineering/product/Releases/MicroHydroV1_Work/MasterIntegrated_Output/01_SharePoint_Libraries/MicroHydroV1 — SoT/MicroHydroV1/docs/architecture_diagram.png
IT/System_of_Truth/MicroHydroV1 — SoT_ARCHIVED_20260124/MicroHydroV1/docs/automation/PowerAutomate_Flows_SoT_to_Release.md,engineering/product/Releases/MicroHydroV1_Work/MasterIntegrated_Output/02_Canonical_Working_Tree/MicroHydroV1/docs/automation/PowerAutomate_Flows_SoT_to_Release.md
IT/System_of_Truth/MicroHydroV1 — SoT_ARCHIVED_20260124/MicroHydroV1/docs/automation/README_Calibration_and_AutoEmbed.md,engineering/product/Releases/MicroHydroV1_Work/MasterIntegrated_Output/02_Canonical_Working_Tree/MicroHydroV1/docs/automation/README_Calibration_and_AutoEmbed.md
IT/System_of_Truth/MicroHydroV1 — SoT_ARCHIVED_20260124/MicroHydroV1/docs/automation/README_DO_ALL.md,engineering/product/Releases/MicroHydroV1_Work/MasterIntegrated_Output/02_Canonical_Working_Tree/MicroHydroV1/docs/automation/README_DO_ALL.md
IT/System_of_Truth/MicroHydroV1 — SoT_ARCHIVED_20260124/MicroHydroV1/docs/run3/README_AUTOFILL.md,engineering/product/Releases/MicroHydroV1_Work/MasterIntegrated_Output/02_Canonical_Working_Tree/MicroHydroV1/docs/run3/README_AUTOFILL.md
IT/System_of_Truth/MicroHydroV1 — SoT_ARCHIVED_20260124/MicroHydroV1/docs/run3/RUN3_Evidence_Template.docx,engineering/product/Releases/MicroHydroV1_Work/MasterIntegrated_Output/01_SharePoint_Libraries/MicroHydroV1 — SoT/MicroHydroV1/MicroHydroV1_RUN3_AutoFill_Evidence_PLUS_Workbook_v0.3.0/MicroHydroV1/docs/run3/RUN3_Evidence_Template.docx
IT/System_of_Truth/MicroHydroV1 — SoT_ARCHIVED_20260124/MicroHydroV1/docs/run3/RUN3_Evidence_Template.md,engineering/product/Releases/MicroHydroV1_Work/MasterIntegrated_Output/02_Canonical_Working_Tree/MicroHydroV1/docs/run3/RUN3_Evidence_Template.md
IT/System_of_Truth/MicroHydroV1 — SoT_ARCHIVED_20260124/MicroHydroV1/docs/run3/RUN3_Operator_Card.md,engineering/product/Releases/MicroHydroV1_Work/MasterIntegrated_Output/02_Canonical_Working_Tree/MicroHydroV1/docs/run3/RUN3_Operator_Card.md
IT/System_of_Truth/MicroHydroV1 — SoT_ARCHIVED_20260124/MicroHydroV1/docs/templates/DAQ_Logger_Config_RUN3.xlsx,engineering/microhydro-v1-sot/MicroHydroV1/docs/templates/DAQ_Logger_Config_RUN3.xlsx
IT/System_of_Truth/MicroHydroV1 — SoT_ARCHIVED_20260124/MicroHydroV1/docs/templates/PT_Calibration_PressurePa_TimeS_100Hz.xlsx,engineering/microhydro-v1-sot/MicroHydroV1/docs/templates/PT_Calibration_PressurePa_TimeS_100Hz.xlsx
IT/System_of_Truth/MicroHydroV1 — SoT_ARCHIVED_20260124/MicroHydroV1/docs/templates/T002_TankRipple_TimeSeries_Template.csv,engineering/microhydro-v1-sot/MicroHydroV1/docs/templates/T002_TankRipple_TimeSeries_Template.csv
IT/System_of_Truth/MicroHydroV1 — SoT_ARCHIVED_20260124/MicroHydroV1/docs/templates/T003_ELC_Frequency_TimeSeries_Template.csv,engineering/microhydro-v1-sot/MicroHydroV1/docs/templates/T003_ELC_Frequency_TimeSeries_Template.csv
IT/System_of_Truth/MicroHydroV1 — SoT_ARCHIVED_20260124/MicroHydroV1/tools/cad/apply_optimized_params.py,engineering/product/Releases/MicroHydroV1_Work/MasterIntegrated_Output/02_Canonical_Working_Tree/MicroHydroV1/tools/cad/apply_optimized_params.py
IT/System_of_Truth/MicroHydroV1 — SoT_ARCHIVED_20260124/MicroHydroV1/tools/cad/build_all_use_optimized.FCMacro,engineering/product/Releases/MicroHydroV1_Work/MasterIntegrated_Output/02_Canonical_Working_Tree/MicroHydroV1/tools/cad/build_all_use_optimized.FCMacro
IT/System_of_Truth/MicroHydroV1 — SoT_ARCHIVED_20260124/MicroHydroV1/tools/optimize/opt_config.json,engineering/product/Releases/MicroHydroV1_Work/MasterIntegrated_Output/01_SharePoint_Libraries/MicroHydroV1 — SoT/MicroHydroV1/tools/optimize/opt_config.json
IT/System_of_Truth/MicroHydroV1 — SoT_ARCHIVED_20260124/MicroHydroV1/tools/optimize/optimize_params.py,engineering/product/Releases/MicroHydroV1_Work/MasterIntegrated_Output/02_Canonical_Working_Tree/MicroHydroV1/tools/optimize/optimize_params.py
IT/System_of_Truth/MicroHydroV1 — SoT_ARCHIVED_20260124/MicroHydroV1/tools/plots/plot_t002_psd_peakiness.py,engineering/product/Releases/MicroHydroV1_Work/MasterIntegrated_Output/01_SharePoint_Libraries/MicroHydroV1 — SoT/MicroHydroV1/MicroHydroV1_RUN3_AutoFill_Evidence_PLUS_Workbook_v0.3.0/MicroHydroV1/tools/plots/plot_t002_psd_peakiness.py
IT/System_of_Truth/MicroHydroV1 — SoT_ARCHIVED_20260124/MicroHydroV1/tools/release/make_release.py,engineering/product/Releases/MicroHydroV1_Work/MasterIntegrated_Output/01_SharePoint_Libraries/MicroHydroV1 — SoT/MicroHydroV1/tools/release/make_release.py
IT/System_of_Truth/MicroHydroV1 — SoT_ARCHIVED_20260124/MicroHydroV1/tools/run_pipeline.py,engineering/product/Releases/MicroHydroV1_Work/MasterIntegrated_Output/01_SharePoint_Libraries/MicroHydroV1 — SoT/MicroHydroV1/tools/run_pipeline.py
IT/System_of_Truth/MicroHydroV1 — SoT_ARCHIVED_20260124/MicroHydroV1/tools/validate/validate_repo.py,engineering/product/Releases/MicroHydroV1_Work/MasterIntegrated_Output/02_Canonical_Working_Tree/MicroHydroV1/tools/validate/validate_repo.py
IT/System_of_Truth/MicroHydroV1 — SoT_ARCHIVED_20260124/MicroHydroV1/tools/workflow/autofill_evidence_doc.py,engineering/product/Releases/MicroHydroV1_Work/MasterIntegrated_Output/02_Canonical_Working_Tree/MicroHydroV1/tools/workflow/autofill_evidence_doc.py
IT/System_of_Truth/MicroHydroV1 — SoT_ARCHIVED_20260124/MicroHydroV1/tools/workflow/run_closed_loop.py,engineering/product/Releases/MicroHydroV1_Work/MasterIntegrated_Output/02_Canonical_Working_Tree/MicroHydroV1/tools/workflow/run_closed_loop.py
IT/System_of_Truth/MicroHydroV1 — SoT_ARCHIVED_20260124/MicroHydroV1_BACKUP_20260122_005746/MANIFEST.json,engineering/product/Releases/MicroHydroV1_Work/MasterIntegrated_Output/01_SharePoint_Libraries/MicroHydroV1 — SoT/MicroHydroV1/MANIFEST.json
IT/System_of_Truth/MicroHydroV1 — SoT_ARCHIVED_20260124/MicroHydroV1_BACKUP_20260122_005746/MicroHydroV1_Importer_RunID_Patch_v0.3.0/MANIFEST.json,engineering/product/Releases/MicroHydroV1_Work/MasterIntegrated_Output/01_SharePoint_Libraries/MicroHydroV1 — SoT/MicroHydroV1/MicroHydroV1_Importer_RunID_Patch_v0.3.0/MANIFEST.json
IT/System_of_Truth/MicroHydroV1 — SoT_ARCHIVED_20260124/MicroHydroV1_BACKUP_20260122_005746/MicroHydroV1_Importer_RunID_Patch_v0.3.0/MicroHydroV1/automation/import_measurements.py,engineering/product/Releases/MicroHydroV1_Work/MasterIntegrated_Output/01_SharePoint_Libraries/MicroHydroV1 — SoT/MicroHydroV1/MicroHydroV1_Importer_RunID_Patch_v0.3.0/MicroHydroV1/automation/import_measurements.py
IT/System_of_Truth/MicroHydroV1 — SoT_ARCHIVED_20260124/MicroHydroV1_BACKUP_20260122_005746/MicroHydroV1_Importer_RunID_Patch_v0.3.0/MicroHydroV1/docs/governance/README_Importer_RunID_Patch.md,engineering/product/Releases/MicroHydroV1_Work/MasterIntegrated_Output/01_SharePoint_Libraries/MicroHydroV1 — SoT/MicroHydroV1/MicroHydroV1_Importer_RunID_Patch_v0.3.0/MicroHydroV1/docs/governance/README_Importer_RunID_Patch.md
IT/System_of_Truth/MicroHydroV1 — SoT_ARCHIVED_20260124/MicroHydroV1_BACKUP_20260122_005746/MicroHydroV1_RUN3_AutoFill_Evidence_PLUS_Workbook_v0.3.0/MANIFEST.json,engineering/product/Releases/MicroHydroV1_Work/MasterIntegrated_Output/01_SharePoint_Libraries/MicroHydroV1 — SoT/MicroHydroV1/MicroHydroV1_RUN3_AutoFill_Evidence_PLUS_Workbook_v0.3.0/MANIFEST.json
IT/System_of_Truth/MicroHydroV1 — SoT_ARCHIVED_20260124/MicroHydroV1_BACKUP_20260122_005746/MicroHydroV1_RUN3_AutoFill_Evidence_PLUS_Workbook_v0.3.0/MicroHydroV1/docs/run3/README_AUTOFILL.md,engineering/product/Releases/MicroHydroV1_Work/MasterIntegrated_Output/01_SharePoint_Libraries/MicroHydroV1 — SoT/MicroHydroV1/MicroHydroV1_RUN3_AutoFill_Evidence_PLUS_Workbook_v0.3.0/MicroHydroV1/docs/run3/README_AUTOFILL.md
IT/System_of_Truth/MicroHydroV1 — SoT_ARCHIVED_20260124/MicroHydroV1_BACKUP_20260122_005746/MicroHydroV1_RUN3_AutoFill_Evidence_PLUS_Workbook_v0.3.0/MicroHydroV1/docs/run3/RUN3_Evidence_Template.docx,engineering/product/Releases/MicroHydroV1_Work/MasterIntegrated_Output/01_SharePoint_Libraries/MicroHydroV1 — SoT/MicroHydroV1/MicroHydroV1_RUN3_AutoFill_Evidence_PLUS_Workbook_v0.3.0/MicroHydroV1/docs/run3/RUN3_Evidence_Template.docx
IT/System_of_Truth/MicroHydroV1 — SoT_ARCHIVED_20260124/MicroHydroV1_BACKUP_20260122_005746/MicroHydroV1_RUN3_AutoFill_Evidence_PLUS_Workbook_v0.3.0/MicroHydroV1/tools/plots/plot_t002_psd_peakiness.py,engineering/product/Releases/MicroHydroV1_Work/MasterIntegrated_Output/01_SharePoint_Libraries/MicroHydroV1 — SoT/MicroHydroV1/MicroHydroV1_RUN3_AutoFill_Evidence_PLUS_Workbook_v0.3.0/MicroHydroV1/tools/plots/plot_t002_psd_peakiness.py
IT/System_of_Truth/MicroHydroV1 — SoT_ARCHIVED_20260124/MicroHydroV1_BACKUP_20260122_005746/MicroHydroV1_RUN3_AutoFill_Evidence_PLUS_Workbook_v0.3.0/MicroHydroV1/tools/workflow/autofill_evidence_doc.py,engineering/product/Releases/MicroHydroV1_Work/MasterIntegrated_Output/01_SharePoint_Libraries/MicroHydroV1 — SoT/MicroHydroV1/MicroHydroV1_RUN3_AutoFill_Evidence_PLUS_Workbook_v0.3.0/MicroHydroV1/tools/workflow/autofill_evidence_doc.py
IT/System_of_Truth/MicroHydroV1 — SoT_ARCHIVED_20260124/MicroHydroV1_BACKUP_20260122_005746/MicroHydroV1_RUN3_AutoFill_Evidence_RUNID_BASELINE_v0.3.0/MANIFEST.json,engineering/product/Releases/MicroHydroV1_Work/MasterIntegrated_Output/01_SharePoint_Libraries/MicroHydroV1 — SoT/MicroHydroV1/MicroHydroV1_RUN3_AutoFill_Evidence_RUNID_BASELINE_v0.3.0/MANIFEST.json
IT/System_of_Truth/MicroHydroV1 — SoT_ARCHIVED_20260124/MicroHydroV1_BACKUP_20260122_005746/MicroHydroV1_RUN3_AutoFill_Evidence_RUNID_BASELINE_v0.3.0/MicroHydroV1/docs/run3/README_AUTOFILL.md,engineering/product/Releases/MicroHydroV1_Work/MasterIntegrated_Output/01_SharePoint_Libraries/MicroHydroV1 — SoT/MicroHydroV1/MicroHydroV1_RUN3_AutoFill_Evidence_RUNID_BASELINE_v0.3.0/MicroHydroV1/docs/run3/README_AUTOFILL.md
IT/System_of_Truth/MicroHydroV1 — SoT_ARCHIVED_20260124/MicroHydroV1_BACKUP_20260122_005746/MicroHydroV1_RUN3_AutoFill_Evidence_RUNID_BASELINE_v0.3.0/MicroHydroV1/docs/run3/RUN3_Evidence_Template.docx,engineering/product/Releases/MicroHydroV1_Work/MasterIntegrated_Output/01_SharePoint_Libraries/MicroHydroV1 — SoT/MicroHydroV1/MicroHydroV1_RUN3_AutoFill_Evidence_PLUS_Workbook_v0.3.0/MicroHydroV1/docs/run3/RUN3_Evidence_Template.docx
IT/System_of_Truth/MicroHydroV1 — SoT_ARCHIVED_20260124/MicroHydroV1_BACKUP_20260122_005746/MicroHydroV1_RUN3_AutoFill_Evidence_RUNID_BASELINE_v0.3.0/MicroHydroV1/tools/plots/plot_t002_psd_peakiness.py,engineering/product/Releases/MicroHydroV1_Work/MasterIntegrated_Output/01_SharePoint_Libraries/MicroHydroV1 — SoT/MicroHydroV1/MicroHydroV1_RUN3_AutoFill_Evidence_PLUS_Workbook_v0.3.0/MicroHydroV1/tools/plots/plot_t002_psd_peakiness.py
IT/System_of_Truth/MicroHydroV1 — SoT_ARCHIVED_20260124/MicroHydroV1_BACKUP_20260122_005746/MicroHydroV1_RUN3_AutoFill_Evidence_RUNID_BASELINE_v0.3.0/MicroHydroV1/tools/workflow/autofill_evidence_doc.py,engineering/product/Releases/MicroHydroV1_Work/MasterIntegrated_Output/01_SharePoint_Libraries/MicroHydroV1 — SoT/MicroHydroV1/MicroHydroV1_RUN3_AutoFill_Evidence_RUNID_BASELINE_v0.3.0/MicroHydroV1/tools/workflow/autofill_evidence_doc.py
IT/System_of_Truth/MicroHydroV1 — SoT_ARCHIVED_20260124/MicroHydroV1_BACKUP_20260122_005746/MicroHydroV1_RunID_Migrator_v0.3.0/MANIFEST.json,engineering/product/Releases/MicroHydroV1_Work/MasterIntegrated_Output/01_SharePoint_Libraries/MicroHydroV1 — SoT/MicroHydroV1/MicroHydroV1_RunID_Migrator_v0.3.0/MANIFEST.json
IT/System_of_Truth/MicroHydroV1 — SoT_ARCHIVED_20260124/MicroHydroV1_BACKUP_20260122_005746/MicroHydroV1_RunID_Migrator_v0.3.0/MicroHydroV1/docs/governance/README_RunID_Migration.md,engineering/product/Releases/MicroHydroV1_Work/MasterIntegrated_Output/01_SharePoint_Libraries/MicroHydroV1 — SoT/MicroHydroV1/MicroHydroV1_RunID_Migrator_v0.3.0/MicroHydroV1/docs/governance/README_RunID_Migration.md
IT/System_of_Truth/MicroHydroV1 — SoT_ARCHIVED_20260124/MicroHydroV1_BACKUP_20260122_005746/MicroHydroV1_RunID_Migrator_v0.3.0/MicroHydroV1/tools/workflow/migrate_add_run_id.py,engineering/product/Releases/MicroHydroV1_Work/MasterIntegrated_Output/01_SharePoint_Libraries/MicroHydroV1 — SoT/MicroHydroV1/MicroHydroV1_RunID_Migrator_v0.3.0/MicroHydroV1/tools/workflow/migrate_add_run_id.py
IT/System_of_Truth/MicroHydroV1 — SoT_ARCHIVED_20260124/MicroHydroV1_BACKUP_20260122_005746/MicroHydroV1_SharePoint_Version_Control_Configuration_Guide_v1.0.docx,engineering/product/Releases/MicroHydroV1 — Releases/MicroHydroV1_SharePoint_Version_Control_Configuration_Guide_v1.0 (1).docx
IT/System_of_Truth/MicroHydroV1 — SoT_ARCHIVED_20260124/MicroHydroV1_BACKUP_20260122_005746/README.md,engineering/product/Releases/MicroHydroV1_Work/MasterIntegrated_Output/01_SharePoint_Libraries/MicroHydroV1 — SoT/MicroHydroV1/README.md
IT/System_of_Truth/MicroHydroV1 — SoT_ARCHIVED_20260124/MicroHydroV1_BACKUP_20260122_005746/automation/Import_Config.json,engineering/product/Releases/MicroHydroV1_Work/MasterIntegrated_Output/01_SharePoint_Libraries/MicroHydroV1 — SoT/MicroHydroV1/automation/Import_Config.json
IT/System_of_Truth/MicroHydroV1 — SoT_ARCHIVED_20260124/MicroHydroV1_BACKUP_20260122_005746/cad/macros/01_Diffuser/build_diffuser.FCMacro,engineering/product/Releases/MicroHydroV1_Work/MasterIntegrated_Output/01_SharePoint_Libraries/MicroHydroV1 — SoT/MicroHydroV1/cad/macros/01_Diffuser/build_diffuser.FCMacro
IT/System_of_Truth/MicroHydroV1 — SoT_ARCHIVED_20260124/MicroHydroV1_BACKUP_20260122_005746/cad/macros/02_Nozzle/build_nozzle.FCMacro,engineering/product/Releases/MicroHydroV1_Work/MasterIntegrated_Output/01_SharePoint_Libraries/MicroHydroV1 — SoT/MicroHydroV1/cad/macros/02_Nozzle/build_nozzle.FCMacro
IT/System_of_Truth/MicroHydroV1 — SoT_ARCHIVED_20260124/MicroHydroV1_BACKUP_20260122_005746/cad/macros/03_VanePacks/build_vanepacks.FCMacro,engineering/product/Releases/MicroHydroV1_Work/MasterIntegrated_Output/01_SharePoint_Libraries/MicroHydroV1 — SoT/MicroHydroV1/cad/macros/03_VanePacks/build_vanepacks.FCMacro
IT/System_of_Truth/MicroHydroV1 — SoT_ARCHIVED_20260124/MicroHydroV1_BACKUP_20260122_005746/cad/macros/04_Retainer/build_retainer.FCMacro,engineering/product/Releases/MicroHydroV1_Work/MasterIntegrated_Output/01_SharePoint_Libraries/MicroHydroV1 — SoT/MicroHydroV1/cad/macros/04_Retainer/build_retainer.FCMacro
IT/System_of_Truth/MicroHydroV1 — SoT_ARCHIVED_20260124/MicroHydroV1_BACKUP_20260122_005746/cad/macros/Assembly/build_assembly.FCMacro,engineering/product/Releases/MicroHydroV1_Work/MasterIntegrated_Output/01_SharePoint_Libraries/MicroHydroV1 — SoT/MicroHydroV1/cad/macros/Assembly/build_assembly.FCMacro
IT/System_of_Truth/MicroHydroV1 — SoT_ARCHIVED_20260124/MicroHydroV1_BACKUP_20260122_005746/cad/macros/README.txt,engineering/product/Releases/MicroHydroV1_Work/MasterIntegrated_Output/01_SharePoint_Libraries/MicroHydroV1 — SoT/MicroHydroV1/cad/macros/README.txt
IT/System_of_Truth/MicroHydroV1 — SoT_ARCHIVED_20260124/MicroHydroV1_BACKUP_20260122_005746/cad/macros/build_all.FCMacro,engineering/product/Releases/MicroHydroV1_Work/MasterIntegrated_Output/01_SharePoint_Libraries/MicroHydroV1 — SoT/MicroHydroV1/cad/macros/build_all.FCMacro
IT/System_of_Truth/MicroHydroV1 — SoT_ARCHIVED_20260124/MicroHydroV1_BACKUP_20260122_005746/cad/macros/params.json,engineering/product/Releases/MicroHydroV1_Work/MasterIntegrated_Output/01_SharePoint_Libraries/MicroHydroV1 — SoT/MicroHydroV1/cad/macros/params.json
IT/System_of_Truth/MicroHydroV1 — SoT_ARCHIVED_20260124/MicroHydroV1_BACKUP_20260122_005746/cad/macros/scripts/export_batch.FCMacro,engineering/product/Releases/MicroHydroV1_Work/MasterIntegrated_Output/01_SharePoint_Libraries/MicroHydroV1 — SoT/MicroHydroV1/cad/macros/scripts/export_batch.FCMacro
IT/System_of_Truth/MicroHydroV1 — SoT_ARCHIVED_20260124/MicroHydroV1_BACKUP_20260122_005746/cad/params/params.json,engineering/product/Releases/MicroHydroV1_Work/MasterIntegrated_Output/01_SharePoint_Libraries/MicroHydroV1 — SoT/MicroHydroV1/cad/params/params.json
IT/System_of_Truth/MicroHydroV1 — SoT_ARCHIVED_20260124/MicroHydroV1_BACKUP_20260122_005746/docs/Jet_Coherence_Procedure.docx,engineering/product/Releases/MicroHydroV1_Work/MasterIntegrated_Output/01_SharePoint_Libraries/MicroHydroV1 — SoT/MicroHydroV1/docs/Jet_Coherence_Procedure.docx
IT/System_of_Truth/MicroHydroV1 — SoT_ARCHIVED_20260124/MicroHydroV1_BACKUP_20260122_005746/docs/Master_Index.docx,engineering/product/Releases/MicroHydroV1_Work/MasterIntegrated_Output/01_SharePoint_Libraries/MicroHydroV1 — SoT/MicroHydroV1/docs/Master_Index.docx
IT/System_of_Truth/MicroHydroV1 — SoT_ARCHIVED_20260124/MicroHydroV1_BACKUP_20260122_005746/docs/PASS_A_FULL_RevA.docx,engineering/product/Releases/MicroHydroV1_Work/MasterIntegrated_Output/01_SharePoint_Libraries/MicroHydroV1 — SoT/MicroHydroV1/docs/PASS_A_FULL_RevA.docx
IT/System_of_Truth/MicroHydroV1 — SoT_ARCHIVED_20260124/MicroHydroV1_BACKUP_20260122_005746/docs/Run_of_Show_Checklist.docx,engineering/product/Releases/MicroHydroV1_Work/MasterIntegrated_Output/01_SharePoint_Libraries/MicroHydroV1 — SoT/MicroHydroV1/docs/Run_of_Show_Checklist.docx
IT/System_of_Truth/MicroHydroV1 — SoT_ARCHIVED_20260124/MicroHydroV1_BACKUP_20260122_005746/docs/Tank_Ripple_Procedure.docx,engineering/product/Releases/MicroHydroV1_Work/MasterIntegrated_Output/01_SharePoint_Libraries/MicroHydroV1 — SoT/MicroHydroV1/docs/Tank_Ripple_Procedure.docx
IT/System_of_Truth/MicroHydroV1 — SoT_ARCHIVED_20260124/MicroHydroV1_BACKUP_20260122_005746/docs/Test_Campaign_Plan.docx,engineering/product/Releases/MicroHydroV1_Work/MasterIntegrated_Output/01_SharePoint_Libraries/MicroHydroV1 — SoT/MicroHydroV1/docs/Test_Campaign_Plan.docx
IT/System_of_Truth/MicroHydroV1 — SoT_ARCHIVED_20260124/MicroHydroV1_BACKUP_20260122_005746/docs/architecture_diagram.png,engineering/product/Releases/MicroHydroV1_Work/MasterIntegrated_Output/01_SharePoint_Libraries/MicroHydroV1 — SoT/MicroHydroV1/docs/architecture_diagram.png
IT/System_of_Truth/MicroHydroV1 — SoT_ARCHIVED_20260124/MicroHydroV1_BACKUP_20260122_005746/tools/optimize/opt_config.json,engineering/product/Releases/MicroHydroV1_Work/MasterIntegrated_Output/01_SharePoint_Libraries/MicroHydroV1 — SoT/MicroHydroV1/tools/optimize/opt_config.json
IT/System_of_Truth/MicroHydroV1 — SoT_ARCHIVED_20260124/MicroHydroV1_BACKUP_20260122_005746/tools/optimize/optimize_params.py,engineering/product/Releases/MicroHydroV1_Work/MasterIntegrated_Output/01_SharePoint_Libraries/MicroHydroV1 — SoT/MicroHydroV1/tools/optimize/optimize_params.py
IT/System_of_Truth/MicroHydroV1 — SoT_ARCHIVED_20260124/MicroHydroV1_BACKUP_20260122_005746/tools/release/make_release.py,engineering/product/Releases/MicroHydroV1_Work/MasterIntegrated_Output/01_SharePoint_Libraries/MicroHydroV1 — SoT/MicroHydroV1/tools/release/make_release.py
IT/System_of_Truth/MicroHydroV1 — SoT_ARCHIVED_20260124/MicroHydroV1_BACKUP_20260122_005746/tools/run_pipeline.py,engineering/product/Releases/MicroHydroV1_Work/MasterIntegrated_Output/01_SharePoint_Libraries/MicroHydroV1 — SoT/MicroHydroV1/tools/run_pipeline.py
IT/System_of_Truth/MicroHydroV1 — SoT_ARCHIVED_20260124/MicroHydroV1_BACKUP_20260122_005746/tools/validate/validate_repo.py,engineering/product/Releases/MicroHydroV1_Work/MasterIntegrated_Output/01_SharePoint_Libraries/MicroHydroV1 — SoT/MicroHydroV1/tools/validate/validate_repo.py
IT/System_of_Truth/MicroHydroV1 — SoT_ARCHIVED_20260124/MicroHydroV1_FastTrack_Bundle.zip,engineering/microhydro-v1-sot/MicroHydroV1_FastTrack_Bundle.zip
IT/System_of_Truth/MicroHydroV1 — SoT_ARCHIVED_20260124/MicroHydroV1_Phase3_Automation_Pack_macOS_OpenReleases.zip,engineering/microhydro-v1-sot/MicroHydroV1_Phase3_Automation_Pack_macOS_OpenReleases.zip
IT/System_of_Truth/MicroHydroV1 — SoT_ARCHIVED_20260124/MicroHydroV1_Phase4_SmartRuns_Pack_macOS.zip,engineering/microhydro-v1-sot/MicroHydroV1_Phase4_SmartRuns_Pack_macOS.zip
IT/System_of_Truth/MicroHydroV1 — SoT_ARCHIVED_20260124/MicroHydroV1_RC1.zip,engineering/microhydro-v1-sot/MicroHydroV1_RC1.zip
IT/System_of_Truth/MicroHydroV1 — SoT_ARCHIVED_20260124/MicroHydroV1_RunID_Migrator_v0.3.0.zip,engineering/microhydro-v1-sot/MicroHydroV1_RunID_Migrator_v0.3.0.zip
IT/System_of_Truth/MicroHydroV1 — SoT_ARCHIVED_20260124/MicroHydroV1_SoT_Package.zip,engineering/microhydro-v1-sot/MicroHydroV1_SoT_Package.zip
Implementation/MICRO HYDRO - OLD/RnD/MASTER_PRODUCTION_PACKAGE/Contents/Info.plist,archive/legacy/implementation-misc/Contents/Info.plist
Implementation/MICRO HYDRO - OLD/RnD/MASTER_PRODUCTION_PACKAGE/Contents/MacOS/Install_MicroHydroV1,archive/legacy/implementation-misc/Contents/MacOS/Install_MicroHydroV1
Implementation/MICRO HYDRO - OLD/RnD/MASTER_PRODUCTION_PACKAGE/Contents 2/Info.plist,archive/legacy/implementation-misc/Contents/Info.plist
Implementation/MICRO HYDRO - OLD/RnD/MASTER_PRODUCTION_PACKAGE/Contents 2/MacOS/Install_MicroHydroV1,archive/legacy/implementation-misc/Contents/MacOS/Install_MicroHydroV1
Implementation/MICRO HYDRO - OLD/RnD/MASTER_PRODUCTION_PACKAGE 2/02_Targeted_Design_RnD/Requirements_Traceabillity.docx,research/topics/MASTER_PRODUCTION_PACKAGE 2/02_Targeted_Design_RnD/Requirements_Traceabillity.docx
Implementation/MICRO HYDRO - OLD/RnD/MASTER_PRODUCTION_PACKAGE 2/02_Targeted_Design_RnD/STW_Design_Matrix_PASSB.docx,research/topics/MASTER_PRODUCTION_PACKAGE 2/02_Targeted_Design_RnD/STW_Design_Matrix_PASSB.docx
Implementation/MICRO HYDRO - OLD/RnD/MASTER_PRODUCTION_PACKAGE 2/02_Targeted_Design_RnD/STW_Design_vNext.docx,research/topics/MASTER_PRODUCTION_PACKAGE 2/02_Targeted_Design_RnD/STW_Design_vNext.docx
Implementation/MICRO HYDRO - OLD/RnD/MASTER_PRODUCTION_PACKAGE 2/04_Hydram_Research_Unit/HYDRAM_RUN2_Overview.docx,research/topics/MASTER_PRODUCTION_PACKAGE 2/04_Hydram_Research_Unit/HYDRAM_RUN2_Overview.docx
Implementation/MICRO HYDRO - OLD/RnD/MASTER_PRODUCTION_PACKAGE 2/04_Hydram_Research_Unit/TANK_Ripple_Model.xlsx,research/topics/MASTER_PRODUCTION_PACKAGE 2/04_Hydram_Research_Unit/TANK_Ripple_Model.xlsx
Implementation/MICRO HYDRO - OLD/RnD/MASTER_PRODUCTION_PACKAGE 2/05_Tank_Hydraulics_Unit/MicroHydroV1_Bench_Test_Tracker.xlsx,research/topics/MASTER_PRODUCTION_PACKAGE 2/05_Tank_Hydraulics_Unit/MicroHydroV1_Bench_Test_Tracker.xlsx
Implementation/MICRO HYDRO - OLD/RnD/MASTER_PRODUCTION_PACKAGE 2/05_Tank_Hydraulics_Unit/TANK_Inlet_Comparison_RUN2.docx,research/topics/MASTER_PRODUCTION_PACKAGE 2/05_Tank_Hydraulics_Unit/TANK_Inlet_Comparison_RUN2.docx
Implementation/MICRO HYDRO - OLD/RnD/MASTER_PRODUCTION_PACKAGE 2/05_Tank_Hydraulics_Unit/TANK_Ripple_Model.xlsx,research/topics/MASTER_PRODUCTION_PACKAGE 2/05_Tank_Hydraulics_Unit/TANK_Ripple_Model.xlsx
Implementation/MICRO HYDRO - OLD/RnD/MASTER_PRODUCTION_PACKAGE 2/06_Penstock_Flow_Unit/PENSTOCK_FLOW_DATA.xlsx,research/topics/MASTER_PRODUCTION_PACKAGE 2/06_Penstock_Flow_Unit/PENSTOCK_FLOW_DATA.xlsx
Implementation/MICRO HYDRO - OLD/RnD/MASTER_PRODUCTION_PACKAGE 2/06_Penstock_Flow_Unit/PENSTOCK_Selection_RUN2.docx,research/topics/MASTER_PRODUCTION_PACKAGE 2/06_Penstock_Flow_Unit/PENSTOCK_Selection_RUN2.docx
Implementation/MICRO HYDRO - OLD/RnD/MASTER_PRODUCTION_PACKAGE 2/07_Turbine_Optimization_Unit/NOZZLE_DATA_RUN2.xlsx,research/topics/MASTER_PRODUCTION_PACKAGE 2/07_Turbine_Optimization_Unit/NOZZLE_DATA_RUN2.xlsx
Implementation/MICRO HYDRO - OLD/RnD/MASTER_PRODUCTION_PACKAGE 2/07_Turbine_Optimization_Unit/NOZZLE_Sweep_RUN2.docx,research/topics/MASTER_PRODUCTION_PACKAGE 2/07_Turbine_Optimization_Unit/NOZZLE_Sweep_RUN2.docx
Implementation/MICRO HYDRO - OLD/RnD/MASTER_PRODUCTION_PACKAGE 2/08_Electrical_Control_Unit/ELC_Frequency_Response.xlsx,research/topics/MASTER_PRODUCTION_PACKAGE 2/08_Electrical_Control_Unit/ELC_Frequency_Response.xlsx
Implementation/MICRO HYDRO - OLD/RnD/MASTER_PRODUCTION_PACKAGE 2/08_Electrical_Control_Unit/ELC_Inverter_Tuning_RUN2.docx,research/topics/MASTER_PRODUCTION_PACKAGE 2/08_Electrical_Control_Unit/ELC_Inverter_Tuning_RUN2.docx
Implementation/MICRO HYDRO - OLD/RnD/MASTER_PRODUCTION_PACKAGE 2/09_Intergrated_System_Modeling/INTEGRATED_RUN2.docx,research/topics/MASTER_PRODUCTION_PACKAGE 2/09_Intergrated_System_Modeling/INTEGRATED_RUN2.docx
Implementation/MICRO HYDRO - OLD/RnD/MASTER_PRODUCTION_PACKAGE 2/09_Intergrated_System_Modeling/INTEGRATED_RUN2_Data.xlsx,research/topics/MASTER_PRODUCTION_PACKAGE 2/09_Intergrated_System_Modeling/INTEGRATED_RUN2_Data.xlsx
Implementation/MICRO HYDRO - OLD/RnD/MASTER_PRODUCTION_PACKAGE 2/09_Intergrated_System_Modeling/System_Architecture.md.docx,research/topics/MASTER_PRODUCTION_PACKAGE 2/09_Intergrated_System_Modeling/System_Architecture.md.docx
Implementation/MICRO HYDRO - OLD/RnD/MASTER_PRODUCTION_PACKAGE 2/10_Design_VNext/01_Tank_Inlet_Hyperbolic/Engineering_Rationale_Hyperbolic_Inlet.docx,research/topics/MASTER_PRODUCTION_PACKAGE 2/10_Design_VNext/01_Tank_Inlet_Hyperbolic/Engineering_Rationale_Hyperbolic_Inlet.docx
Implementation/MICRO HYDRO - OLD/RnD/MASTER_PRODUCTION_PACKAGE 2/10_Design_VNext/01_Tank_Inlet_Hyperbolic/Hyberbolic_Inlet_Design.docx,research/topics/MASTER_PRODUCTION_PACKAGE 2/10_Design_VNext/01_Tank_Inlet_Hyperbolic/Hyberbolic_Inlet_Design.docx
Implementation/MICRO HYDRO - OLD/RnD/MASTER_PRODUCTION_PACKAGE 2/10_Design_VNext/01_Tank_Inlet_Hyperbolic/Hyperbolic_Inlet_BOM.xlsx,research/topics/MASTER_PRODUCTION_PACKAGE 2/10_Design_VNext/01_Tank_Inlet_Hyperbolic/Hyperbolic_Inlet_BOM.xlsx
Implementation/MICRO HYDRO - OLD/RnD/MASTER_PRODUCTION_PACKAGE 2/10_Design_VNext/01_Tank_Inlet_Hyperbolic/Hyperbolic_Inlet_Drawing.svg.docx,research/topics/MASTER_PRODUCTION_PACKAGE 2/10_Design_VNext/01_Tank_Inlet_Hyperbolic/Hyperbolic_Inlet_Drawing.svg.docx
Implementation/MICRO HYDRO - OLD/RnD/MASTER_PRODUCTION_PACKAGE 2/10_Design_VNext/02_Nozzle_9mm_PreSwirl/Engineering_Rational_Nozzle_9mm_.docx,research/topics/MASTER_PRODUCTION_PACKAGE 2/10_Design_VNext/02_Nozzle_9mm_PreSwirl/Engineering_Rational_Nozzle_9mm_.docx
Implementation/MICRO HYDRO - OLD/RnD/MASTER_PRODUCTION_PACKAGE 2/10_Design_VNext/02_Nozzle_9mm_PreSwirl/Nozzle_9mm_PreSwirl_Design.docx,research/topics/MASTER_PRODUCTION_PACKAGE 2/10_Design_VNext/02_Nozzle_9mm_PreSwirl/Nozzle_9mm_PreSwirl_Design.docx
Implementation/MICRO HYDRO - OLD/RnD/MASTER_PRODUCTION_PACKAGE 2/10_Design_VNext/02_Nozzle_9mm_PreSwirl/Nozzle_9mm_PreSwirl_Drawing.svg.docx,research/topics/MASTER_PRODUCTION_PACKAGE 2/10_Design_VNext/02_Nozzle_9mm_PreSwirl/Nozzle_9mm_PreSwirl_Drawing.svg.docx
Implementation/MICRO HYDRO - OLD/RnD/MASTER_PRODUCTION_PACKAGE 2/10_Design_VNext/02_Nozzle_9mm_PreSwirl/Nozzle_PreSwirl_BOM.xlsx,research/topics/MASTER_PRODUCTION_PACKAGE 2/10_Design_VNext/02_Nozzle_9mm_PreSwirl/Nozzle_PreSwirl_BOM.xlsx
Implementation/MICRO HYDRO - OLD/RnD/MASTER_PRODUCTION_PACKAGE 2/10_Design_VNext/MicroHydroV1_Design_vNext_Readout_Stages_A-D.docx,research/topics/MASTER_PRODUCTION_PACKAGE 2/10_Design_VNext/MicroHydroV1_Design_vNext_Readout_Stages_A-D.docx
Implementation/MICRO HYDRO - OLD/RnD/MASTER_PRODUCTION_PACKAGE 2/11_Bench_Test_Pack/Bench_Test_Results_Summary.docx,research/topics/MASTER_PRODUCTION_PACKAGE 2/11_Bench_Test_Pack/Bench_Test_Results_Summary.docx
Implementation/MICRO HYDRO - OLD/RnD/MASTER_PRODUCTION_PACKAGE 2/11_Bench_Test_Pack/Bench_Test_Tracker.xlsx,research/topics/MASTER_PRODUCTION_PACKAGE 2/11_Bench_Test_Pack/Bench_Test_Tracker.xlsx
Implementation/MICRO HYDRO - OLD/RnD/MASTER_PRODUCTION_PACKAGE 2/11_Bench_Test_Pack/Jet_Coherence_Test/Jet_Coherence_Datasheet.xlsx,research/topics/MASTER_PRODUCTION_PACKAGE 2/11_Bench_Test_Pack/Jet_Coherence_Test/Jet_Coherence_Datasheet.xlsx
Implementation/MICRO HYDRO - OLD/RnD/MASTER_PRODUCTION_PACKAGE 2/11_Bench_Test_Pack/Jet_Coherence_Test/Jet_Coherence_Imaging_Notes.docx,research/topics/MASTER_PRODUCTION_PACKAGE 2/11_Bench_Test_Pack/Jet_Coherence_Test/Jet_Coherence_Imaging_Notes.docx
Implementation/MICRO HYDRO - OLD/RnD/MASTER_PRODUCTION_PACKAGE 2/11_Bench_Test_Pack/Jet_Coherence_Test/Jet_Coherence_Procedure.docx,engineering/product/Releases/MicroHydroV1_Work/MasterIntegrated_Output/01_SharePoint_Libraries/MicroHydroV1 — SoT/MicroHydroV1/docs/Jet_Coherence_Procedure.docx
Implementation/MICRO HYDRO - OLD/RnD/MASTER_PRODUCTION_PACKAGE 2/11_Bench_Test_Pack/Results_Intake_Template.xlsx,research/topics/MASTER_PRODUCTION_PACKAGE 2/11_Bench_Test_Pack/Results_Intake_Template.xlsx
Implementation/MICRO HYDRO - OLD/RnD/MASTER_PRODUCTION_PACKAGE 2/11_Bench_Test_Pack/Tank_Ripple_Test/Tank_Ripple_Datasheet.xlsx,research/topics/MASTER_PRODUCTION_PACKAGE 2/11_Bench_Test_Pack/Tank_Ripple_Test/Tank_Ripple_Datasheet.xlsx
Implementation/MICRO HYDRO - OLD/RnD/MASTER_PRODUCTION_PACKAGE 2/11_Bench_Test_Pack/Tank_Ripple_Test/Tank_Ripple_Procedure.docx,engineering/product/Releases/MicroHydroV1_Work/MasterIntegrated_Output/01_SharePoint_Libraries/MicroHydroV1 — SoT/MicroHydroV1/docs/Tank_Ripple_Procedure.docx
Implementation/MICRO HYDRO - OLD/RnD/MASTER_PRODUCTION_PACKAGE 2/11_Bench_Test_Pack/Tank_Ripple_Test/Tank_Ripple_Sensor_Mounting.svg.docx,research/topics/MASTER_PRODUCTION_PACKAGE 2/11_Bench_Test_Pack/Tank_Ripple_Test/Tank_Ripple_Sensor_Mounting.svg.docx
Implementation/MICRO HYDRO - OLD/RnD/MASTER_PRODUCTION_PACKAGE 2/12_Patents/PATENT_PASSB_Full.docx,research/topics/MASTER_PRODUCTION_PACKAGE 2/12_Patents/PATENT_PASSB_Full.docx
Implementation/MICRO HYDRO - OLD/RnD/MASTER_PRODUCTION_PACKAGE 2/12_Patents/Patent_Index.xlsx,research/topics/MASTER_PRODUCTION_PACKAGE 2/12_Patents/Patent_Index.xlsx
Implementation/MICRO HYDRO - OLD/RnD/MASTER_PRODUCTION_PACKAGE 2/12_Patents/Schauberger_Summaries.docx,research/topics/MASTER_PRODUCTION_PACKAGE 2/12_Patents/Schauberger_Summaries.docx
Implementation/MICRO HYDRO - OLD/RnD/MASTER_PRODUCTION_PACKAGE 2/12_Patents/Tesla_Summaries.docx,research/topics/MASTER_PRODUCTION_PACKAGE 2/12_Patents/Tesla_Summaries.docx
Implementation/MICRO HYDRO - OLD/RnD/MASTER_PRODUCTION_PACKAGE 2/12_Patents/Winter_Summaries.docx,research/topics/MASTER_PRODUCTION_PACKAGE 2/12_Patents/Winter_Summaries.docx
Implementation/MICRO HYDRO - OLD/RnD/MASTER_PRODUCTION_PACKAGE 2/14_Reports/Design_vNext_Readout_FULL.docx,research/topics/MASTER_PRODUCTION_PACKAGE 2/14_Reports/Design_vNext_Readout_FULL.docx
Implementation/MICRO HYDRO - OLD/RnD/MASTER_PRODUCTION_PACKAGE 2/14_Reports/PASS_A_FULL.docx,research/topics/MASTER_PRODUCTION_PACKAGE 2/14_Reports/PASS_A_FULL.docx
Implementation/MICRO HYDRO - OLD/RnD/MASTER_PRODUCTION_PACKAGE 2/14_Reports/PASS_A_FULL_Populated_v2.docx,research/topics/MASTER_PRODUCTION_PACKAGE 2/14_Reports/PASS_A_FULL_Populated_v2.docx
Implementation/MICRO HYDRO - OLD/RnD/MASTER_PRODUCTION_PACKAGE 2/14_Reports/PASS_A_FULL_RevA.docx,engineering/product/Releases/MicroHydroV1_Work/MasterIntegrated_Output/01_SharePoint_Libraries/MicroHydroV1 — SoT/MicroHydroV1/docs/PASS_A_FULL_RevA.docx
Implementation/MICRO HYDRO - OLD/RnD/MASTER_PRODUCTION_PACKAGE 2/14_Reports/Program_Readout_Executive_Summary.docx,research/topics/MASTER_PRODUCTION_PACKAGE 2/14_Reports/Program_Readout_Executive_Summary.docx
Implementation/MICRO HYDRO - OLD/RnD/MASTER_PRODUCTION_PACKAGE 2/14_Reports/RUN2_Comapre_PhiWeights.docx,research/topics/MASTER_PRODUCTION_PACKAGE 2/14_Reports/RUN2_Comapre_PhiWeights.docx
Implementation/MICRO HYDRO - OLD/RnD/MASTER_PRODUCTION_PACKAGE 2/14_Reports/RUN2_Summary.docx,research/topics/MASTER_PRODUCTION_PACKAGE 2/14_Reports/RUN2_Summary.docx
Implementation/MICRO HYDRO - OLD/RnD/MASTER_PRODUCTION_PACKAGE 2/14_Reports/StageB_TestPlan.txt,research/topics/MASTER_PRODUCTION_PACKAGE 2/14_Reports/StageB_TestPlan.txt
Implementation/MICRO HYDRO - OLD/RnD/MASTER_PRODUCTION_PACKAGE 2/Import_Config.json,engineering/product/Releases/MicroHydroV1_Work/MasterIntegrated_Output/01_SharePoint_Libraries/MicroHydroV1 — SoT/MicroHydroV1/automation/Import_Config.json
Implementation/MICRO HYDRO - OLD/RnD/MASTER_PRODUCTION_PACKAGE 2/MASTER_PASS_A_Document.docx,research/topics/MASTER_PRODUCTION_PACKAGE 2/MASTER_PASS_A_Document.docx
Implementation/MICRO HYDRO - OLD/RnD/MASTER_PRODUCTION_PACKAGE 2/Master_Index.docx,engineering/product/Releases/MicroHydroV1_Work/MasterIntegrated_Output/01_SharePoint_Libraries/MicroHydroV1 — SoT/MicroHydroV1/docs/Master_Index.docx
Implementation/MICRO HYDRO - OLD/RnD/MASTER_PRODUCTION_PACKAGE 2/Measurements_Import_Template.csv,engineering/microhydro-v1-sot/MicroHydroV1/automation/Measurements_Import_Template.csv
Implementation/MICRO HYDRO - OLD/RnD/MASTER_PRODUCTION_PACKAGE 2/MicroHydroV1_/01_CAD/macros/build_all.FCMacro,engineering/cad/MicroHydroV1_CAD Archive/MicroHydroV1_CAD (1)old/MacroSuiteFull/build_all.FCMacro
Implementation/MICRO HYDRO - OLD/RnD/MASTER_PRODUCTION_PACKAGE 2/MicroHydroV1_/01_CAD/macros/build_assembly.FCMacro,engineering/product/Releases/MicroHydroV1_Work/MasterIntegrated_Output/01_SharePoint_Libraries/MicroHydroV1 — SoT/MicroHydroV1/cad/macros/Assembly/build_assembly.FCMacro
Implementation/MICRO HYDRO - OLD/RnD/MASTER_PRODUCTION_PACKAGE 2/MicroHydroV1_/01_CAD/macros/build_diffuser.FCMacro,engineering/cad/MicroHydroV1_CAD Archive/MicroHydroV1_CAD/01_Diffuser/build_diffuser.FCMacro
Implementation/MICRO HYDRO - OLD/RnD/MASTER_PRODUCTION_PACKAGE 2/MicroHydroV1_/01_CAD/macros/build_nozzle.FCMacro,engineering/product/Releases/MicroHydroV1_Work/MasterIntegrated_Output/01_SharePoint_Libraries/MicroHydroV1 — SoT/MicroHydroV1/cad/macros/02_Nozzle/build_nozzle.FCMacro
Implementation/MICRO HYDRO - OLD/RnD/MASTER_PRODUCTION_PACKAGE 2/MicroHydroV1_/01_CAD/macros/build_retainer.FCMacro,engineering/product/Releases/MicroHydroV1_Work/MasterIntegrated_Output/01_SharePoint_Libraries/MicroHydroV1 — SoT/MicroHydroV1/cad/macros/04_Retainer/build_retainer.FCMacro
Implementation/MICRO HYDRO - OLD/RnD/MASTER_PRODUCTION_PACKAGE 2/MicroHydroV1_/01_CAD/macros/build_vanepacks.FCMacro,engineering/product/Releases/MicroHydroV1_Work/MasterIntegrated_Output/01_SharePoint_Libraries/MicroHydroV1 — SoT/MicroHydroV1/cad/macros/03_VanePacks/build_vanepacks.FCMacro
Implementation/MICRO HYDRO - OLD/RnD/MASTER_PRODUCTION_PACKAGE 2/MicroHydroV1_/01_CAD/macros/export_batch.FCMacro,engineering/product/Releases/MicroHydroV1_Work/MasterIntegrated_Output/01_SharePoint_Libraries/MicroHydroV1 — SoT/MicroHydroV1/cad/macros/scripts/export_batch.FCMacro
Implementation/MICRO HYDRO - OLD/RnD/MASTER_PRODUCTION_PACKAGE 2/MicroHydroV1_/01_CAD/params/params.json,engineering/cad/MicroHydroV1_CAD Archive/MicroHydroV1_CAD/params.json
Implementation/MICRO HYDRO - OLD/RnD/MASTER_PRODUCTION_PACKAGE 2/MicroHydroV1_/03_Data/RnD_Workbook/MicroHydroV1_Bench_Test_Tracker.xlsx,engineering/cad/MicroHydroV1_CAD Archive/MicroHydroV1_Bench_Test_Tracker.xlsx
Implementation/MICRO HYDRO - OLD/RnD/MASTER_PRODUCTION_PACKAGE 2/MicroHydroV1_/03_Data/RnD_Workbook/MicroHydroV1_RnD_Export (1).xlsx,engineering/cad/MicroHydroV1_CAD Archive/MicroHydroV1_RnD_Export (1).xlsx
Implementation/MICRO HYDRO - OLD/RnD/MASTER_PRODUCTION_PACKAGE 2/MicroHydroV1_/03_Data/RnD_Workbook/MicroHydroV1_RnD_Export.xlsx,engineering/microhydro-v1-sot/MicroHydroV1/automation/MicroHydroV1_RnD_Export.xlsx
Implementation/MICRO HYDRO - OLD/RnD/MASTER_PRODUCTION_PACKAGE 2/MicroHydroV1_/03_Data/RnD_Workbook/MicroHydroV1_RnD_Export_SYNTH.xlsx,engineering/cad/MicroHydroV1_CAD Archive/MicroHydroV1_RnD_Export_SYNTH.xlsx
Implementation/MICRO HYDRO - OLD/RnD/MASTER_PRODUCTION_PACKAGE 2/MicroHydroV1_/03_Data/RnD_Workbook/MicroHydroV1_RnD_FullUpgrade.xlsx,engineering/cad/MicroHydroV1_CAD Archive/MicroHydroV1_CAD/MicroHydroV1_RnD_FullUpgrade.xlsx
Implementation/MICRO HYDRO - OLD/RnD/MASTER_PRODUCTION_PACKAGE 2/MicroHydroV1_/03_Data/intake_raw/StageB_DataLog_Synthetic.csv,engineering/cad/MicroHydroV1_CAD Archive/MicroHydroV1_Full_Package/StageB_DataLog_Synthetic.csv
Implementation/MICRO HYDRO - OLD/RnD/MASTER_PRODUCTION_PACKAGE 2/MicroHydroV1_/07_Docs/Documentation/GoNoGo_Packet.docx,engineering/cad/MicroHydroV1_CAD Archive/MicroHydroV1_Full_Package/GoNoGo_Packet.docx
Implementation/MICRO HYDRO - OLD/RnD/MASTER_PRODUCTION_PACKAGE 2/MicroHydroV1_/07_Docs/Documentation/Go_NoGo_Packet.docx,engineering/cad/MicroHydroV1_CAD Archive/MicroHydroV1_FULL_Workspace/Master_Package/Go_NoGo_Packet.docx
Implementation/MICRO HYDRO - OLD/RnD/MASTER_PRODUCTION_PACKAGE 2/MicroHydroV1_/07_Docs/Documentation/MicroHydroV1_Master.docx,engineering/cad/MicroHydroV1_CAD Archive/MicroHydroV1_FULL_Workspace/Master_Package/MicroHydroV1_Master.docx
Implementation/MICRO HYDRO - OLD/RnD/MASTER_PRODUCTION_PACKAGE 2/MicroHydroV1_/07_Docs/Documentation/README.txt,engineering/cad/MicroHydroV1_CAD Archive/MicroHydroV1_FullUpgrade_All/TankTests/T001/README.txt
Implementation/MICRO HYDRO - OLD/RnD/MASTER_PRODUCTION_PACKAGE 2/MicroHydroV1_/07_Docs/Documentation/STW_vNext_Matrix.docx,engineering/cad/MicroHydroV1_CAD Archive/MicroHydroV1_Full_Package/STW_vNext_Matrix.docx
Implementation/MICRO HYDRO - OLD/RnD/MASTER_PRODUCTION_PACKAGE 2/MicroHydroV1_/07_Docs/Documentation/Stakeholder_vNext.pptx,engineering/cad/MicroHydroV1_CAD Archive/MicroHydroV1_Full_Package/Stakeholder_vNext.pptx
Implementation/MICRO HYDRO - OLD/RnD/MASTER_PRODUCTION_PACKAGE 2/MicroHydroV1_/08_Installers/InitGui.py,engineering/cad/MicroHydroV1_CAD Archive/MicroHydroV1_CAD/MicroHydroV1_InModule_Installer/InitGui.py
Implementation/MICRO HYDRO - OLD/RnD/MASTER_PRODUCTION_PACKAGE 2/MicroHydroV1_/08_Installers/Install_MicroHydroV1_InModule.command,engineering/cad/MicroHydroV1_CAD Archive/MicroHydroV1_CAD/MicroHydroV1_InModule_Installer/Install_MicroHydroV1_InModule.command
Implementation/MICRO HYDRO - OLD/RnD/MASTER_PRODUCTION_PACKAGE 2/MicroHydroV1_/08_Installers/MicroHydroV1_InModule_Installer.zip,engineering/cad/MicroHydroV1_CAD Archive/MicroHydroV1_CAD/MicroHydroV1_InModule_Installer.zip
Implementation/MICRO HYDRO - OLD/RnD/MASTER_PRODUCTION_PACKAGE 2/MicroHydroV1_/08_Installers/README.md,engineering/cad/MicroHydroV1_CAD Archive/MicroHydroV1_CAD/MicroHydroV1_InModule_Installer/README.md
Implementation/MICRO HYDRO - OLD/RnD/MASTER_PRODUCTION_PACKAGE 2/MicroHydroV1_/09_Packages/original/MacroSuite.zip,engineering/cad/MicroHydroV1_CAD Archive/MicroHydroV1_CAD (1)old/MacroSuite.zip
Implementation/MICRO HYDRO - OLD/RnD/MASTER_PRODUCTION_PACKAGE 2/MicroHydroV1_/09_Packages/original/MacroSuiteFull.zip,engineering/cad/MicroHydroV1_CAD Archive/MicroHydroV1_CAD (1)old/MacroSuiteFull.zip
Implementation/MICRO HYDRO - OLD/RnD/MASTER_PRODUCTION_PACKAGE 2/MicroHydroV1_/09_Packages/original/MicroHydroV1_Addon_macOS.zip,engineering/cad/MicroHydroV1_CAD Archive/MicroHydroV1_CAD/MicroHydroV1_Addon_macOS.zip
Implementation/MICRO HYDRO - OLD/RnD/MASTER_PRODUCTION_PACKAGE 2/MicroHydroV1_/09_Packages/original/MicroHydroV1_Complete_Engineering_Package.zip,engineering/cad/MicroHydroV1_CAD Archive/MicroHydroV1_CAD/MicroHydroV1_Complete_Engineering_Package.zip
Implementation/MICRO HYDRO - OLD/RnD/MASTER_PRODUCTION_PACKAGE 2/MicroHydroV1_/09_Packages/original/MicroHydroV1_StageB_Package.zip,engineering/cad/MicroHydroV1_CAD Archive/MicroHydroV1_StageB_Package.zip
Implementation/MICRO HYDRO - OLD/RnD/MASTER_PRODUCTION_PACKAGE 2/MicroHydroV1_/09_Packages/original/patched_macros_with_params.zip,engineering/cad/MicroHydroV1_CAD Archive/MicroHydroV1_CAD/patched_macros_with_params.zip
Implementation/MICRO HYDRO - OLD/RnD/MASTER_PRODUCTION_PACKAGE 2/MicroHydroV1_CAD Archive.zip,archive/legacy/implementation-misc/MICRO HYDRO - OLD/RnD/MASTER_PRODUCTION_PACKAGE/MicroHydroV1_CAD Archive.zip
Implementation/MICRO HYDRO - OLD/RnD/MASTER_PRODUCTION_PACKAGE 2/MicroHydroV1_Rebuilt_Clean_Repo_20260122_002842Z.zip,archive/legacy/implementation-misc/MICRO HYDRO - OLD/RnD/MASTER_PRODUCTION_PACKAGE/MicroHydroV1_Rebuilt_Clean_Repo_20260122_002842Z.zip
Implementation/MICRO HYDRO - OLD/RnD/MASTER_PRODUCTION_PACKAGE 2/README.md.docx,research/topics/MASTER_PRODUCTION_PACKAGE 2/README.md.docx
Implementation/MICRO HYDRO - OLD/RnD/MASTER_PRODUCTION_PACKAGE 2/README_IMPORT.md,research/topics/MASTER_PRODUCTION_PACKAGE 2/README_IMPORT.md
Implementation/MICRO HYDRO - OLD/RnD/MASTER_PRODUCTION_PACKAGE 2/Refinement_Prompts.docx,research/topics/MASTER_PRODUCTION_PACKAGE 2/Refinement_Prompts.docx
Implementation/MICRO HYDRO - OLD/RnD/MASTER_PRODUCTION_PACKAGE 2/Run_of_Show_Checklist.docx,engineering/product/Releases/MicroHydroV1_Work/MasterIntegrated_Output/01_SharePoint_Libraries/MicroHydroV1 — SoT/MicroHydroV1/docs/Run_of_Show_Checklist.docx
Implementation/MICRO HYDRO - OLD/RnD/MASTER_PRODUCTION_PACKAGE 2/Stakeholder_Presentation.pptx,research/topics/MASTER_PRODUCTION_PACKAGE 2/Stakeholder_Presentation.pptx
Implementation/MICRO HYDRO - OLD/RnD/MASTER_PRODUCTION_PACKAGE 2/Test_Campaign_Plan.docx,engineering/product/Releases/MicroHydroV1_Work/MasterIntegrated_Output/01_SharePoint_Libraries/MicroHydroV1 — SoT/MicroHydroV1/docs/Test_Campaign_Plan.docx
Implementation/MICRO HYDRO - OLD/RnD/MASTER_PRODUCTION_PACKAGE 2/build_all.FCMacro.docx,research/topics/RnD_Additional/build_all.FCMacro.docx
Implementation/MICRO HYDRO - OLD/RnD/MASTER_PRODUCTION_PACKAGE 2/import_measurements.py,research/topics/MASTER_PRODUCTION_PACKAGE 2/import_measurements.py
Implementation/MICRO HYDRO - OLD/RnD/MASTER_PRODUCTION_PACKAGE 2/index.html.docx,research/topics/MASTER_PRODUCTION_PACKAGE 2/index.html.docx
Implementation/MICRO HYDRO - OLD/RnD/MASTER_PRODUCTION_PACKAGE 2/params.json,engineering/product/Releases/MicroHydroV1_Work/MasterIntegrated_Output/01_SharePoint_Libraries/MicroHydroV1 — SoT/MicroHydroV1/cad/params/params.json
Implementation/MICRO HYDRO - OLD/RnD/NextChat_Package/README.txt,tools/backup/README.txt
Implementation/MICRO HYDRO - OLD/RnD/NextChat_Package/chat_log.txt,tools/it-integrations/NextChat_Package/chat_log.txt
Implementation/MICRO HYDRO - OLD/RnD/NextChat_Package/docs/next_steps.md,tools/it-integrations/NextChat_Package/docs/next_steps.md
Implementation/MICRO HYDRO - OLD/RnD/NextChat_Package/freecad_addon/PUT_MicroHydroV1_Addon_macOS.zip_here.txt,tools/it-integrations/NextChat_Package/freecad_addon/PUT_MicroHydroV1_Addon_macOS.zip_here.txt
Implementation/MICRO HYDRO - OLD/RnD/NextChat_Package/workspace_placeholders/PUT_MicroHydroV1_workspace_zip_here.txt,tools/it-integrations/NextChat_Package/workspace_placeholders/PUT_MicroHydroV1_workspace_zip_here.txt
Implementation/MicroHydroV1/.github/workflows/validate.yml,engineering/microhydro-v1/.github/workflows/validate.yml
Implementation/MicroHydroV1/.gitignore,engineering/microhydro-v1/.gitignore
Implementation/MicroHydroV1/CHANGELOG.md,engineering/product/Change_Logs/CHANGELOG.md
Implementation/MicroHydroV1/README.md,engineering/microhydro-v1/README.md
Implementation/MicroHydroV1/automation/Import_Config.json,engineering/product/Releases/MicroHydroV1_Work/MasterIntegrated_Output/01_SharePoint_Libraries/MicroHydroV1 — SoT/MicroHydroV1/automation/Import_Config.json
Implementation/MicroHydroV1/automation/README.md,engineering/microhydro-v1/automation/README.md
Implementation/MicroHydroV1/automation/import_measurements.py,engineering/product/Releases/MicroHydroV1_Work/MasterIntegrated_Output/01_SharePoint_Libraries/MicroHydroV1 — SoT/MicroHydroV1/MicroHydroV1_Importer_RunID_Patch_v0.3.0/MicroHydroV1/automation/import_measurements.py
Implementation/MicroHydroV1/cad/README.md,engineering/microhydro-v1/cad/README.md
Implementation/MicroHydroV1/cad/macros/01_Diffuser/build_diffuser.FCMacro,engineering/product/Releases/MicroHydroV1_Work/MasterIntegrated_Output/01_SharePoint_Libraries/MicroHydroV1 — SoT/MicroHydroV1/cad/macros/01_Diffuser/build_diffuser.FCMacro
Implementation/MicroHydroV1/cad/macros/02_Nozzle/build_nozzle.FCMacro,engineering/product/Releases/MicroHydroV1_Work/MasterIntegrated_Output/01_SharePoint_Libraries/MicroHydroV1 — SoT/MicroHydroV1/cad/macros/02_Nozzle/build_nozzle.FCMacro
Implementation/MicroHydroV1/cad/macros/03_VanePacks/build_vanepacks.FCMacro,engineering/product/Releases/MicroHydroV1_Work/MasterIntegrated_Output/01_SharePoint_Libraries/MicroHydroV1 — SoT/MicroHydroV1/cad/macros/03_VanePacks/build_vanepacks.FCMacro
Implementation/MicroHydroV1/cad/macros/04_Retainer/build_retainer.FCMacro,engineering/product/Releases/MicroHydroV1_Work/MasterIntegrated_Output/01_SharePoint_Libraries/MicroHydroV1 — SoT/MicroHydroV1/cad/macros/04_Retainer/build_retainer.FCMacro
Implementation/MicroHydroV1/cad/macros/Assembly/build_assembly.FCMacro,engineering/product/Releases/MicroHydroV1_Work/MasterIntegrated_Output/01_SharePoint_Libraries/MicroHydroV1 — SoT/MicroHydroV1/cad/macros/Assembly/build_assembly.FCMacro
Implementation/MicroHydroV1/cad/macros/build_all.FCMacro,engineering/product/Releases/MicroHydroV1_Work/MasterIntegrated_Output/01_SharePoint_Libraries/MicroHydroV1 — SoT/MicroHydroV1/cad/macros/build_all.FCMacro
Implementation/MicroHydroV1/cad/macros/scripts/export_batch.FCMacro,engineering/product/Releases/MicroHydroV1_Work/MasterIntegrated_Output/01_SharePoint_Libraries/MicroHydroV1 — SoT/MicroHydroV1/cad/macros/scripts/export_batch.FCMacro
Implementation/MicroHydroV1/cad/params/params.json,engineering/product/Releases/MicroHydroV1_Work/MasterIntegrated_Output/01_SharePoint_Libraries/MicroHydroV1 — SoT/MicroHydroV1/cad/params/params.json
Implementation/MicroHydroV1/data/README.md,engineering/microhydro-v1/data/README.md
Implementation/MicroHydroV1/docs/README.md,engineering/product/Documentation/docs/README.md
Implementation/MicroHydroV1/docs/governance/REPO_RULES.md,engineering/product/Documentation/docs/governance/REPO_RULES.md
Implementation/MicroHydroV1/tests/README.md,engineering/microhydro-v1/tests/README.md
Implementation/MicroHydroV1/tools/release/make_release.py,engineering/product/Releases/MicroHydroV1_Work/MasterIntegrated_Output/01_SharePoint_Libraries/MicroHydroV1 — SoT/MicroHydroV1/tools/release/make_release.py
Implementation/MicroHydroV1/tools/validate/validate_repo.py,engineering/microhydro-v1/tools/validate/validate_repo.py
Implementation/MicroHydroV1 — Releases/MicroHydroV1_SharePoint_Version_Control_Configuration_Guide_v1.0 (1).docx,engineering/product/Releases/MicroHydroV1 — Releases/MicroHydroV1_SharePoint_Version_Control_Configuration_Guide_v1.0 (1).docx
Implementation/MicroHydroV1 — SoT/MicroHydroV1/README.md,engineering/product/Releases/MicroHydroV1_Work/MasterIntegrated_Output/01_SharePoint_Libraries/MicroHydroV1 — SoT/MicroHydroV1/README.md
Implementation/MicroHydroV1 — SoT/MicroHydroV1/automation/Import_Config.json,engineering/product/Releases/MicroHydroV1_Work/MasterIntegrated_Output/01_SharePoint_Libraries/MicroHydroV1 — SoT/MicroHydroV1/automation/Import_Config.json
Implementation/MicroHydroV1 — SoT/MicroHydroV1/automation/Measurements_Import_Template.csv,engineering/microhydro-v1-sot/MicroHydroV1/automation/Measurements_Import_Template.csv
Implementation/MicroHydroV1 — SoT/MicroHydroV1/automation/MicroHydroV1_RnD_Export.xlsx,engineering/microhydro-v1-sot/MicroHydroV1/automation/MicroHydroV1_RnD_Export.xlsx
Implementation/MicroHydroV1 — SoT/MicroHydroV1/cad/macros/01_Diffuser/build_diffuser.FCMacro,engineering/product/Releases/MicroHydroV1_Work/MasterIntegrated_Output/01_SharePoint_Libraries/MicroHydroV1 — SoT/MicroHydroV1/cad/macros/01_Diffuser/build_diffuser.FCMacro
Implementation/MicroHydroV1 — SoT/MicroHydroV1/cad/macros/02_Nozzle/build_nozzle.FCMacro,engineering/product/Releases/MicroHydroV1_Work/MasterIntegrated_Output/01_SharePoint_Libraries/MicroHydroV1 — SoT/MicroHydroV1/cad/macros/02_Nozzle/build_nozzle.FCMacro
Implementation/MicroHydroV1 — SoT/MicroHydroV1/cad/macros/03_VanePacks/build_vanepacks.FCMacro,engineering/product/Releases/MicroHydroV1_Work/MasterIntegrated_Output/01_SharePoint_Libraries/MicroHydroV1 — SoT/MicroHydroV1/cad/macros/03_VanePacks/build_vanepacks.FCMacro
Implementation/MicroHydroV1 — SoT/MicroHydroV1/cad/macros/04_Retainer/build_retainer.FCMacro,engineering/product/Releases/MicroHydroV1_Work/MasterIntegrated_Output/01_SharePoint_Libraries/MicroHydroV1 — SoT/MicroHydroV1/cad/macros/04_Retainer/build_retainer.FCMacro
Implementation/MicroHydroV1 — SoT/MicroHydroV1/cad/macros/Assembly/build_assembly.FCMacro,engineering/product/Releases/MicroHydroV1_Work/MasterIntegrated_Output/01_SharePoint_Libraries/MicroHydroV1 — SoT/MicroHydroV1/cad/macros/Assembly/build_assembly.FCMacro
Implementation/MicroHydroV1 — SoT/MicroHydroV1/cad/macros/README.txt,engineering/product/Releases/MicroHydroV1_Work/MasterIntegrated_Output/01_SharePoint_Libraries/MicroHydroV1 — SoT/MicroHydroV1/cad/macros/README.txt
Implementation/MicroHydroV1 — SoT/MicroHydroV1/cad/macros/build_all.FCMacro,engineering/product/Releases/MicroHydroV1_Work/MasterIntegrated_Output/01_SharePoint_Libraries/MicroHydroV1 — SoT/MicroHydroV1/cad/macros/build_all.FCMacro
Implementation/MicroHydroV1 — SoT/MicroHydroV1/cad/macros/params.json,engineering/product/Releases/MicroHydroV1_Work/MasterIntegrated_Output/01_SharePoint_Libraries/MicroHydroV1 — SoT/MicroHydroV1/cad/macros/params.json
Implementation/MicroHydroV1 — SoT/MicroHydroV1/cad/macros/scripts/export_batch.FCMacro,engineering/product/Releases/MicroHydroV1_Work/MasterIntegrated_Output/01_SharePoint_Libraries/MicroHydroV1 — SoT/MicroHydroV1/cad/macros/scripts/export_batch.FCMacro
Implementation/MicroHydroV1 — SoT/MicroHydroV1/cad/params/params.json,engineering/product/Releases/MicroHydroV1_Work/MasterIntegrated_Output/01_SharePoint_Libraries/MicroHydroV1 — SoT/MicroHydroV1/cad/params/params.json
Implementation/MicroHydroV1 — SoT/MicroHydroV1/docs/Jet_Coherence_Procedure.docx,engineering/product/Releases/MicroHydroV1_Work/MasterIntegrated_Output/01_SharePoint_Libraries/MicroHydroV1 — SoT/MicroHydroV1/docs/Jet_Coherence_Procedure.docx
Implementation/MicroHydroV1 — SoT/MicroHydroV1/docs/Master_Index.docx,engineering/product/Releases/MicroHydroV1_Work/MasterIntegrated_Output/01_SharePoint_Libraries/MicroHydroV1 — SoT/MicroHydroV1/docs/Master_Index.docx
Implementation/MicroHydroV1 — SoT/MicroHydroV1/docs/PASS_A_FULL_RevA.docx,engineering/product/Releases/MicroHydroV1_Work/MasterIntegrated_Output/01_SharePoint_Libraries/MicroHydroV1 — SoT/MicroHydroV1/docs/PASS_A_FULL_RevA.docx
Implementation/MicroHydroV1 — SoT/MicroHydroV1/docs/Run_of_Show_Checklist.docx,engineering/product/Releases/MicroHydroV1_Work/MasterIntegrated_Output/01_SharePoint_Libraries/MicroHydroV1 — SoT/MicroHydroV1/docs/Run_of_Show_Checklist.docx
Implementation/MicroHydroV1 — SoT/MicroHydroV1/docs/Tank_Ripple_Procedure.docx,engineering/product/Releases/MicroHydroV1_Work/MasterIntegrated_Output/01_SharePoint_Libraries/MicroHydroV1 — SoT/MicroHydroV1/docs/Tank_Ripple_Procedure.docx
Implementation/MicroHydroV1 — SoT/MicroHydroV1/docs/Test_Campaign_Plan.docx,engineering/product/Releases/MicroHydroV1_Work/MasterIntegrated_Output/01_SharePoint_Libraries/MicroHydroV1 — SoT/MicroHydroV1/docs/Test_Campaign_Plan.docx
Implementation/MicroHydroV1 — SoT/MicroHydroV1/docs/addons/MANIFEST.json,engineering/product/Releases/MicroHydroV1_Work/MasterIntegrated_Output/01_SharePoint_Libraries/MicroHydroV1 — SoT/MicroHydroV1/MANIFEST.json
Implementation/MicroHydroV1 — SoT/MicroHydroV1/docs/addons/MicroHydroV1_Importer_RunID_Patch_v0.3.0/MANIFEST.json,engineering/product/Releases/MicroHydroV1_Work/MasterIntegrated_Output/01_SharePoint_Libraries/MicroHydroV1 — SoT/MicroHydroV1/MicroHydroV1_Importer_RunID_Patch_v0.3.0/MANIFEST.json
Implementation/MicroHydroV1 — SoT/MicroHydroV1/docs/addons/MicroHydroV1_Importer_RunID_Patch_v0.3.0/MicroHydroV1/automation/import_measurements.py,engineering/product/Releases/MicroHydroV1_Work/MasterIntegrated_Output/01_SharePoint_Libraries/MicroHydroV1 — SoT/MicroHydroV1/MicroHydroV1_Importer_RunID_Patch_v0.3.0/MicroHydroV1/automation/import_measurements.py
Implementation/MicroHydroV1 — SoT/MicroHydroV1/docs/addons/MicroHydroV1_Importer_RunID_Patch_v0.3.0/MicroHydroV1/docs/governance/README_Importer_RunID_Patch.md,engineering/product/Releases/MicroHydroV1_Work/MasterIntegrated_Output/01_SharePoint_Libraries/MicroHydroV1 — SoT/MicroHydroV1/MicroHydroV1_Importer_RunID_Patch_v0.3.0/MicroHydroV1/docs/governance/README_Importer_RunID_Patch.md
Implementation/MicroHydroV1 — SoT/MicroHydroV1/docs/addons/MicroHydroV1_RUN3_AutoFill_Evidence_PLUS_Workbook_v0.3.0/MANIFEST.json,engineering/product/Releases/MicroHydroV1_Work/MasterIntegrated_Output/01_SharePoint_Libraries/MicroHydroV1 — SoT/MicroHydroV1/MicroHydroV1_RUN3_AutoFill_Evidence_PLUS_Workbook_v0.3.0/MANIFEST.json
Implementation/MicroHydroV1 — SoT/MicroHydroV1/docs/addons/MicroHydroV1_RUN3_AutoFill_Evidence_PLUS_Workbook_v0.3.0/MicroHydroV1/docs/run3/README_AUTOFILL.md,engineering/product/Releases/MicroHydroV1_Work/MasterIntegrated_Output/01_SharePoint_Libraries/MicroHydroV1 — SoT/MicroHydroV1/MicroHydroV1_RUN3_AutoFill_Evidence_PLUS_Workbook_v0.3.0/MicroHydroV1/docs/run3/README_AUTOFILL.md
Implementation/MicroHydroV1 — SoT/MicroHydroV1/docs/addons/MicroHydroV1_RUN3_AutoFill_Evidence_PLUS_Workbook_v0.3.0/MicroHydroV1/docs/run3/RUN3_Evidence_Template.docx,engineering/product/Releases/MicroHydroV1_Work/MasterIntegrated_Output/01_SharePoint_Libraries/MicroHydroV1 — SoT/MicroHydroV1/MicroHydroV1_RUN3_AutoFill_Evidence_PLUS_Workbook_v0.3.0/MicroHydroV1/docs/run3/RUN3_Evidence_Template.docx
Implementation/MicroHydroV1 — SoT/MicroHydroV1/docs/addons/MicroHydroV1_RUN3_AutoFill_Evidence_PLUS_Workbook_v0.3.0/MicroHydroV1/tools/plots/plot_t002_psd_peakiness.py,engineering/product/Releases/MicroHydroV1_Work/MasterIntegrated_Output/01_SharePoint_Libraries/MicroHydroV1 — SoT/MicroHydroV1/MicroHydroV1_RUN3_AutoFill_Evidence_PLUS_Workbook_v0.3.0/MicroHydroV1/tools/plots/plot_t002_psd_peakiness.py
Implementation/MicroHydroV1 — SoT/MicroHydroV1/docs/addons/MicroHydroV1_RUN3_AutoFill_Evidence_PLUS_Workbook_v0.3.0/MicroHydroV1/tools/workflow/autofill_evidence_doc.py,engineering/product/Releases/MicroHydroV1_Work/MasterIntegrated_Output/01_SharePoint_Libraries/MicroHydroV1 — SoT/MicroHydroV1/MicroHydroV1_RUN3_AutoFill_Evidence_PLUS_Workbook_v0.3.0/MicroHydroV1/tools/workflow/autofill_evidence_doc.py
Implementation/MicroHydroV1 — SoT/MicroHydroV1/docs/addons/MicroHydroV1_RUN3_AutoFill_Evidence_RUNID_BASELINE_v0.3.0/MANIFEST.json,engineering/product/Releases/MicroHydroV1_Work/MasterIntegrated_Output/01_SharePoint_Libraries/MicroHydroV1 — SoT/MicroHydroV1/MicroHydroV1_RUN3_AutoFill_Evidence_RUNID_BASELINE_v0.3.0/MANIFEST.json
Implementation/MicroHydroV1 — SoT/MicroHydroV1/docs/addons/MicroHydroV1_RUN3_AutoFill_Evidence_RUNID_BASELINE_v0.3.0/MicroHydroV1/docs/run3/README_AUTOFILL.md,engineering/product/Releases/MicroHydroV1_Work/MasterIntegrated_Output/01_SharePoint_Libraries/MicroHydroV1 — SoT/MicroHydroV1/MicroHydroV1_RUN3_AutoFill_Evidence_RUNID_BASELINE_v0.3.0/MicroHydroV1/docs/run3/README_AUTOFILL.md
Implementation/MicroHydroV1 — SoT/MicroHydroV1/docs/addons/MicroHydroV1_RUN3_AutoFill_Evidence_RUNID_BASELINE_v0.3.0/MicroHydroV1/docs/run3/RUN3_Evidence_Template.docx,engineering/product/Releases/MicroHydroV1_Work/MasterIntegrated_Output/01_SharePoint_Libraries/MicroHydroV1 — SoT/MicroHydroV1/MicroHydroV1_RUN3_AutoFill_Evidence_PLUS_Workbook_v0.3.0/MicroHydroV1/docs/run3/RUN3_Evidence_Template.docx
Implementation/MicroHydroV1 — SoT/MicroHydroV1/docs/addons/MicroHydroV1_RUN3_AutoFill_Evidence_RUNID_BASELINE_v0.3.0/MicroHydroV1/tools/plots/plot_t002_psd_peakiness.py,engineering/product/Releases/MicroHydroV1_Work/MasterIntegrated_Output/01_SharePoint_Libraries/MicroHydroV1 — SoT/MicroHydroV1/MicroHydroV1_RUN3_AutoFill_Evidence_PLUS_Workbook_v0.3.0/MicroHydroV1/tools/plots/plot_t002_psd_peakiness.py
Implementation/MicroHydroV1 — SoT/MicroHydroV1/docs/addons/MicroHydroV1_RUN3_AutoFill_Evidence_RUNID_BASELINE_v0.3.0/MicroHydroV1/tools/workflow/autofill_evidence_doc.py,engineering/product/Releases/MicroHydroV1_Work/MasterIntegrated_Output/01_SharePoint_Libraries/MicroHydroV1 — SoT/MicroHydroV1/MicroHydroV1_RUN3_AutoFill_Evidence_RUNID_BASELINE_v0.3.0/MicroHydroV1/tools/workflow/autofill_evidence_doc.py
Implementation/MicroHydroV1 — SoT/MicroHydroV1/docs/addons/MicroHydroV1_RunID_Migrator_v0.3.0/MANIFEST.json,engineering/product/Releases/MicroHydroV1_Work/MasterIntegrated_Output/01_SharePoint_Libraries/MicroHydroV1 — SoT/MicroHydroV1/MicroHydroV1_RunID_Migrator_v0.3.0/MANIFEST.json
Implementation/MicroHydroV1 — SoT/MicroHydroV1/docs/addons/MicroHydroV1_RunID_Migrator_v0.3.0/MicroHydroV1/docs/governance/README_RunID_Migration.md,engineering/product/Releases/MicroHydroV1_Work/MasterIntegrated_Output/01_SharePoint_Libraries/MicroHydroV1 — SoT/MicroHydroV1/MicroHydroV1_RunID_Migrator_v0.3.0/MicroHydroV1/docs/governance/README_RunID_Migration.md
Implementation/MicroHydroV1 — SoT/MicroHydroV1/docs/addons/MicroHydroV1_RunID_Migrator_v0.3.0/MicroHydroV1/tools/workflow/migrate_add_run_id.py,engineering/product/Releases/MicroHydroV1_Work/MasterIntegrated_Output/01_SharePoint_Libraries/MicroHydroV1 — SoT/MicroHydroV1/MicroHydroV1_RunID_Migrator_v0.3.0/MicroHydroV1/tools/workflow/migrate_add_run_id.py
Implementation/MicroHydroV1 — SoT/MicroHydroV1/docs/addons/zips/MicroHydroV1_Calibration_AutoEmbed_AddOn_v0.3.0 (1).zip,engineering/microhydro-v1-sot/MicroHydroV1/docs/addons/zips/MicroHydroV1_Calibration_AutoEmbed_AddOn_v0.3.0 (1).zip
Implementation/MicroHydroV1 — SoT/MicroHydroV1/docs/addons/zips/MicroHydroV1_Calibration_AutoEmbed_AddOn_v0.3.0.zip,engineering/microhydro-v1-sot/MicroHydroV1/docs/addons/zips/MicroHydroV1_Calibration_AutoEmbed_AddOn_v0.3.0 (1).zip
Implementation/MicroHydroV1 — SoT/MicroHydroV1/docs/addons/zips/MicroHydroV1_DO_ALL_AddOn_v0.3.0 (1).zip,engineering/microhydro-v1-sot/MicroHydroV1/docs/addons/zips/MicroHydroV1_DO_ALL_AddOn_v0.3.0 (1).zip
Implementation/MicroHydroV1 — SoT/MicroHydroV1/docs/addons/zips/MicroHydroV1_DO_ALL_AddOn_v0.3.0 (2).zip,engineering/microhydro-v1-sot/MicroHydroV1/docs/addons/zips/MicroHydroV1_DO_ALL_AddOn_v0.3.0 (1).zip
Implementation/MicroHydroV1 — SoT/MicroHydroV1/docs/addons/zips/MicroHydroV1_DO_ALL_AddOn_v0.3.0 (3).zip,engineering/microhydro-v1-sot/MicroHydroV1/docs/addons/zips/MicroHydroV1_DO_ALL_AddOn_v0.3.0 (1).zip
Implementation/MicroHydroV1 — SoT/MicroHydroV1/docs/addons/zips/MicroHydroV1_DO_ALL_AddOn_v0.3.0.zip,engineering/microhydro-v1-sot/MicroHydroV1/docs/addons/zips/MicroHydroV1_DO_ALL_AddOn_v0.3.0 (1).zip
Implementation/MicroHydroV1 — SoT/MicroHydroV1/docs/addons/zips/MicroHydroV1_RUN3_AutoFill_Evidence_PLUS_Workbook_T002_v0.3.0.zip,engineering/microhydro-v1-sot/MicroHydroV1/docs/addons/zips/MicroHydroV1_RUN3_AutoFill_Evidence_PLUS_Workbook_T002_v0.3.0.zip
Implementation/MicroHydroV1 — SoT/MicroHydroV1/docs/addons/zips/MicroHydroV1_RUN3_AutoFill_Evidence_v0.3.0.zip,engineering/microhydro-v1-sot/MicroHydroV1/docs/addons/zips/MicroHydroV1_RUN3_AutoFill_Evidence_v0.3.0.zip
Implementation/MicroHydroV1 — SoT/MicroHydroV1/docs/addons/zips/MicroHydroV1_RUN3_DoAll_Templates_Plots (1).zip,engineering/microhydro-v1-sot/MicroHydroV1/docs/addons/zips/MicroHydroV1_RUN3_DoAll_Templates_Plots (1).zip
Implementation/MicroHydroV1 — SoT/MicroHydroV1/docs/addons/zips/MicroHydroV1_RUN3_DoAll_Templates_Plots.zip,engineering/microhydro-v1-sot/MicroHydroV1/docs/addons/zips/MicroHydroV1_RUN3_DoAll_Templates_Plots (1).zip
Implementation/MicroHydroV1 — SoT/MicroHydroV1/docs/addons/zips/MicroHydroV1_v0.3.0_FULL_LOCKED_PressurePa (1).zip,engineering/microhydro-v1-sot/MicroHydroV1/docs/addons/zips/MicroHydroV1_v0.3.0_FULL_LOCKED_PressurePa (1).zip
Implementation/MicroHydroV1 — SoT/MicroHydroV1/docs/addons/zips/MicroHydroV1_v0.3.0_FULL_LOCKED_PressurePa.zip,engineering/microhydro-v1-sot/MicroHydroV1/docs/addons/zips/MicroHydroV1_v0.3.0_FULL_LOCKED_PressurePa (1).zip
Implementation/MicroHydroV1 — SoT/MicroHydroV1/docs/admin/MicroHydroV1_SharePoint_Version_Control_Configuration_Guide_v1.0.docx,engineering/product/Releases/MicroHydroV1 — Releases/MicroHydroV1_SharePoint_Version_Control_Configuration_Guide_v1.0 (1).docx
Implementation/MicroHydroV1 — SoT/MicroHydroV1/docs/architecture_diagram.png,engineering/product/Releases/MicroHydroV1_Work/MasterIntegrated_Output/01_SharePoint_Libraries/MicroHydroV1 — SoT/MicroHydroV1/docs/architecture_diagram.png
Implementation/MicroHydroV1 — SoT/MicroHydroV1/docs/automation/PowerAutomate_Flows_SoT_to_Release.md,engineering/product/Releases/MicroHydroV1_Work/MasterIntegrated_Output/02_Canonical_Working_Tree/MicroHydroV1/docs/automation/PowerAutomate_Flows_SoT_to_Release.md
Implementation/MicroHydroV1 — SoT/MicroHydroV1/docs/automation/README_Calibration_and_AutoEmbed.md,engineering/product/Releases/MicroHydroV1_Work/MasterIntegrated_Output/02_Canonical_Working_Tree/MicroHydroV1/docs/automation/README_Calibration_and_AutoEmbed.md
Implementation/MicroHydroV1 — SoT/MicroHydroV1/docs/automation/README_DO_ALL.md,engineering/product/Releases/MicroHydroV1_Work/MasterIntegrated_Output/02_Canonical_Working_Tree/MicroHydroV1/docs/automation/README_DO_ALL.md
Implementation/MicroHydroV1 — SoT/MicroHydroV1/docs/run3/README_AUTOFILL.md,engineering/product/Releases/MicroHydroV1_Work/MasterIntegrated_Output/01_SharePoint_Libraries/MicroHydroV1 — SoT/MicroHydroV1/MicroHydroV1_RUN3_AutoFill_Evidence_RUNID_BASELINE_v0.3.0/MicroHydroV1/docs/run3/README_AUTOFILL.md
Implementation/MicroHydroV1 — SoT/MicroHydroV1/docs/run3/RUN3_Evidence_Template.docx,engineering/product/Releases/MicroHydroV1_Work/MasterIntegrated_Output/01_SharePoint_Libraries/MicroHydroV1 — SoT/MicroHydroV1/MicroHydroV1_RUN3_AutoFill_Evidence_PLUS_Workbook_v0.3.0/MicroHydroV1/docs/run3/RUN3_Evidence_Template.docx
Implementation/MicroHydroV1 — SoT/MicroHydroV1/docs/run3/RUN3_Evidence_Template.md,engineering/product/Releases/MicroHydroV1_Work/MasterIntegrated_Output/02_Canonical_Working_Tree/MicroHydroV1/docs/run3/RUN3_Evidence_Template.md
Implementation/MicroHydroV1 — SoT/MicroHydroV1/docs/run3/RUN3_Operator_Card.md,engineering/product/Releases/MicroHydroV1_Work/MasterIntegrated_Output/02_Canonical_Working_Tree/MicroHydroV1/docs/run3/RUN3_Operator_Card.md
Implementation/MicroHydroV1 — SoT/MicroHydroV1/docs/templates/DAQ_Logger_Config_RUN3.xlsx,engineering/microhydro-v1-sot/MicroHydroV1/docs/templates/DAQ_Logger_Config_RUN3.xlsx
Implementation/MicroHydroV1 — SoT/MicroHydroV1/docs/templates/PT_Calibration_PressurePa_TimeS_100Hz.xlsx,engineering/microhydro-v1-sot/MicroHydroV1/docs/templates/PT_Calibration_PressurePa_TimeS_100Hz.xlsx
Implementation/MicroHydroV1 — SoT/MicroHydroV1/docs/templates/T002_TankRipple_TimeSeries_Template.csv,engineering/microhydro-v1-sot/MicroHydroV1/docs/templates/T002_TankRipple_TimeSeries_Template.csv
Implementation/MicroHydroV1 — SoT/MicroHydroV1/docs/templates/T003_ELC_Frequency_TimeSeries_Template.csv,engineering/microhydro-v1-sot/MicroHydroV1/docs/templates/T003_ELC_Frequency_TimeSeries_Template.csv
Implementation/MicroHydroV1 — SoT/MicroHydroV1/tests/raw/2026-01-22_Run1_ELCStability/T003_ELCStability_Run1.csv,engineering/microhydro-v1-sot/MicroHydroV1/tests/raw/2026-01-22_Run1_ELCStability/T003_ELCStability_Run1.csv
Implementation/MicroHydroV1 — SoT/MicroHydroV1/tests/raw/2026-01-22_Run1_JetCoherence/T001_JetCoherence_Run1.csv,engineering/microhydro-v1-sot/MicroHydroV1/tests/raw/2026-01-22_Run1_JetCoherence/T001_JetCoherence_Run1.csv
Implementation/MicroHydroV1 — SoT/MicroHydroV1/tests/raw/2026-01-22_Run1_Power/T004_Power_Run1.csv,engineering/microhydro-v1-sot/MicroHydroV1/tests/raw/2026-01-22_Run1_Power/T004_Power_Run1.csv
Implementation/MicroHydroV1 — SoT/MicroHydroV1/tests/raw/2026-01-22_Run1_TankRipple/T002_TankRipple_Run1.csv,engineering/microhydro-v1-sot/MicroHydroV1/tests/raw/2026-01-22_Run1_TankRipple/T002_TankRipple_Run1.csv
Implementation/MicroHydroV1 — SoT/MicroHydroV1/tools/cad/apply_optimized_params.py,engineering/product/Releases/MicroHydroV1_Work/MasterIntegrated_Output/02_Canonical_Working_Tree/MicroHydroV1/tools/cad/apply_optimized_params.py
Implementation/MicroHydroV1 — SoT/MicroHydroV1/tools/cad/build_all_use_optimized.FCMacro,engineering/product/Releases/MicroHydroV1_Work/MasterIntegrated_Output/02_Canonical_Working_Tree/MicroHydroV1/tools/cad/build_all_use_optimized.FCMacro
Implementation/MicroHydroV1 — SoT/MicroHydroV1/tools/optimize/opt_config.json,engineering/product/Releases/MicroHydroV1_Work/MasterIntegrated_Output/01_SharePoint_Libraries/MicroHydroV1 — SoT/MicroHydroV1/tools/optimize/opt_config.json
Implementation/MicroHydroV1 — SoT/MicroHydroV1/tools/optimize/optimize_params.py,engineering/product/Releases/MicroHydroV1_Work/MasterIntegrated_Output/01_SharePoint_Libraries/MicroHydroV1 — SoT/MicroHydroV1/tools/optimize/optimize_params.py
Implementation/MicroHydroV1 — SoT/MicroHydroV1/tools/plots/plot_t002_psd_peakiness.py,engineering/product/Releases/MicroHydroV1_Work/MasterIntegrated_Output/01_SharePoint_Libraries/MicroHydroV1 — SoT/MicroHydroV1/MicroHydroV1_RUN3_AutoFill_Evidence_PLUS_Workbook_v0.3.0/MicroHydroV1/tools/plots/plot_t002_psd_peakiness.py
Implementation/MicroHydroV1 — SoT/MicroHydroV1/tools/release/make_release.py,engineering/product/Releases/MicroHydroV1_Work/MasterIntegrated_Output/01_SharePoint_Libraries/MicroHydroV1 — SoT/MicroHydroV1/tools/release/make_release.py
Implementation/MicroHydroV1 — SoT/MicroHydroV1/tools/run_pipeline.py,engineering/product/Releases/MicroHydroV1_Work/MasterIntegrated_Output/01_SharePoint_Libraries/MicroHydroV1 — SoT/MicroHydroV1/tools/run_pipeline.py
Implementation/MicroHydroV1 — SoT/MicroHydroV1/tools/validate/validate_repo.py,engineering/product/Releases/MicroHydroV1_Work/MasterIntegrated_Output/01_SharePoint_Libraries/MicroHydroV1 — SoT/MicroHydroV1/tools/validate/validate_repo.py
Implementation/MicroHydroV1 — SoT/MicroHydroV1/tools/workflow/autofill_evidence_doc.py,engineering/product/Releases/MicroHydroV1_Work/MasterIntegrated_Output/01_SharePoint_Libraries/MicroHydroV1 — SoT/MicroHydroV1/MicroHydroV1_RUN3_AutoFill_Evidence_RUNID_BASELINE_v0.3.0/MicroHydroV1/tools/workflow/autofill_evidence_doc.py
Implementation/MicroHydroV1 — SoT/MicroHydroV1/tools/workflow/run_closed_loop.py,engineering/product/Releases/MicroHydroV1_Work/MasterIntegrated_Output/02_Canonical_Working_Tree/MicroHydroV1/tools/workflow/run_closed_loop.py
Implementation/MicroHydroV1 — SoT/MicroHydroV1_BACKUP_20260122_005746/MANIFEST.json,engineering/product/Releases/MicroHydroV1_Work/MasterIntegrated_Output/01_SharePoint_Libraries/MicroHydroV1 — SoT/MicroHydroV1/MANIFEST.json
Implementation/MicroHydroV1 — SoT/MicroHydroV1_BACKUP_20260122_005746/MicroHydroV1_Calibration_AutoEmbed_AddOn_v0.3.0 (1).zip,engineering/microhydro-v1-sot/MicroHydroV1/docs/addons/zips/MicroHydroV1_Calibration_AutoEmbed_AddOn_v0.3.0 (1).zip
Implementation/MicroHydroV1 — SoT/MicroHydroV1_BACKUP_20260122_005746/MicroHydroV1_Calibration_AutoEmbed_AddOn_v0.3.0.zip,engineering/microhydro-v1-sot/MicroHydroV1/docs/addons/zips/MicroHydroV1_Calibration_AutoEmbed_AddOn_v0.3.0 (1).zip
Implementation/MicroHydroV1 — SoT/MicroHydroV1_BACKUP_20260122_005746/MicroHydroV1_DO_ALL_AddOn_v0.3.0 (1).zip,engineering/microhydro-v1-sot/MicroHydroV1/docs/addons/zips/MicroHydroV1_DO_ALL_AddOn_v0.3.0 (1).zip
Implementation/MicroHydroV1 — SoT/MicroHydroV1_BACKUP_20260122_005746/MicroHydroV1_DO_ALL_AddOn_v0.3.0 (2).zip,engineering/microhydro-v1-sot/MicroHydroV1/docs/addons/zips/MicroHydroV1_DO_ALL_AddOn_v0.3.0 (1).zip
Implementation/MicroHydroV1 — SoT/MicroHydroV1_BACKUP_20260122_005746/MicroHydroV1_DO_ALL_AddOn_v0.3.0 (3).zip,engineering/microhydro-v1-sot/MicroHydroV1/docs/addons/zips/MicroHydroV1_DO_ALL_AddOn_v0.3.0 (1).zip
Implementation/MicroHydroV1 — SoT/MicroHydroV1_BACKUP_20260122_005746/MicroHydroV1_DO_ALL_AddOn_v0.3.0.zip,engineering/microhydro-v1-sot/MicroHydroV1/docs/addons/zips/MicroHydroV1_DO_ALL_AddOn_v0.3.0 (1).zip
Implementation/MicroHydroV1 — SoT/MicroHydroV1_BACKUP_20260122_005746/MicroHydroV1_Importer_RunID_Patch_v0.3.0/MANIFEST.json,engineering/product/Releases/MicroHydroV1_Work/MasterIntegrated_Output/01_SharePoint_Libraries/MicroHydroV1 — SoT/MicroHydroV1/MicroHydroV1_Importer_RunID_Patch_v0.3.0/MANIFEST.json
Implementation/MicroHydroV1 — SoT/MicroHydroV1_BACKUP_20260122_005746/MicroHydroV1_Importer_RunID_Patch_v0.3.0/MicroHydroV1/automation/import_measurements.py,engineering/product/Releases/MicroHydroV1_Work/MasterIntegrated_Output/01_SharePoint_Libraries/MicroHydroV1 — SoT/MicroHydroV1/MicroHydroV1_Importer_RunID_Patch_v0.3.0/MicroHydroV1/automation/import_measurements.py
Implementation/MicroHydroV1 — SoT/MicroHydroV1_BACKUP_20260122_005746/MicroHydroV1_Importer_RunID_Patch_v0.3.0/MicroHydroV1/docs/governance/README_Importer_RunID_Patch.md,engineering/product/Releases/MicroHydroV1_Work/MasterIntegrated_Output/01_SharePoint_Libraries/MicroHydroV1 — SoT/MicroHydroV1/MicroHydroV1_Importer_RunID_Patch_v0.3.0/MicroHydroV1/docs/governance/README_Importer_RunID_Patch.md
Implementation/MicroHydroV1 — SoT/MicroHydroV1_BACKUP_20260122_005746/MicroHydroV1_RUN3_AutoFill_Evidence_PLUS_Workbook_T002_v0.3.0.zip,engineering/microhydro-v1-sot/MicroHydroV1/docs/addons/zips/MicroHydroV1_RUN3_AutoFill_Evidence_PLUS_Workbook_T002_v0.3.0.zip
Implementation/MicroHydroV1 — SoT/MicroHydroV1_BACKUP_20260122_005746/MicroHydroV1_RUN3_AutoFill_Evidence_PLUS_Workbook_v0.3.0/MANIFEST.json,engineering/product/Releases/MicroHydroV1_Work/MasterIntegrated_Output/01_SharePoint_Libraries/MicroHydroV1 — SoT/MicroHydroV1/MicroHydroV1_RUN3_AutoFill_Evidence_PLUS_Workbook_v0.3.0/MANIFEST.json
Implementation/MicroHydroV1 — SoT/MicroHydroV1_BACKUP_20260122_005746/MicroHydroV1_RUN3_AutoFill_Evidence_PLUS_Workbook_v0.3.0/MicroHydroV1/docs/run3/README_AUTOFILL.md,engineering/product/Releases/MicroHydroV1_Work/MasterIntegrated_Output/01_SharePoint_Libraries/MicroHydroV1 — SoT/MicroHydroV1/MicroHydroV1_RUN3_AutoFill_Evidence_PLUS_Workbook_v0.3.0/MicroHydroV1/docs/run3/README_AUTOFILL.md
Implementation/MicroHydroV1 — SoT/MicroHydroV1_BACKUP_20260122_005746/MicroHydroV1_RUN3_AutoFill_Evidence_PLUS_Workbook_v0.3.0/MicroHydroV1/docs/run3/RUN3_Evidence_Template.docx,engineering/product/Releases/MicroHydroV1_Work/MasterIntegrated_Output/01_SharePoint_Libraries/MicroHydroV1 — SoT/MicroHydroV1/MicroHydroV1_RUN3_AutoFill_Evidence_PLUS_Workbook_v0.3.0/MicroHydroV1/docs/run3/RUN3_Evidence_Template.docx
Implementation/MicroHydroV1 — SoT/MicroHydroV1_BACKUP_20260122_005746/MicroHydroV1_RUN3_AutoFill_Evidence_PLUS_Workbook_v0.3.0/MicroHydroV1/tools/plots/plot_t002_psd_peakiness.py,engineering/product/Releases/MicroHydroV1_Work/MasterIntegrated_Output/01_SharePoint_Libraries/MicroHydroV1 — SoT/MicroHydroV1/MicroHydroV1_RUN3_AutoFill_Evidence_PLUS_Workbook_v0.3.0/MicroHydroV1/tools/plots/plot_t002_psd_peakiness.py
Implementation/MicroHydroV1 — SoT/MicroHydroV1_BACKUP_20260122_005746/MicroHydroV1_RUN3_AutoFill_Evidence_PLUS_Workbook_v0.3.0/MicroHydroV1/tools/workflow/autofill_evidence_doc.py,engineering/product/Releases/MicroHydroV1_Work/MasterIntegrated_Output/01_SharePoint_Libraries/MicroHydroV1 — SoT/MicroHydroV1/MicroHydroV1_RUN3_AutoFill_Evidence_PLUS_Workbook_v0.3.0/MicroHydroV1/tools/workflow/autofill_evidence_doc.py
Implementation/MicroHydroV1 — SoT/MicroHydroV1_BACKUP_20260122_005746/MicroHydroV1_RUN3_AutoFill_Evidence_RUNID_BASELINE_v0.3.0/MANIFEST.json,engineering/product/Releases/MicroHydroV1_Work/MasterIntegrated_Output/01_SharePoint_Libraries/MicroHydroV1 — SoT/MicroHydroV1/MicroHydroV1_RUN3_AutoFill_Evidence_RUNID_BASELINE_v0.3.0/MANIFEST.json
Implementation/MicroHydroV1 — SoT/MicroHydroV1_BACKUP_20260122_005746/MicroHydroV1_RUN3_AutoFill_Evidence_RUNID_BASELINE_v0.3.0/MicroHydroV1/docs/run3/README_AUTOFILL.md,engineering/product/Releases/MicroHydroV1_Work/MasterIntegrated_Output/01_SharePoint_Libraries/MicroHydroV1 — SoT/MicroHydroV1/MicroHydroV1_RUN3_AutoFill_Evidence_RUNID_BASELINE_v0.3.0/MicroHydroV1/docs/run3/README_AUTOFILL.md
Implementation/MicroHydroV1 — SoT/MicroHydroV1_BACKUP_20260122_005746/MicroHydroV1_RUN3_AutoFill_Evidence_RUNID_BASELINE_v0.3.0/MicroHydroV1/docs/run3/RUN3_Evidence_Template.docx,engineering/product/Releases/MicroHydroV1_Work/MasterIntegrated_Output/01_SharePoint_Libraries/MicroHydroV1 — SoT/MicroHydroV1/MicroHydroV1_RUN3_AutoFill_Evidence_PLUS_Workbook_v0.3.0/MicroHydroV1/docs/run3/RUN3_Evidence_Template.docx
Implementation/MicroHydroV1 — SoT/MicroHydroV1_BACKUP_20260122_005746/MicroHydroV1_RUN3_AutoFill_Evidence_RUNID_BASELINE_v0.3.0/MicroHydroV1/tools/plots/plot_t002_psd_peakiness.py,engineering/product/Releases/MicroHydroV1_Work/MasterIntegrated_Output/01_SharePoint_Libraries/MicroHydroV1 — SoT/MicroHydroV1/MicroHydroV1_RUN3_AutoFill_Evidence_PLUS_Workbook_v0.3.0/MicroHydroV1/tools/plots/plot_t002_psd_peakiness.py
Implementation/MicroHydroV1 — SoT/MicroHydroV1_BACKUP_20260122_005746/MicroHydroV1_RUN3_AutoFill_Evidence_RUNID_BASELINE_v0.3.0/MicroHydroV1/tools/workflow/autofill_evidence_doc.py,engineering/product/Releases/MicroHydroV1_Work/MasterIntegrated_Output/01_SharePoint_Libraries/MicroHydroV1 — SoT/MicroHydroV1/MicroHydroV1_RUN3_AutoFill_Evidence_RUNID_BASELINE_v0.3.0/MicroHydroV1/tools/workflow/autofill_evidence_doc.py
Implementation/MicroHydroV1 — SoT/MicroHydroV1_BACKUP_20260122_005746/MicroHydroV1_RUN3_AutoFill_Evidence_v0.3.0.zip,engineering/microhydro-v1-sot/MicroHydroV1/docs/addons/zips/MicroHydroV1_RUN3_AutoFill_Evidence_v0.3.0.zip
Implementation/MicroHydroV1 — SoT/MicroHydroV1_BACKUP_20260122_005746/MicroHydroV1_RUN3_DoAll_Templates_Plots (1).zip,engineering/microhydro-v1-sot/MicroHydroV1/docs/addons/zips/MicroHydroV1_RUN3_DoAll_Templates_Plots (1).zip
Implementation/MicroHydroV1 — SoT/MicroHydroV1_BACKUP_20260122_005746/MicroHydroV1_RUN3_DoAll_Templates_Plots.zip,engineering/microhydro-v1-sot/MicroHydroV1/docs/addons/zips/MicroHydroV1_RUN3_DoAll_Templates_Plots (1).zip
Implementation/MicroHydroV1 — SoT/MicroHydroV1_BACKUP_20260122_005746/MicroHydroV1_RunID_Migrator_v0.3.0/MANIFEST.json,engineering/product/Releases/MicroHydroV1_Work/MasterIntegrated_Output/01_SharePoint_Libraries/MicroHydroV1 — SoT/MicroHydroV1/MicroHydroV1_RunID_Migrator_v0.3.0/MANIFEST.json
Implementation/MicroHydroV1 — SoT/MicroHydroV1_BACKUP_20260122_005746/MicroHydroV1_RunID_Migrator_v0.3.0/MicroHydroV1/docs/governance/README_RunID_Migration.md,engineering/product/Releases/MicroHydroV1_Work/MasterIntegrated_Output/01_SharePoint_Libraries/MicroHydroV1 — SoT/MicroHydroV1/MicroHydroV1_RunID_Migrator_v0.3.0/MicroHydroV1/docs/governance/README_RunID_Migration.md
Implementation/MicroHydroV1 — SoT/MicroHydroV1_BACKUP_20260122_005746/MicroHydroV1_RunID_Migrator_v0.3.0/MicroHydroV1/tools/workflow/migrate_add_run_id.py,engineering/product/Releases/MicroHydroV1_Work/MasterIntegrated_Output/01_SharePoint_Libraries/MicroHydroV1 — SoT/MicroHydroV1/MicroHydroV1_RunID_Migrator_v0.3.0/MicroHydroV1/tools/workflow/migrate_add_run_id.py
Implementation/MicroHydroV1 — SoT/MicroHydroV1_BACKUP_20260122_005746/MicroHydroV1_SharePoint_Version_Control_Configuration_Guide_v1.0.docx,engineering/product/Releases/MicroHydroV1 — Releases/MicroHydroV1_SharePoint_Version_Control_Configuration_Guide_v1.0 (1).docx
Implementation/MicroHydroV1 — SoT/MicroHydroV1_BACKUP_20260122_005746/MicroHydroV1_v0.3.0_FULL_LOCKED_PressurePa (1).zip,engineering/microhydro-v1-sot/MicroHydroV1/docs/addons/zips/MicroHydroV1_v0.3.0_FULL_LOCKED_PressurePa (1).zip
Implementation/MicroHydroV1 — SoT/MicroHydroV1_BACKUP_20260122_005746/MicroHydroV1_v0.3.0_FULL_LOCKED_PressurePa.zip,engineering/microhydro-v1-sot/MicroHydroV1/docs/addons/zips/MicroHydroV1_v0.3.0_FULL_LOCKED_PressurePa (1).zip
Implementation/MicroHydroV1 — SoT/MicroHydroV1_BACKUP_20260122_005746/README.md,engineering/product/Releases/MicroHydroV1_Work/MasterIntegrated_Output/01_SharePoint_Libraries/MicroHydroV1 — SoT/MicroHydroV1/README.md
Implementation/MicroHydroV1 — SoT/MicroHydroV1_BACKUP_20260122_005746/automation/Import_Config.json,engineering/product/Releases/MicroHydroV1_Work/MasterIntegrated_Output/01_SharePoint_Libraries/MicroHydroV1 — SoT/MicroHydroV1/automation/Import_Config.json
Implementation/MicroHydroV1 — SoT/MicroHydroV1_BACKUP_20260122_005746/automation/Measurements_Import_Template.csv,engineering/microhydro-v1-sot/MicroHydroV1/automation/Measurements_Import_Template.csv
Implementation/MicroHydroV1 — SoT/MicroHydroV1_BACKUP_20260122_005746/automation/MicroHydroV1_RnD_Export.xlsx,engineering/microhydro-v1-sot/MicroHydroV1/automation/MicroHydroV1_RnD_Export.xlsx
Implementation/MicroHydroV1 — SoT/MicroHydroV1_BACKUP_20260122_005746/cad/macros/01_Diffuser/build_diffuser.FCMacro,engineering/product/Releases/MicroHydroV1_Work/MasterIntegrated_Output/01_SharePoint_Libraries/MicroHydroV1 — SoT/MicroHydroV1/cad/macros/01_Diffuser/build_diffuser.FCMacro
Implementation/MicroHydroV1 — SoT/MicroHydroV1_BACKUP_20260122_005746/cad/macros/02_Nozzle/build_nozzle.FCMacro,engineering/product/Releases/MicroHydroV1_Work/MasterIntegrated_Output/01_SharePoint_Libraries/MicroHydroV1 — SoT/MicroHydroV1/cad/macros/02_Nozzle/build_nozzle.FCMacro
Implementation/MicroHydroV1 — SoT/MicroHydroV1_BACKUP_20260122_005746/cad/macros/03_VanePacks/build_vanepacks.FCMacro,engineering/product/Releases/MicroHydroV1_Work/MasterIntegrated_Output/01_SharePoint_Libraries/MicroHydroV1 — SoT/MicroHydroV1/cad/macros/03_VanePacks/build_vanepacks.FCMacro
Implementation/MicroHydroV1 — SoT/MicroHydroV1_BACKUP_20260122_005746/cad/macros/04_Retainer/build_retainer.FCMacro,engineering/product/Releases/MicroHydroV1_Work/MasterIntegrated_Output/01_SharePoint_Libraries/MicroHydroV1 — SoT/MicroHydroV1/cad/macros/04_Retainer/build_retainer.FCMacro
Implementation/MicroHydroV1 — SoT/MicroHydroV1_BACKUP_20260122_005746/cad/macros/Assembly/build_assembly.FCMacro,engineering/product/Releases/MicroHydroV1_Work/MasterIntegrated_Output/01_SharePoint_Libraries/MicroHydroV1 — SoT/MicroHydroV1/cad/macros/Assembly/build_assembly.FCMacro
Implementation/MicroHydroV1 — SoT/MicroHydroV1_BACKUP_20260122_005746/cad/macros/README.txt,engineering/product/Releases/MicroHydroV1_Work/MasterIntegrated_Output/01_SharePoint_Libraries/MicroHydroV1 — SoT/MicroHydroV1/cad/macros/README.txt
Implementation/MicroHydroV1 — SoT/MicroHydroV1_BACKUP_20260122_005746/cad/macros/build_all.FCMacro,engineering/product/Releases/MicroHydroV1_Work/MasterIntegrated_Output/01_SharePoint_Libraries/MicroHydroV1 — SoT/MicroHydroV1/cad/macros/build_all.FCMacro
Implementation/MicroHydroV1 — SoT/MicroHydroV1_BACKUP_20260122_005746/cad/macros/params.json,engineering/product/Releases/MicroHydroV1_Work/MasterIntegrated_Output/01_SharePoint_Libraries/MicroHydroV1 — SoT/MicroHydroV1/cad/macros/params.json
Implementation/MicroHydroV1 — SoT/MicroHydroV1_BACKUP_20260122_005746/cad/macros/scripts/export_batch.FCMacro,engineering/product/Releases/MicroHydroV1_Work/MasterIntegrated_Output/01_SharePoint_Libraries/MicroHydroV1 — SoT/MicroHydroV1/cad/macros/scripts/export_batch.FCMacro
Implementation/MicroHydroV1 — SoT/MicroHydroV1_BACKUP_20260122_005746/cad/params/params.json,engineering/product/Releases/MicroHydroV1_Work/MasterIntegrated_Output/01_SharePoint_Libraries/MicroHydroV1 — SoT/MicroHydroV1/cad/params/params.json
Implementation/MicroHydroV1 — SoT/MicroHydroV1_BACKUP_20260122_005746/docs/Jet_Coherence_Procedure.docx,engineering/product/Releases/MicroHydroV1_Work/MasterIntegrated_Output/01_SharePoint_Libraries/MicroHydroV1 — SoT/MicroHydroV1/docs/Jet_Coherence_Procedure.docx
Implementation/MicroHydroV1 — SoT/MicroHydroV1_BACKUP_20260122_005746/docs/Master_Index.docx,engineering/product/Releases/MicroHydroV1_Work/MasterIntegrated_Output/01_SharePoint_Libraries/MicroHydroV1 — SoT/MicroHydroV1/docs/Master_Index.docx
Implementation/MicroHydroV1 — SoT/MicroHydroV1_BACKUP_20260122_005746/docs/PASS_A_FULL_RevA.docx,engineering/product/Releases/MicroHydroV1_Work/MasterIntegrated_Output/01_SharePoint_Libraries/MicroHydroV1 — SoT/MicroHydroV1/docs/PASS_A_FULL_RevA.docx
Implementation/MicroHydroV1 — SoT/MicroHydroV1_BACKUP_20260122_005746/docs/Run_of_Show_Checklist.docx,engineering/product/Releases/MicroHydroV1_Work/MasterIntegrated_Output/01_SharePoint_Libraries/MicroHydroV1 — SoT/MicroHydroV1/docs/Run_of_Show_Checklist.docx
Implementation/MicroHydroV1 — SoT/MicroHydroV1_BACKUP_20260122_005746/docs/Tank_Ripple_Procedure.docx,engineering/product/Releases/MicroHydroV1_Work/MasterIntegrated_Output/01_SharePoint_Libraries/MicroHydroV1 — SoT/MicroHydroV1/docs/Tank_Ripple_Procedure.docx
Implementation/MicroHydroV1 — SoT/MicroHydroV1_BACKUP_20260122_005746/docs/Test_Campaign_Plan.docx,engineering/product/Releases/MicroHydroV1_Work/MasterIntegrated_Output/01_SharePoint_Libraries/MicroHydroV1 — SoT/MicroHydroV1/docs/Test_Campaign_Plan.docx
Implementation/MicroHydroV1 — SoT/MicroHydroV1_BACKUP_20260122_005746/docs/architecture_diagram.png,engineering/product/Releases/MicroHydroV1_Work/MasterIntegrated_Output/01_SharePoint_Libraries/MicroHydroV1 — SoT/MicroHydroV1/docs/architecture_diagram.png
Implementation/MicroHydroV1 — SoT/MicroHydroV1_BACKUP_20260122_005746/tests/raw/2026-01-22_Run1_ELCStability/T003_ELCStability_Run1.csv,engineering/microhydro-v1-sot/MicroHydroV1/tests/raw/2026-01-22_Run1_ELCStability/T003_ELCStability_Run1.csv
Implementation/MicroHydroV1 — SoT/MicroHydroV1_BACKUP_20260122_005746/tests/raw/2026-01-22_Run1_JetCoherence/T001_JetCoherence_Run1.csv,engineering/microhydro-v1-sot/MicroHydroV1/tests/raw/2026-01-22_Run1_JetCoherence/T001_JetCoherence_Run1.csv
Implementation/MicroHydroV1 — SoT/MicroHydroV1_BACKUP_20260122_005746/tests/raw/2026-01-22_Run1_Power/T004_Power_Run1.csv,engineering/microhydro-v1-sot/MicroHydroV1/tests/raw/2026-01-22_Run1_Power/T004_Power_Run1.csv
Implementation/MicroHydroV1 — SoT/MicroHydroV1_BACKUP_20260122_005746/tests/raw/2026-01-22_Run1_TankRipple/T002_TankRipple_Run1.csv,engineering/microhydro-v1-sot/MicroHydroV1/tests/raw/2026-01-22_Run1_TankRipple/T002_TankRipple_Run1.csv
Implementation/MicroHydroV1 — SoT/MicroHydroV1_BACKUP_20260122_005746/tools/optimize/opt_config.json,engineering/product/Releases/MicroHydroV1_Work/MasterIntegrated_Output/01_SharePoint_Libraries/MicroHydroV1 — SoT/MicroHydroV1/tools/optimize/opt_config.json
Implementation/MicroHydroV1 — SoT/MicroHydroV1_BACKUP_20260122_005746/tools/optimize/optimize_params.py,engineering/product/Releases/MicroHydroV1_Work/MasterIntegrated_Output/01_SharePoint_Libraries/MicroHydroV1 — SoT/MicroHydroV1/tools/optimize/optimize_params.py
Implementation/MicroHydroV1 — SoT/MicroHydroV1_BACKUP_20260122_005746/tools/release/make_release.py,engineering/product/Releases/MicroHydroV1_Work/MasterIntegrated_Output/01_SharePoint_Libraries/MicroHydroV1 — SoT/MicroHydroV1/tools/release/make_release.py
Implementation/MicroHydroV1 — SoT/MicroHydroV1_BACKUP_20260122_005746/tools/run_pipeline.py,engineering/product/Releases/MicroHydroV1_Work/MasterIntegrated_Output/01_SharePoint_Libraries/MicroHydroV1 — SoT/MicroHydroV1/tools/run_pipeline.py
Implementation/MicroHydroV1 — SoT/MicroHydroV1_BACKUP_20260122_005746/tools/validate/validate_repo.py,engineering/product/Releases/MicroHydroV1_Work/MasterIntegrated_Output/01_SharePoint_Libraries/MicroHydroV1 — SoT/MicroHydroV1/tools/validate/validate_repo.py
Implementation/MicroHydroV1 — SoT/MicroHydroV1_FastTrack_Bundle.zip,engineering/microhydro-v1-sot/MicroHydroV1_FastTrack_Bundle.zip
Implementation/MicroHydroV1 — SoT/MicroHydroV1_Phase3_Automation_Pack_macOS_OpenReleases.zip,engineering/microhydro-v1-sot/MicroHydroV1_Phase3_Automation_Pack_macOS_OpenReleases.zip
Implementation/MicroHydroV1 — SoT/MicroHydroV1_Phase4_SmartRuns_Pack_macOS.zip,engineering/microhydro-v1-sot/MicroHydroV1_Phase4_SmartRuns_Pack_macOS.zip
Implementation/MicroHydroV1 — SoT/MicroHydroV1_RC1.zip,engineering/microhydro-v1-sot/MicroHydroV1_RC1.zip
Implementation/MicroHydroV1 — SoT/MicroHydroV1_RunID_Migrator_v0.3.0.zip,engineering/microhydro-v1-sot/MicroHydroV1_RunID_Migrator_v0.3.0.zip
Implementation/MicroHydroV1 — SoT/MicroHydroV1_SoT_Package.zip,engineering/microhydro-v1-sot/MicroHydroV1_SoT_Package.zip
Implementation/MicroHydroV1 — SoT.zip,archive/legacy/it-misc/System_of_Truth/MicroHydroV1 — SoT.zip
Implementation/MicroHydroV1_InitGui_PATCH/README.txt,tools/backup/README.txt
Implementation/MicroHydroV1_Shapr3D_Import/Parts/Diffuser.step,engineering/product/Reference_Models/MicroHydroV1_Shapr3D_Import/Parts/Diffuser.step
Implementation/MicroHydroV1_Shapr3D_Import/Parts/FullAssembly.step,engineering/product/Reference_Models/MicroHydroV1_Shapr3D_Import/Parts/FullAssembly.step
Implementation/MicroHydroV1_Shapr3D_Import/Parts/Nozzle_9mm.step,engineering/product/Reference_Models/MicroHydroV1_Shapr3D_Import/Parts/Nozzle_9mm.step
Implementation/MicroHydroV1_Shapr3D_Import/Parts/RetainerCap.step,engineering/product/Reference_Models/MicroHydroV1_Shapr3D_Import/Parts/RetainerCap.step
Implementation/MicroHydroV1_Shapr3D_Import/Parts/VanePack_10deg.step,engineering/product/Reference_Models/MicroHydroV1_Shapr3D_Import/Parts/VanePack_10deg.step
Implementation/MicroHydroV1_Shapr3D_Import/Parts/VanePack_20deg.step,engineering/product/Reference_Models/MicroHydroV1_Shapr3D_Import/Parts/VanePack_20deg.step
Implementation/MicroHydroV1_Shapr3D_Import/Parts/VanePack_30deg.step,engineering/product/Reference_Models/MicroHydroV1_Shapr3D_Import/Parts/VanePack_30deg.step
Implementation/MicroHydroV1_Shapr3D_ReferenceModel/DXF/Diffuser_Profile_Revolve.dxf,engineering/product/Reference_Models/MicroHydroV1_Shapr3D_ReferenceModel/DXF/Diffuser_Profile_Revolve.dxf
Implementation/MicroHydroV1_Shapr3D_ReferenceModel/DXF/Nozzle_Profile_Revolve.dxf,engineering/product/Reference_Models/MicroHydroV1_Shapr3D_ReferenceModel/DXF/Nozzle_Profile_Revolve.dxf
Implementation/MicroHydroV1_Shapr3D_ReferenceModel/DXF/RetainerCap_Sketch.dxf,engineering/product/Reference_Models/MicroHydroV1_Shapr3D_ReferenceModel/DXF/RetainerCap_Sketch.dxf
Implementation/MicroHydroV1_Shapr3D_ReferenceModel/DXF/VanePack_Sketch_10deg.dxf,engineering/product/Reference_Models/MicroHydroV1_Shapr3D_ReferenceModel/DXF/VanePack_Sketch_10deg.dxf
Implementation/MicroHydroV1_Shapr3D_ReferenceModel/DXF/VanePack_Sketch_20deg.dxf,engineering/product/Reference_Models/MicroHydroV1_Shapr3D_ReferenceModel/DXF/VanePack_Sketch_20deg.dxf
Implementation/MicroHydroV1_Shapr3D_ReferenceModel/DXF/VanePack_Sketch_30deg.dxf,engineering/product/Reference_Models/MicroHydroV1_Shapr3D_ReferenceModel/DXF/VanePack_Sketch_30deg.dxf
Implementation/MicroHydroV1_Shapr3D_ReferenceModel/Docs/Parametric_Values.md,engineering/product/Reference_Models/MicroHydroV1_Shapr3D_ReferenceModel/Docs/Parametric_Values.md
Implementation/MicroHydroV1_Shapr3D_ReferenceModel/Docs/Shapr3D_Build_Guide.md,engineering/product/Reference_Models/MicroHydroV1_Shapr3D_ReferenceModel/Docs/Shapr3D_Build_Guide.md
Implementation/MicroHydroV1_Shapr3D_ReferenceModel/params.json,engineering/product/Releases/MicroHydroV1_Work/MasterIntegrated_Output/01_SharePoint_Libraries/MicroHydroV1 — SoT/MicroHydroV1/cad/params/params.json
Implementation/MicroHydroV1_Shapr3D_ReferenceModel_v2/DXF_R12/Diffuser_Profile_Revolve_HyperbolicLike.dxf,engineering/product/Reference_Models/MicroHydroV1_Shapr3D_ReferenceModel_v2/DXF_R12/Diffuser_Profile_Revolve_HyperbolicLike.dxf
Implementation/MicroHydroV1_Shapr3D_ReferenceModel_v2/DXF_R12/Nozzle_Profile_Revolve.dxf,engineering/product/Reference_Models/MicroHydroV1_Shapr3D_ReferenceModel_v2/DXF_R12/Nozzle_Profile_Revolve.dxf
Implementation/MicroHydroV1_Shapr3D_ReferenceModel_v2/DXF_R12/RetainerCap_Sketch.dxf,engineering/product/Reference_Models/MicroHydroV1_Shapr3D_ReferenceModel_v2/DXF_R12/RetainerCap_Sketch.dxf
Implementation/MicroHydroV1_Shapr3D_ReferenceModel_v2/DXF_R12/VanePack_Sketch_10deg.dxf,engineering/product/Reference_Models/MicroHydroV1_Shapr3D_ReferenceModel_v2/DXF_R12/VanePack_Sketch_10deg.dxf
Implementation/MicroHydroV1_Shapr3D_ReferenceModel_v2/DXF_R12/VanePack_Sketch_20deg.dxf,engineering/product/Reference_Models/MicroHydroV1_Shapr3D_ReferenceModel_v2/DXF_R12/VanePack_Sketch_20deg.dxf
Implementation/MicroHydroV1_Shapr3D_ReferenceModel_v2/DXF_R12/VanePack_Sketch_30deg.dxf,engineering/product/Reference_Models/MicroHydroV1_Shapr3D_ReferenceModel_v2/DXF_R12/VanePack_Sketch_30deg.dxf
Implementation/MicroHydroV1_Shapr3D_ReferenceModel_v2/Docs/Parametric_Values.md,engineering/product/Reference_Models/MicroHydroV1_Shapr3D_ReferenceModel_v2/Docs/Parametric_Values.md
Implementation/MicroHydroV1_Shapr3D_ReferenceModel_v2/Docs/Shapr3D_Build_Guide.md,engineering/product/Reference_Models/MicroHydroV1_Shapr3D_ReferenceModel_v2/Docs/Shapr3D_Build_Guide.md
Implementation/MicroHydroV1_Shapr3D_ReferenceModel_v2/STL_Reference/Diffuser_Reference.stl,engineering/product/Reference_Models/MicroHydroV1_Shapr3D_ReferenceModel_v2/STL_Reference/Diffuser_Reference.stl
Implementation/MicroHydroV1_Shapr3D_ReferenceModel_v2/STL_Reference/Nozzle_Reference.stl,engineering/product/Reference_Models/MicroHydroV1_Shapr3D_ReferenceModel_v2/STL_Reference/Nozzle_Reference.stl
Implementation/MicroHydroV1_Shapr3D_ReferenceModel_v2/STL_Reference/RetainerCap_HoleTools.stl,engineering/product/Reference_Models/MicroHydroV1_Shapr3D_ReferenceModel_v2/STL_Reference/RetainerCap_HoleTools.stl
Implementation/MicroHydroV1_Shapr3D_ReferenceModel_v2/STL_Reference/RetainerCap_Reference_NO_HOLES.stl,engineering/product/Reference_Models/MicroHydroV1_Shapr3D_ReferenceModel_v2/STL_Reference/RetainerCap_Reference_NO_HOLES.stl
Implementation/MicroHydroV1_Shapr3D_ReferenceModel_v2/STL_Reference/VanePack_Reference_12x.stl,engineering/product/Reference_Models/MicroHydroV1_Shapr3D_ReferenceModel_v2/STL_Reference/VanePack_Reference_12x.stl
Implementation/MicroHydroV1_Shapr3D_ReferenceModel_v2/params.json,engineering/product/Releases/MicroHydroV1_Work/MasterIntegrated_Output/01_SharePoint_Libraries/MicroHydroV1 — SoT/MicroHydroV1/cad/params/params.json
Implementation/MicroHydroV1_SharePoint_Version_Control_Configuration_Guide_v1.0.docx,engineering/product/Releases/MicroHydroV1 — Releases/MicroHydroV1_SharePoint_Version_Control_Configuration_Guide_v1.0 (1).docx
Archive/Legacy/MASTER_PRODUCTION_PACKAGE/Contents/Info.plist,archive/legacy/implementation-misc/Contents/Info.plist
Archive/Legacy/MASTER_PRODUCTION_PACKAGE/Contents/MacOS/Install_MicroHydroV1,archive/legacy/implementation-misc/Contents/MacOS/Install_MicroHydroV1
Archive/Legacy/MASTER_PRODUCTION_PACKAGE/Contents 2/Info.plist,archive/legacy/implementation-misc/Contents/Info.plist
Archive/Legacy/MASTER_PRODUCTION_PACKAGE/Contents 2/MacOS/Install_MicroHydroV1,archive/legacy/implementation-misc/Contents/MacOS/Install_MicroHydroV1
Archive/Legacy/MASTER_PRODUCTION_PACKAGE/Install_MicroHydroV1_AppBundle.zip,archive/legacy/implementation-misc/MICRO HYDRO - OLD/RnD/MASTER_PRODUCTION_PACKAGE/Install_MicroHydroV1_AppBundle.zip
Archive/Legacy/MASTER_PRODUCTION_PACKAGE/MASTER_PRODUCTION_PACKAGE/02_Targeted_Design_RnD/Requirements_Traceabillity.docx,research/topics/MASTER_PRODUCTION_PACKAGE 2/02_Targeted_Design_RnD/Requirements_Traceabillity.docx
Archive/Legacy/MASTER_PRODUCTION_PACKAGE/MASTER_PRODUCTION_PACKAGE/02_Targeted_Design_RnD/STW_Design_Matrix_PASSB.docx,research/topics/MASTER_PRODUCTION_PACKAGE 2/02_Targeted_Design_RnD/STW_Design_Matrix_PASSB.docx
Archive/Legacy/MASTER_PRODUCTION_PACKAGE/MASTER_PRODUCTION_PACKAGE/02_Targeted_Design_RnD/STW_Design_vNext.docx,research/topics/MASTER_PRODUCTION_PACKAGE 2/02_Targeted_Design_RnD/STW_Design_vNext.docx
Archive/Legacy/MASTER_PRODUCTION_PACKAGE/MASTER_PRODUCTION_PACKAGE/04_Hydram_Research_Unit/HYDRAM_RUN2_Overview.docx,research/topics/MASTER_PRODUCTION_PACKAGE 2/04_Hydram_Research_Unit/HYDRAM_RUN2_Overview.docx
Archive/Legacy/MASTER_PRODUCTION_PACKAGE/MASTER_PRODUCTION_PACKAGE/04_Hydram_Research_Unit/TANK_Ripple_Model.xlsx,research/topics/MASTER_PRODUCTION_PACKAGE 2/04_Hydram_Research_Unit/TANK_Ripple_Model.xlsx
Archive/Legacy/MASTER_PRODUCTION_PACKAGE/MASTER_PRODUCTION_PACKAGE/05_Tank_Hydraulics_Unit/MicroHydroV1_Bench_Test_Tracker.xlsx,research/topics/MASTER_PRODUCTION_PACKAGE 2/05_Tank_Hydraulics_Unit/MicroHydroV1_Bench_Test_Tracker.xlsx
Archive/Legacy/MASTER_PRODUCTION_PACKAGE/MASTER_PRODUCTION_PACKAGE/05_Tank_Hydraulics_Unit/TANK_Inlet_Comparison_RUN2.docx,research/topics/MASTER_PRODUCTION_PACKAGE 2/05_Tank_Hydraulics_Unit/TANK_Inlet_Comparison_RUN2.docx
Archive/Legacy/MASTER_PRODUCTION_PACKAGE/MASTER_PRODUCTION_PACKAGE/05_Tank_Hydraulics_Unit/TANK_Ripple_Model.xlsx,research/topics/MASTER_PRODUCTION_PACKAGE 2/05_Tank_Hydraulics_Unit/TANK_Ripple_Model.xlsx
Archive/Legacy/MASTER_PRODUCTION_PACKAGE/MASTER_PRODUCTION_PACKAGE/06_Penstock_Flow_Unit/PENSTOCK_FLOW_DATA.xlsx,research/topics/MASTER_PRODUCTION_PACKAGE 2/06_Penstock_Flow_Unit/PENSTOCK_FLOW_DATA.xlsx
Archive/Legacy/MASTER_PRODUCTION_PACKAGE/MASTER_PRODUCTION_PACKAGE/06_Penstock_Flow_Unit/PENSTOCK_Selection_RUN2.docx,research/topics/MASTER_PRODUCTION_PACKAGE 2/06_Penstock_Flow_Unit/PENSTOCK_Selection_RUN2.docx
Archive/Legacy/MASTER_PRODUCTION_PACKAGE/MASTER_PRODUCTION_PACKAGE/07_Turbine_Optimization_Unit/NOZZLE_DATA_RUN2.xlsx,research/topics/MASTER_PRODUCTION_PACKAGE 2/07_Turbine_Optimization_Unit/NOZZLE_DATA_RUN2.xlsx
Archive/Legacy/MASTER_PRODUCTION_PACKAGE/MASTER_PRODUCTION_PACKAGE/07_Turbine_Optimization_Unit/NOZZLE_Sweep_RUN2.docx,research/topics/MASTER_PRODUCTION_PACKAGE 2/07_Turbine_Optimization_Unit/NOZZLE_Sweep_RUN2.docx
Archive/Legacy/MASTER_PRODUCTION_PACKAGE/MASTER_PRODUCTION_PACKAGE/08_Electrical_Control_Unit/ELC_Frequency_Response.xlsx,research/topics/MASTER_PRODUCTION_PACKAGE 2/08_Electrical_Control_Unit/ELC_Frequency_Response.xlsx
Archive/Legacy/MASTER_PRODUCTION_PACKAGE/MASTER_PRODUCTION_PACKAGE/08_Electrical_Control_Unit/ELC_Inverter_Tuning_RUN2.docx,research/topics/MASTER_PRODUCTION_PACKAGE 2/08_Electrical_Control_Unit/ELC_Inverter_Tuning_RUN2.docx
Archive/Legacy/MASTER_PRODUCTION_PACKAGE/MASTER_PRODUCTION_PACKAGE/09_Intergrated_System_Modeling/INTEGRATED_RUN2.docx,research/topics/MASTER_PRODUCTION_PACKAGE 2/09_Intergrated_System_Modeling/INTEGRATED_RUN2.docx
Archive/Legacy/MASTER_PRODUCTION_PACKAGE/MASTER_PRODUCTION_PACKAGE/09_Intergrated_System_Modeling/INTEGRATED_RUN2_Data.xlsx,research/topics/MASTER_PRODUCTION_PACKAGE 2/09_Intergrated_System_Modeling/INTEGRATED_RUN2_Data.xlsx
Archive/Legacy/MASTER_PRODUCTION_PACKAGE/MASTER_PRODUCTION_PACKAGE/09_Intergrated_System_Modeling/System_Architecture.md.docx,research/topics/MASTER_PRODUCTION_PACKAGE 2/09_Intergrated_System_Modeling/System_Architecture.md.docx
Archive/Legacy/MASTER_PRODUCTION_PACKAGE/MASTER_PRODUCTION_PACKAGE/10_Design_VNext/01_Tank_Inlet_Hyperbolic/Engineering_Rationale_Hyperbolic_Inlet.docx,research/topics/MASTER_PRODUCTION_PACKAGE 2/10_Design_VNext/01_Tank_Inlet_Hyperbolic/Engineering_Rationale_Hyperbolic_Inlet.docx
Archive/Legacy/MASTER_PRODUCTION_PACKAGE/MASTER_PRODUCTION_PACKAGE/10_Design_VNext/01_Tank_Inlet_Hyperbolic/Hyberbolic_Inlet_Design.docx,research/topics/MASTER_PRODUCTION_PACKAGE 2/10_Design_VNext/01_Tank_Inlet_Hyperbolic/Hyberbolic_Inlet_Design.docx
Archive/Legacy/MASTER_PRODUCTION_PACKAGE/MASTER_PRODUCTION_PACKAGE/10_Design_VNext/01_Tank_Inlet_Hyperbolic/Hyperbolic_Inlet_BOM.xlsx,research/topics/MASTER_PRODUCTION_PACKAGE 2/10_Design_VNext/01_Tank_Inlet_Hyperbolic/Hyperbolic_Inlet_BOM.xlsx
Archive/Legacy/MASTER_PRODUCTION_PACKAGE/MASTER_PRODUCTION_PACKAGE/10_Design_VNext/01_Tank_Inlet_Hyperbolic/Hyperbolic_Inlet_Drawing.svg.docx,research/topics/MASTER_PRODUCTION_PACKAGE 2/10_Design_VNext/01_Tank_Inlet_Hyperbolic/Hyperbolic_Inlet_Drawing.svg.docx
Archive/Legacy/MASTER_PRODUCTION_PACKAGE/MASTER_PRODUCTION_PACKAGE/10_Design_VNext/02_Nozzle_9mm_PreSwirl/Engineering_Rational_Nozzle_9mm_.docx,research/topics/MASTER_PRODUCTION_PACKAGE 2/10_Design_VNext/02_Nozzle_9mm_PreSwirl/Engineering_Rational_Nozzle_9mm_.docx
Archive/Legacy/MASTER_PRODUCTION_PACKAGE/MASTER_PRODUCTION_PACKAGE/10_Design_VNext/02_Nozzle_9mm_PreSwirl/Nozzle_9mm_PreSwirl_Design.docx,research/topics/MASTER_PRODUCTION_PACKAGE 2/10_Design_VNext/02_Nozzle_9mm_PreSwirl/Nozzle_9mm_PreSwirl_Design.docx
Archive/Legacy/MASTER_PRODUCTION_PACKAGE/MASTER_PRODUCTION_PACKAGE/10_Design_VNext/02_Nozzle_9mm_PreSwirl/Nozzle_9mm_PreSwirl_Drawing.svg.docx,research/topics/MASTER_PRODUCTION_PACKAGE 2/10_Design_VNext/02_Nozzle_9mm_PreSwirl/Nozzle_9mm_PreSwirl_Drawing.svg.docx
Archive/Legacy/MASTER_PRODUCTION_PACKAGE/MASTER_PRODUCTION_PACKAGE/10_Design_VNext/02_Nozzle_9mm_PreSwirl/Nozzle_PreSwirl_BOM.xlsx,research/topics/MASTER_PRODUCTION_PACKAGE 2/10_Design_VNext/02_Nozzle_9mm_PreSwirl/Nozzle_PreSwirl_BOM.xlsx
Archive/Legacy/MASTER_PRODUCTION_PACKAGE/MASTER_PRODUCTION_PACKAGE/10_Design_VNext/MicroHydroV1_Design_vNext_Readout_Stages_A-D.docx,research/topics/MASTER_PRODUCTION_PACKAGE 2/10_Design_VNext/MicroHydroV1_Design_vNext_Readout_Stages_A-D.docx
Archive/Legacy/MASTER_PRODUCTION_PACKAGE/MASTER_PRODUCTION_PACKAGE/11_Bench_Test_Pack/Bench_Test_Results_Summary.docx,research/topics/MASTER_PRODUCTION_PACKAGE 2/11_Bench_Test_Pack/Bench_Test_Results_Summary.docx
Archive/Legacy/MASTER_PRODUCTION_PACKAGE/MASTER_PRODUCTION_PACKAGE/11_Bench_Test_Pack/Bench_Test_Tracker.xlsx,research/topics/MASTER_PRODUCTION_PACKAGE 2/11_Bench_Test_Pack/Bench_Test_Tracker.xlsx
Archive/Legacy/MASTER_PRODUCTION_PACKAGE/MASTER_PRODUCTION_PACKAGE/11_Bench_Test_Pack/Jet_Coherence_Test/Jet_Coherence_Datasheet.xlsx,research/topics/MASTER_PRODUCTION_PACKAGE 2/11_Bench_Test_Pack/Jet_Coherence_Test/Jet_Coherence_Datasheet.xlsx
Archive/Legacy/MASTER_PRODUCTION_PACKAGE/MASTER_PRODUCTION_PACKAGE/11_Bench_Test_Pack/Jet_Coherence_Test/Jet_Coherence_Imaging_Notes.docx,research/topics/MASTER_PRODUCTION_PACKAGE 2/11_Bench_Test_Pack/Jet_Coherence_Test/Jet_Coherence_Imaging_Notes.docx
Archive/Legacy/MASTER_PRODUCTION_PACKAGE/MASTER_PRODUCTION_PACKAGE/11_Bench_Test_Pack/Jet_Coherence_Test/Jet_Coherence_Procedure.docx,engineering/product/Releases/MicroHydroV1_Work/MasterIntegrated_Output/01_SharePoint_Libraries/MicroHydroV1 — SoT/MicroHydroV1/docs/Jet_Coherence_Procedure.docx
Archive/Legacy/MASTER_PRODUCTION_PACKAGE/MASTER_PRODUCTION_PACKAGE/11_Bench_Test_Pack/Results_Intake_Template.xlsx,research/topics/MASTER_PRODUCTION_PACKAGE 2/11_Bench_Test_Pack/Results_Intake_Template.xlsx
Archive/Legacy/MASTER_PRODUCTION_PACKAGE/MASTER_PRODUCTION_PACKAGE/11_Bench_Test_Pack/Tank_Ripple_Test/Tank_Ripple_Datasheet.xlsx,research/topics/MASTER_PRODUCTION_PACKAGE 2/11_Bench_Test_Pack/Tank_Ripple_Test/Tank_Ripple_Datasheet.xlsx
Archive/Legacy/MASTER_PRODUCTION_PACKAGE/MASTER_PRODUCTION_PACKAGE/11_Bench_Test_Pack/Tank_Ripple_Test/Tank_Ripple_Procedure.docx,engineering/product/Releases/MicroHydroV1_Work/MasterIntegrated_Output/01_SharePoint_Libraries/MicroHydroV1 — SoT/MicroHydroV1/docs/Tank_Ripple_Procedure.docx
Archive/Legacy/MASTER_PRODUCTION_PACKAGE/MASTER_PRODUCTION_PACKAGE/11_Bench_Test_Pack/Tank_Ripple_Test/Tank_Ripple_Sensor_Mounting.svg.docx,research/topics/MASTER_PRODUCTION_PACKAGE 2/11_Bench_Test_Pack/Tank_Ripple_Test/Tank_Ripple_Sensor_Mounting.svg.docx
Archive/Legacy/MASTER_PRODUCTION_PACKAGE/MASTER_PRODUCTION_PACKAGE/12_Patents/PATENT_PASSB_Full.docx,research/topics/MASTER_PRODUCTION_PACKAGE 2/12_Patents/PATENT_PASSB_Full.docx
Archive/Legacy/MASTER_PRODUCTION_PACKAGE/MASTER_PRODUCTION_PACKAGE/12_Patents/Patent_Index.xlsx,research/topics/MASTER_PRODUCTION_PACKAGE 2/12_Patents/Patent_Index.xlsx
Archive/Legacy/MASTER_PRODUCTION_PACKAGE/MASTER_PRODUCTION_PACKAGE/12_Patents/Schauberger_Summaries.docx,research/topics/MASTER_PRODUCTION_PACKAGE 2/12_Patents/Schauberger_Summaries.docx
Archive/Legacy/MASTER_PRODUCTION_PACKAGE/MASTER_PRODUCTION_PACKAGE/12_Patents/Tesla_Summaries.docx,research/topics/MASTER_PRODUCTION_PACKAGE 2/12_Patents/Tesla_Summaries.docx
Archive/Legacy/MASTER_PRODUCTION_PACKAGE/MASTER_PRODUCTION_PACKAGE/12_Patents/Winter_Summaries.docx,research/topics/MASTER_PRODUCTION_PACKAGE 2/12_Patents/Winter_Summaries.docx
Archive/Legacy/MASTER_PRODUCTION_PACKAGE/MASTER_PRODUCTION_PACKAGE/14_Reports/Design_vNext_Readout_FULL.docx,research/topics/MASTER_PRODUCTION_PACKAGE 2/14_Reports/Design_vNext_Readout_FULL.docx
Archive/Legacy/MASTER_PRODUCTION_PACKAGE/MASTER_PRODUCTION_PACKAGE/14_Reports/PASS_A_FULL.docx,research/topics/MASTER_PRODUCTION_PACKAGE 2/14_Reports/PASS_A_FULL.docx
Archive/Legacy/MASTER_PRODUCTION_PACKAGE/MASTER_PRODUCTION_PACKAGE/14_Reports/PASS_A_FULL_Populated_v2.docx,research/topics/MASTER_PRODUCTION_PACKAGE 2/14_Reports/PASS_A_FULL_Populated_v2.docx
Archive/Legacy/MASTER_PRODUCTION_PACKAGE/MASTER_PRODUCTION_PACKAGE/14_Reports/PASS_A_FULL_RevA.docx,engineering/product/Releases/MicroHydroV1_Work/MasterIntegrated_Output/01_SharePoint_Libraries/MicroHydroV1 — SoT/MicroHydroV1/docs/PASS_A_FULL_RevA.docx
Archive/Legacy/MASTER_PRODUCTION_PACKAGE/MASTER_PRODUCTION_PACKAGE/14_Reports/Program_Readout_Executive_Summary.docx,research/topics/MASTER_PRODUCTION_PACKAGE 2/14_Reports/Program_Readout_Executive_Summary.docx
Archive/Legacy/MASTER_PRODUCTION_PACKAGE/MASTER_PRODUCTION_PACKAGE/14_Reports/RUN2_Comapre_PhiWeights.docx,research/topics/MASTER_PRODUCTION_PACKAGE 2/14_Reports/RUN2_Comapre_PhiWeights.docx
Archive/Legacy/MASTER_PRODUCTION_PACKAGE/MASTER_PRODUCTION_PACKAGE/14_Reports/RUN2_Summary.docx,research/topics/MASTER_PRODUCTION_PACKAGE 2/14_Reports/RUN2_Summary.docx
Archive/Legacy/MASTER_PRODUCTION_PACKAGE/MASTER_PRODUCTION_PACKAGE/14_Reports/StageB_TestPlan.txt,research/topics/MASTER_PRODUCTION_PACKAGE 2/14_Reports/StageB_TestPlan.txt
Archive/Legacy/MASTER_PRODUCTION_PACKAGE/MASTER_PRODUCTION_PACKAGE/Import_Config.json,engineering/product/Releases/MicroHydroV1_Work/MasterIntegrated_Output/01_SharePoint_Libraries/MicroHydroV1 — SoT/MicroHydroV1/automation/Import_Config.json
Archive/Legacy/MASTER_PRODUCTION_PACKAGE/MASTER_PRODUCTION_PACKAGE/MASTER_PASS_A_Document.docx,research/topics/MASTER_PRODUCTION_PACKAGE 2/MASTER_PASS_A_Document.docx
Archive/Legacy/MASTER_PRODUCTION_PACKAGE/MASTER_PRODUCTION_PACKAGE/Master_Index.docx,engineering/product/Releases/MicroHydroV1_Work/MasterIntegrated_Output/01_SharePoint_Libraries/MicroHydroV1 — SoT/MicroHydroV1/docs/Master_Index.docx
Archive/Legacy/MASTER_PRODUCTION_PACKAGE/MASTER_PRODUCTION_PACKAGE/Measurements_Import_Template.csv,engineering/microhydro-v1-sot/MicroHydroV1/automation/Measurements_Import_Template.csv
Archive/Legacy/MASTER_PRODUCTION_PACKAGE/MASTER_PRODUCTION_PACKAGE/MicroHydroV1_/01_CAD/macros/build_all.FCMacro,engineering/cad/MicroHydroV1_CAD Archive/MicroHydroV1_CAD (1)old/MacroSuiteFull/build_all.FCMacro
Archive/Legacy/MASTER_PRODUCTION_PACKAGE/MASTER_PRODUCTION_PACKAGE/MicroHydroV1_/01_CAD/macros/build_assembly.FCMacro,engineering/product/Releases/MicroHydroV1_Work/MasterIntegrated_Output/01_SharePoint_Libraries/MicroHydroV1 — SoT/MicroHydroV1/cad/macros/Assembly/build_assembly.FCMacro
Archive/Legacy/MASTER_PRODUCTION_PACKAGE/MASTER_PRODUCTION_PACKAGE/MicroHydroV1_/01_CAD/macros/build_diffuser.FCMacro,engineering/cad/MicroHydroV1_CAD Archive/MicroHydroV1_CAD/01_Diffuser/build_diffuser.FCMacro
Archive/Legacy/MASTER_PRODUCTION_PACKAGE/MASTER_PRODUCTION_PACKAGE/MicroHydroV1_/01_CAD/macros/build_nozzle.FCMacro,engineering/product/Releases/MicroHydroV1_Work/MasterIntegrated_Output/01_SharePoint_Libraries/MicroHydroV1 — SoT/MicroHydroV1/cad/macros/02_Nozzle/build_nozzle.FCMacro
Archive/Legacy/MASTER_PRODUCTION_PACKAGE/MASTER_PRODUCTION_PACKAGE/MicroHydroV1_/01_CAD/macros/build_retainer.FCMacro,engineering/product/Releases/MicroHydroV1_Work/MasterIntegrated_Output/01_SharePoint_Libraries/MicroHydroV1 — SoT/MicroHydroV1/cad/macros/04_Retainer/build_retainer.FCMacro
Archive/Legacy/MASTER_PRODUCTION_PACKAGE/MASTER_PRODUCTION_PACKAGE/MicroHydroV1_/01_CAD/macros/build_vanepacks.FCMacro,engineering/product/Releases/MicroHydroV1_Work/MasterIntegrated_Output/01_SharePoint_Libraries/MicroHydroV1 — SoT/MicroHydroV1/cad/macros/03_VanePacks/build_vanepacks.FCMacro
Archive/Legacy/MASTER_PRODUCTION_PACKAGE/MASTER_PRODUCTION_PACKAGE/MicroHydroV1_/01_CAD/macros/export_batch.FCMacro,engineering/product/Releases/MicroHydroV1_Work/MasterIntegrated_Output/01_SharePoint_Libraries/MicroHydroV1 — SoT/MicroHydroV1/cad/macros/scripts/export_batch.FCMacro
Archive/Legacy/MASTER_PRODUCTION_PACKAGE/MASTER_PRODUCTION_PACKAGE/MicroHydroV1_/01_CAD/params/params.json,engineering/cad/MicroHydroV1_CAD Archive/MicroHydroV1_CAD/params.json
Archive/Legacy/MASTER_PRODUCTION_PACKAGE/MASTER_PRODUCTION_PACKAGE/MicroHydroV1_/03_Data/RnD_Workbook/MicroHydroV1_Bench_Test_Tracker.xlsx,engineering/cad/MicroHydroV1_CAD Archive/MicroHydroV1_Bench_Test_Tracker.xlsx
Archive/Legacy/MASTER_PRODUCTION_PACKAGE/MASTER_PRODUCTION_PACKAGE/MicroHydroV1_/03_Data/RnD_Workbook/MicroHydroV1_RnD_Export (1).xlsx,engineering/cad/MicroHydroV1_CAD Archive/MicroHydroV1_RnD_Export (1).xlsx
Archive/Legacy/MASTER_PRODUCTION_PACKAGE/MASTER_PRODUCTION_PACKAGE/MicroHydroV1_/03_Data/RnD_Workbook/MicroHydroV1_RnD_Export.xlsx,engineering/microhydro-v1-sot/MicroHydroV1/automation/MicroHydroV1_RnD_Export.xlsx
Archive/Legacy/MASTER_PRODUCTION_PACKAGE/MASTER_PRODUCTION_PACKAGE/MicroHydroV1_/03_Data/RnD_Workbook/MicroHydroV1_RnD_Export_SYNTH.xlsx,engineering/cad/MicroHydroV1_CAD Archive/MicroHydroV1_RnD_Export_SYNTH.xlsx
Archive/Legacy/MASTER_PRODUCTION_PACKAGE/MASTER_PRODUCTION_PACKAGE/MicroHydroV1_/03_Data/RnD_Workbook/MicroHydroV1_RnD_FullUpgrade.xlsx,engineering/cad/MicroHydroV1_CAD Archive/MicroHydroV1_CAD/MicroHydroV1_RnD_FullUpgrade.xlsx
Archive/Legacy/MASTER_PRODUCTION_PACKAGE/MASTER_PRODUCTION_PACKAGE/MicroHydroV1_/03_Data/intake_raw/StageB_DataLog_Synthetic.csv,engineering/cad/MicroHydroV1_CAD Archive/MicroHydroV1_Full_Package/StageB_DataLog_Synthetic.csv
Archive/Legacy/MASTER_PRODUCTION_PACKAGE/MASTER_PRODUCTION_PACKAGE/MicroHydroV1_/03_Data/intake_raw/T001_JetCoherence_Run1.csv,archive/legacy/implementation-misc/MICRO HYDRO - OLD/RnD/MASTER_PRODUCTION_PACKAGE 2/MicroHydroV1_/03_Data/intake_raw/T001_JetCoherence_Run1.csv
Archive/Legacy/MASTER_PRODUCTION_PACKAGE/MASTER_PRODUCTION_PACKAGE/MicroHydroV1_/03_Data/intake_raw/T002_TankRipple_Run1.csv,archive/legacy/implementation-misc/MICRO HYDRO - OLD/RnD/MASTER_PRODUCTION_PACKAGE 2/MicroHydroV1_/03_Data/intake_raw/T002_TankRipple_Run1.csv
Archive/Legacy/MASTER_PRODUCTION_PACKAGE/MASTER_PRODUCTION_PACKAGE/MicroHydroV1_/03_Data/intake_raw/T003_ELCStability_Run1.csv,archive/legacy/implementation-misc/MICRO HYDRO - OLD/RnD/MASTER_PRODUCTION_PACKAGE 2/MicroHydroV1_/03_Data/intake_raw/T003_ELCStability_Run1.csv
Archive/Legacy/MASTER_PRODUCTION_PACKAGE/MASTER_PRODUCTION_PACKAGE/MicroHydroV1_/03_Data/intake_raw/T004_Power_Run1.csv,archive/legacy/implementation-misc/MICRO HYDRO - OLD/RnD/MASTER_PRODUCTION_PACKAGE 2/MicroHydroV1_/03_Data/intake_raw/T004_Power_Run1.csv
Archive/Legacy/MASTER_PRODUCTION_PACKAGE/MASTER_PRODUCTION_PACKAGE/MicroHydroV1_/07_Docs/Documentation/GoNoGo_Packet.docx,engineering/cad/MicroHydroV1_CAD Archive/MicroHydroV1_Full_Package/GoNoGo_Packet.docx
Archive/Legacy/MASTER_PRODUCTION_PACKAGE/MASTER_PRODUCTION_PACKAGE/MicroHydroV1_/07_Docs/Documentation/Go_NoGo_Packet.docx,engineering/cad/MicroHydroV1_CAD Archive/MicroHydroV1_FULL_Workspace/Master_Package/Go_NoGo_Packet.docx
Archive/Legacy/MASTER_PRODUCTION_PACKAGE/MASTER_PRODUCTION_PACKAGE/MicroHydroV1_/07_Docs/Documentation/MicroHydroV1_Master.docx,engineering/cad/MicroHydroV1_CAD Archive/MicroHydroV1_FULL_Workspace/Master_Package/MicroHydroV1_Master.docx
Archive/Legacy/MASTER_PRODUCTION_PACKAGE/MASTER_PRODUCTION_PACKAGE/MicroHydroV1_/07_Docs/Documentation/README.txt,engineering/cad/MicroHydroV1_CAD Archive/MicroHydroV1_FullUpgrade_All/TankTests/T001/README.txt
Archive/Legacy/MASTER_PRODUCTION_PACKAGE/MASTER_PRODUCTION_PACKAGE/MicroHydroV1_/07_Docs/Documentation/STW_vNext_Matrix.docx,engineering/cad/MicroHydroV1_CAD Archive/MicroHydroV1_Full_Package/STW_vNext_Matrix.docx
Archive/Legacy/MASTER_PRODUCTION_PACKAGE/MASTER_PRODUCTION_PACKAGE/MicroHydroV1_/07_Docs/Documentation/Stakeholder_vNext.pptx,engineering/cad/MicroHydroV1_CAD Archive/MicroHydroV1_Full_Package/Stakeholder_vNext.pptx
Archive/Legacy/MASTER_PRODUCTION_PACKAGE/MASTER_PRODUCTION_PACKAGE/MicroHydroV1_/08_Installers/InitGui.py,engineering/cad/MicroHydroV1_CAD Archive/MicroHydroV1_CAD/MicroHydroV1_InModule_Installer/InitGui.py
Archive/Legacy/MASTER_PRODUCTION_PACKAGE/MASTER_PRODUCTION_PACKAGE/MicroHydroV1_/08_Installers/Install_MicroHydroV1_InModule.command,engineering/cad/MicroHydroV1_CAD Archive/MicroHydroV1_CAD/MicroHydroV1_InModule_Installer/Install_MicroHydroV1_InModule.command
Archive/Legacy/MASTER_PRODUCTION_PACKAGE/MASTER_PRODUCTION_PACKAGE/MicroHydroV1_/08_Installers/MicroHydroV1_InModule_Installer.zip,engineering/cad/MicroHydroV1_CAD Archive/MicroHydroV1_CAD/MicroHydroV1_InModule_Installer.zip
Archive/Legacy/MASTER_PRODUCTION_PACKAGE/MASTER_PRODUCTION_PACKAGE/MicroHydroV1_/08_Installers/README.md,engineering/cad/MicroHydroV1_CAD Archive/MicroHydroV1_CAD/MicroHydroV1_InModule_Installer/README.md
Archive/Legacy/MASTER_PRODUCTION_PACKAGE/MASTER_PRODUCTION_PACKAGE/MicroHydroV1_/09_Packages/original/MacroSuite.zip,engineering/cad/MicroHydroV1_CAD Archive/MicroHydroV1_CAD (1)old/MacroSuite.zip
Archive/Legacy/MASTER_PRODUCTION_PACKAGE/MASTER_PRODUCTION_PACKAGE/MicroHydroV1_/09_Packages/original/MacroSuiteFull.zip,engineering/cad/MicroHydroV1_CAD Archive/MicroHydroV1_CAD (1)old/MacroSuiteFull.zip
Archive/Legacy/MASTER_PRODUCTION_PACKAGE/MASTER_PRODUCTION_PACKAGE/MicroHydroV1_/09_Packages/original/MicroHydroV1_Addon_macOS.zip,engineering/cad/MicroHydroV1_CAD Archive/MicroHydroV1_CAD/MicroHydroV1_Addon_macOS.zip
Archive/Legacy/MASTER_PRODUCTION_PACKAGE/MASTER_PRODUCTION_PACKAGE/MicroHydroV1_/09_Packages/original/MicroHydroV1_Complete_Engineering_Package.zip,engineering/cad/MicroHydroV1_CAD Archive/MicroHydroV1_CAD/MicroHydroV1_Complete_Engineering_Package.zip
Archive/Legacy/MASTER_PRODUCTION_PACKAGE/MASTER_PRODUCTION_PACKAGE/MicroHydroV1_/09_Packages/original/MicroHydroV1_StageB_Package.zip,engineering/cad/MicroHydroV1_CAD Archive/MicroHydroV1_StageB_Package.zip
Archive/Legacy/MASTER_PRODUCTION_PACKAGE/MASTER_PRODUCTION_PACKAGE/MicroHydroV1_/09_Packages/original/patched_macros_with_params.zip,engineering/cad/MicroHydroV1_CAD Archive/MicroHydroV1_CAD/patched_macros_with_params.zip
Archive/Legacy/MASTER_PRODUCTION_PACKAGE/MASTER_PRODUCTION_PACKAGE/MicroHydroV1_/manifest.json,archive/legacy/implementation-misc/MICRO HYDRO - OLD/RnD/MASTER_PRODUCTION_PACKAGE 2/MicroHydroV1_/manifest.json
Archive/Legacy/MASTER_PRODUCTION_PACKAGE/MASTER_PRODUCTION_PACKAGE/README.md.docx,research/topics/MASTER_PRODUCTION_PACKAGE 2/README.md.docx
Archive/Legacy/MASTER_PRODUCTION_PACKAGE/MASTER_PRODUCTION_PACKAGE/README_IMPORT.md,research/topics/MASTER_PRODUCTION_PACKAGE 2/README_IMPORT.md
Archive/Legacy/MASTER_PRODUCTION_PACKAGE/MASTER_PRODUCTION_PACKAGE/Refinement_Prompts.docx,research/topics/MASTER_PRODUCTION_PACKAGE 2/Refinement_Prompts.docx
Archive/Legacy/MASTER_PRODUCTION_PACKAGE/MASTER_PRODUCTION_PACKAGE/Run_of_Show_Checklist.docx,engineering/product/Releases/MicroHydroV1_Work/MasterIntegrated_Output/01_SharePoint_Libraries/MicroHydroV1 — SoT/MicroHydroV1/docs/Run_of_Show_Checklist.docx
Archive/Legacy/MASTER_PRODUCTION_PACKAGE/MASTER_PRODUCTION_PACKAGE/Stakeholder_Presentation.pptx,research/topics/MASTER_PRODUCTION_PACKAGE 2/Stakeholder_Presentation.pptx
Archive/Legacy/MASTER_PRODUCTION_PACKAGE/MASTER_PRODUCTION_PACKAGE/Test_Campaign_Plan.docx,engineering/product/Releases/MicroHydroV1_Work/MasterIntegrated_Output/01_SharePoint_Libraries/MicroHydroV1 — SoT/MicroHydroV1/docs/Test_Campaign_Plan.docx
Archive/Legacy/MASTER_PRODUCTION_PACKAGE/MASTER_PRODUCTION_PACKAGE/build_all.FCMacro.docx,research/topics/RnD_Additional/build_all.FCMacro.docx
Archive/Legacy/MASTER_PRODUCTION_PACKAGE/MASTER_PRODUCTION_PACKAGE/import_measurements.py,research/topics/MASTER_PRODUCTION_PACKAGE 2/import_measurements.py
Archive/Legacy/MASTER_PRODUCTION_PACKAGE/MASTER_PRODUCTION_PACKAGE/index.html.docx,research/topics/MASTER_PRODUCTION_PACKAGE 2/index.html.docx
Archive/Legacy/MASTER_PRODUCTION_PACKAGE/MASTER_PRODUCTION_PACKAGE/params.json,engineering/product/Releases/MicroHydroV1_Work/MasterIntegrated_Output/01_SharePoint_Libraries/MicroHydroV1 — SoT/MicroHydroV1/cad/params/params.json
Archive/Legacy/MASTER_PRODUCTION_PACKAGE/MicroHydroV1_CAD Archive/MicroHydroV1_CAD/01_Diffuser/01_Diffuser_build_diffuser.FCMacro,engineering/cad/MicroHydroV1_CAD Archive/MicroHydroV1_CAD/01_Diffuser/01_Diffuser_build_diffuser.FCMacro
Archive/Legacy/MASTER_PRODUCTION_PACKAGE/MicroHydroV1_CAD Archive/MicroHydroV1_CAD/01_Diffuser/build_diffuser.FCMacro,engineering/cad/MicroHydroV1_CAD Archive/MicroHydroV1_CAD/01_Diffuser/build_diffuser.FCMacro
Archive/Legacy/MASTER_PRODUCTION_PACKAGE/MicroHydroV1_CAD Archive/MicroHydroV1_CAD/01_Diffuser/build_diffuser.FCMacro old.FCMacro,engineering/product/Releases/MicroHydroV1_Work/MasterIntegrated_Output/01_SharePoint_Libraries/MicroHydroV1 — SoT/MicroHydroV1/cad/macros/01_Diffuser/build_diffuser.FCMacro
Archive/Legacy/MASTER_PRODUCTION_PACKAGE/MicroHydroV1_CAD Archive/MicroHydroV1_CAD/02_Nozzle/02_Nozzle_build_nozzle.FCMacro,engineering/cad/MicroHydroV1_CAD Archive/MicroHydroV1_CAD/02_Nozzle/02_Nozzle_build_nozzle.FCMacro
Archive/Legacy/MASTER_PRODUCTION_PACKAGE/MicroHydroV1_CAD Archive/MicroHydroV1_CAD/02_Nozzle/build_nozzle.FCMacro,engineering/product/Releases/MicroHydroV1_Work/MasterIntegrated_Output/01_SharePoint_Libraries/MicroHydroV1 — SoT/MicroHydroV1/cad/macros/02_Nozzle/build_nozzle.FCMacro
Archive/Legacy/MASTER_PRODUCTION_PACKAGE/MicroHydroV1_CAD Archive/MicroHydroV1_CAD/03_VanePacks/03_VanePacks_build_vanepacks.FCMacro,engineering/cad/MicroHydroV1_CAD Archive/MicroHydroV1_CAD/03_VanePacks/03_VanePacks_build_vanepacks.FCMacro
Archive/Legacy/MASTER_PRODUCTION_PACKAGE/MicroHydroV1_CAD Archive/MicroHydroV1_CAD/03_VanePacks/build_vanepacks.FCMacro,engineering/product/Releases/MicroHydroV1_Work/MasterIntegrated_Output/01_SharePoint_Libraries/MicroHydroV1 — SoT/MicroHydroV1/cad/macros/03_VanePacks/build_vanepacks.FCMacro
Archive/Legacy/MASTER_PRODUCTION_PACKAGE/MicroHydroV1_CAD Archive/MicroHydroV1_CAD/04_Retainer/04_Retainer_build_retainer.FCMacro,engineering/cad/MicroHydroV1_CAD Archive/MicroHydroV1_CAD/04_Retainer/04_Retainer_build_retainer.FCMacro
Archive/Legacy/MASTER_PRODUCTION_PACKAGE/MicroHydroV1_CAD Archive/MicroHydroV1_CAD/04_Retainer/build_retainer.FCMacro,engineering/product/Releases/MicroHydroV1_Work/MasterIntegrated_Output/01_SharePoint_Libraries/MicroHydroV1 — SoT/MicroHydroV1/cad/macros/04_Retainer/build_retainer.FCMacro
Archive/Legacy/MASTER_PRODUCTION_PACKAGE/MicroHydroV1_CAD Archive/MicroHydroV1_CAD/Assembly/build_assembly.FCMacro,engineering/product/Releases/MicroHydroV1_Work/MasterIntegrated_Output/01_SharePoint_Libraries/MicroHydroV1 — SoT/MicroHydroV1/cad/macros/Assembly/build_assembly.FCMacro
Archive/Legacy/MASTER_PRODUCTION_PACKAGE/MicroHydroV1_CAD Archive/MicroHydroV1_CAD/MicroHydroV1/CAD/params.json,engineering/cad/MicroHydroV1_CAD Archive/MicroHydroV1_CAD/MicroHydroV1/CAD/params.json
Archive/Legacy/MASTER_PRODUCTION_PACKAGE/MicroHydroV1_CAD Archive/MicroHydroV1_CAD/MicroHydroV1/InitGui.py,engineering/cad/MicroHydroV1_CAD Archive/MicroHydroV1_CAD/MicroHydroV1/InitGui.py
Archive/Legacy/MASTER_PRODUCTION_PACKAGE/MicroHydroV1_CAD Archive/MicroHydroV1_CAD/MicroHydroV1/init.py,engineering/cad/MicroHydroV1_CAD Archive/MicroHydroV1_CAD/MicroHydroV1/init.py
Archive/Legacy/MASTER_PRODUCTION_PACKAGE/MicroHydroV1_CAD Archive/MicroHydroV1_CAD/MicroHydroV1_InModule_Installer/InitGui.py,engineering/cad/MicroHydroV1_CAD Archive/MicroHydroV1_CAD/MicroHydroV1_InModule_Installer/InitGui.py
Archive/Legacy/MASTER_PRODUCTION_PACKAGE/MicroHydroV1_CAD Archive/MicroHydroV1_CAD/MicroHydroV1_InModule_Installer/Install_MicroHydroV1_InModule.command,engineering/cad/MicroHydroV1_CAD Archive/MicroHydroV1_CAD/MicroHydroV1_InModule_Installer/Install_MicroHydroV1_InModule.command
Archive/Legacy/MASTER_PRODUCTION_PACKAGE/MicroHydroV1_CAD Archive/MicroHydroV1_CAD/MicroHydroV1_InModule_Installer/README.md,engineering/cad/MicroHydroV1_CAD Archive/MicroHydroV1_CAD/MicroHydroV1_InModule_Installer/README.md
Archive/Legacy/MASTER_PRODUCTION_PACKAGE/MicroHydroV1_CAD Archive/MicroHydroV1_CAD/README.txt,engineering/product/Releases/MicroHydroV1_Work/MasterIntegrated_Output/01_SharePoint_Libraries/MicroHydroV1 — SoT/MicroHydroV1/cad/macros/README.txt
Archive/Legacy/MASTER_PRODUCTION_PACKAGE/MicroHydroV1_CAD Archive/MicroHydroV1_CAD/build_all.FCMacro,engineering/cad/MicroHydroV1_CAD Archive/MicroHydroV1_CAD/build_all.FCMacro
Archive/Legacy/MASTER_PRODUCTION_PACKAGE/MicroHydroV1_CAD Archive/MicroHydroV1_CAD/params.json,engineering/cad/MicroHydroV1_CAD Archive/MicroHydroV1_CAD/params.json
Archive/Legacy/MASTER_PRODUCTION_PACKAGE/MicroHydroV1_CAD Archive/MicroHydroV1_CAD/scripts/export_batch.FCMacro,engineering/product/Releases/MicroHydroV1_Work/MasterIntegrated_Output/01_SharePoint_Libraries/MicroHydroV1 — SoT/MicroHydroV1/cad/macros/scripts/export_batch.FCMacro
Archive/Legacy/MASTER_PRODUCTION_PACKAGE/MicroHydroV1_CAD Archive/MicroHydroV1_CAD (1)old/01_Diffuser/build_diffuser.FCMacro,engineering/cad/MicroHydroV1_CAD Archive/MicroHydroV1_CAD (1)old/01_Diffuser/build_diffuser.FCMacro
Archive/Legacy/MASTER_PRODUCTION_PACKAGE/MicroHydroV1_CAD Archive/MicroHydroV1_CAD (1)old/02_Nozzle/build_nozzle.FCMacro,engineering/cad/MicroHydroV1_CAD Archive/MicroHydroV1_CAD (1)old/02_Nozzle/build_nozzle.FCMacro
Archive/Legacy/MASTER_PRODUCTION_PACKAGE/MicroHydroV1_CAD Archive/MicroHydroV1_CAD (1)old/03_VanePacks/build_vanepacks.FCMacro,engineering/cad/MicroHydroV1_CAD Archive/MicroHydroV1_CAD (1)old/03_VanePacks/build_vanepacks.FCMacro
Archive/Legacy/MASTER_PRODUCTION_PACKAGE/MicroHydroV1_CAD Archive/MicroHydroV1_CAD (1)old/04_Retainer/build_retainer.FCMacro,engineering/cad/MicroHydroV1_CAD Archive/MicroHydroV1_CAD (1)old/04_Retainer/build_retainer.FCMacro
Archive/Legacy/MASTER_PRODUCTION_PACKAGE/MicroHydroV1_CAD Archive/MicroHydroV1_CAD (1)old/Assembly/build_assembly.FCMacro,engineering/cad/MicroHydroV1_CAD Archive/MicroHydroV1_CAD (1)old/Assembly/build_assembly.FCMacro
Archive/Legacy/MASTER_PRODUCTION_PACKAGE/MicroHydroV1_CAD Archive/MicroHydroV1_CAD (1)old/MacroSuiteFull/01_Diffuser/build_diffuser.FCMacro,engineering/cad/MicroHydroV1_CAD Archive/MicroHydroV1_CAD (1)old/01_Diffuser/build_diffuser.FCMacro
Archive/Legacy/MASTER_PRODUCTION_PACKAGE/MicroHydroV1_CAD Archive/MicroHydroV1_CAD (1)old/MacroSuiteFull/02_Nozzle/build_nozzle.FCMacro,engineering/cad/MicroHydroV1_CAD Archive/MicroHydroV1_CAD (1)old/02_Nozzle/build_nozzle.FCMacro
Archive/Legacy/MASTER_PRODUCTION_PACKAGE/MicroHydroV1_CAD Archive/MicroHydroV1_CAD (1)old/MacroSuiteFull/03_VanePacks/build_vanepacks.FCMacro,engineering/cad/MicroHydroV1_CAD Archive/MicroHydroV1_CAD (1)old/03_VanePacks/build_vanepacks.FCMacro
Archive/Legacy/MASTER_PRODUCTION_PACKAGE/MicroHydroV1_CAD Archive/MicroHydroV1_CAD (1)old/MacroSuiteFull/04_Retainer/build_retainer.FCMacro,engineering/cad/MicroHydroV1_CAD Archive/MicroHydroV1_CAD (1)old/04_Retainer/build_retainer.FCMacro
Archive/Legacy/MASTER_PRODUCTION_PACKAGE/MicroHydroV1_CAD Archive/MicroHydroV1_CAD (1)old/MacroSuiteFull/Assembly/build_assembly.FCMacro,engineering/cad/MicroHydroV1_CAD Archive/MicroHydroV1_CAD (1)old/Assembly/build_assembly.FCMacro
Archive/Legacy/MASTER_PRODUCTION_PACKAGE/MicroHydroV1_CAD Archive/MicroHydroV1_CAD (1)old/MacroSuiteFull/build_all.FCMacro,engineering/cad/MicroHydroV1_CAD Archive/MicroHydroV1_CAD (1)old/MacroSuiteFull/build_all.FCMacro
Archive/Legacy/MASTER_PRODUCTION_PACKAGE/MicroHydroV1_CAD Archive/MicroHydroV1_CAD (1)old/MacroSuiteFull/params.json,engineering/cad/MicroHydroV1_CAD Archive/MicroHydroV1_CAD (1)old/MacroSuiteFull/params.json
Archive/Legacy/MASTER_PRODUCTION_PACKAGE/MicroHydroV1_CAD Archive/MicroHydroV1_CAD (1)old/MacroSuiteFull/scripts/export_batch.FCMacro,engineering/cad/MicroHydroV1_CAD Archive/MicroHydroV1_CAD (1)old/MacroSuiteFull/scripts/export_batch.FCMacro
Archive/Legacy/MASTER_PRODUCTION_PACKAGE/MicroHydroV1_CAD Archive/MicroHydroV1_CAD (1)old/MicroHydroV1_params.xlsx,engineering/cad/MicroHydroV1_CAD Archive/MicroHydroV1_CAD (1)old/MicroHydroV1_params.xlsx
Archive/Legacy/MASTER_PRODUCTION_PACKAGE/MicroHydroV1_CAD Archive/MicroHydroV1_CAD (1)old/README_MicroHydroV1_CAD.md,engineering/cad/MicroHydroV1_CAD Archive/MicroHydroV1_CAD (1)old/README_MicroHydroV1_CAD.md
Archive/Legacy/MASTER_PRODUCTION_PACKAGE/MicroHydroV1_CAD Archive/MicroHydroV1_CAD (1)old/build_all.FCMacro,engineering/cad/MicroHydroV1_CAD Archive/MicroHydroV1_CAD (1)old/build_all.FCMacro
Archive/Legacy/MASTER_PRODUCTION_PACKAGE/MicroHydroV1_CAD Archive/MicroHydroV1_CAD (1)old/build_all.FCMacro.docx,engineering/cad/MicroHydroV1_CAD Archive/MicroHydroV1_CAD (1)old/build_all.FCMacro.docx
Archive/Legacy/MASTER_PRODUCTION_PACKAGE/MicroHydroV1_CAD Archive/MicroHydroV1_CAD (1)old/build_all.FCMacro.html,engineering/cad/MicroHydroV1_CAD Archive/MicroHydroV1_CAD (1)old/build_all.FCMacro.html
Archive/Legacy/MASTER_PRODUCTION_PACKAGE/MicroHydroV1_CAD Archive/MicroHydroV1_CAD (1)old/en.html,engineering/cad/MicroHydroV1_CAD Archive/MicroHydroV1_CAD (1)old/en.html
Archive/Legacy/MASTER_PRODUCTION_PACKAGE/MicroHydroV1_CAD Archive/MicroHydroV1_CAD (1)old/micro-hydro-power-plant-2-6838e6ab48ac8c825e45ce5a.html,engineering/cad/MicroHydroV1_CAD Archive/MicroHydroV1_CAD (1)old/build_all.FCMacro.html
Archive/Legacy/MASTER_PRODUCTION_PACKAGE/MicroHydroV1_CAD Archive/MicroHydroV1_CAD (1)old/params.json,engineering/cad/MicroHydroV1_CAD Archive/MicroHydroV1_CAD (1)old/MacroSuiteFull/params.json
Archive/Legacy/MASTER_PRODUCTION_PACKAGE/MicroHydroV1_CAD Archive/MicroHydroV1_CAD_FIXED/01_Diffuser/build_diffuser.FCMacro,engineering/product/Releases/MicroHydroV1_Work/MasterIntegrated_Output/01_SharePoint_Libraries/MicroHydroV1 — SoT/MicroHydroV1/cad/macros/01_Diffuser/build_diffuser.FCMacro
Archive/Legacy/MASTER_PRODUCTION_PACKAGE/MicroHydroV1_CAD Archive/MicroHydroV1_CAD_FIXED/02_Nozzle/build_nozzle.FCMacro,engineering/product/Releases/MicroHydroV1_Work/MasterIntegrated_Output/01_SharePoint_Libraries/MicroHydroV1 — SoT/MicroHydroV1/cad/macros/02_Nozzle/build_nozzle.FCMacro
Archive/Legacy/MASTER_PRODUCTION_PACKAGE/MicroHydroV1_CAD Archive/MicroHydroV1_CAD_FIXED/03_VanePacks/build_vanepacks.FCMacro,engineering/product/Releases/MicroHydroV1_Work/MasterIntegrated_Output/01_SharePoint_Libraries/MicroHydroV1 — SoT/MicroHydroV1/cad/macros/03_VanePacks/build_vanepacks.FCMacro
Archive/Legacy/MASTER_PRODUCTION_PACKAGE/MicroHydroV1_CAD Archive/MicroHydroV1_CAD_FIXED/04_Retainer/build_retainer.FCMacro,engineering/product/Releases/MicroHydroV1_Work/MasterIntegrated_Output/01_SharePoint_Libraries/MicroHydroV1 — SoT/MicroHydroV1/cad/macros/04_Retainer/build_retainer.FCMacro
Archive/Legacy/MASTER_PRODUCTION_PACKAGE/MicroHydroV1_CAD Archive/MicroHydroV1_CAD_FIXED/Assembly/build_assembly.FCMacro,engineering/product/Releases/MicroHydroV1_Work/MasterIntegrated_Output/01_SharePoint_Libraries/MicroHydroV1 — SoT/MicroHydroV1/cad/macros/Assembly/build_assembly.FCMacro
Archive/Legacy/MASTER_PRODUCTION_PACKAGE/MicroHydroV1_CAD Archive/MicroHydroV1_CAD_FIXED/README.txt,engineering/product/Releases/MicroHydroV1_Work/MasterIntegrated_Output/01_SharePoint_Libraries/MicroHydroV1 — SoT/MicroHydroV1/cad/macros/README.txt
Archive/Legacy/MASTER_PRODUCTION_PACKAGE/MicroHydroV1_CAD Archive/MicroHydroV1_CAD_FIXED/build_all.FCMacro,engineering/cad/MicroHydroV1_CAD Archive/MicroHydroV1_CAD_FIXED/build_all.FCMacro
Archive/Legacy/MASTER_PRODUCTION_PACKAGE/MicroHydroV1_CAD Archive/MicroHydroV1_CAD_FIXED/params.json,engineering/product/Releases/MicroHydroV1_Work/MasterIntegrated_Output/01_SharePoint_Libraries/MicroHydroV1 — SoT/MicroHydroV1/cad/macros/params.json
Archive/Legacy/MASTER_PRODUCTION_PACKAGE/MicroHydroV1_CAD Archive/MicroHydroV1_CAD_FIXED/scripts/export_batch.FCMacro,engineering/product/Releases/MicroHydroV1_Work/MasterIntegrated_Output/01_SharePoint_Libraries/MicroHydroV1 — SoT/MicroHydroV1/cad/macros/scripts/export_batch.FCMacro
Archive/Legacy/MASTER_PRODUCTION_PACKAGE/MicroHydroV1_CAD Archive/MicroHydroV1_FULL_Workspace/Automation/Import_Config.json,engineering/cad/MicroHydroV1_CAD Archive/MicroHydroV1_FULL_Workspace/Automation/Import_Config.json
Archive/Legacy/MASTER_PRODUCTION_PACKAGE/MicroHydroV1_CAD Archive/MicroHydroV1_FULL_Workspace/Automation/import_measurements.py,engineering/cad/MicroHydroV1_CAD Archive/MicroHydroV1_FULL_Workspace/Automation/import_measurements.py
Archive/Legacy/MASTER_PRODUCTION_PACKAGE/MicroHydroV1_CAD Archive/MicroHydroV1_FULL_Workspace/CAD/Params/params.json,engineering/product/Reference_Models/MicroHydroV1_Shapr3D_ReferenceModel/params.json
Archive/Legacy/MASTER_PRODUCTION_PACKAGE/MicroHydroV1_CAD Archive/MicroHydroV1_FULL_Workspace/Master_Package/Go_NoGo_Packet.docx,engineering/cad/MicroHydroV1_CAD Archive/MicroHydroV1_FULL_Workspace/Master_Package/Go_NoGo_Packet.docx
Archive/Legacy/MASTER_PRODUCTION_PACKAGE/MicroHydroV1_CAD Archive/MicroHydroV1_FULL_Workspace/Master_Package/MicroHydroV1_Master.docx,engineering/cad/MicroHydroV1_CAD Archive/MicroHydroV1_FULL_Workspace/Master_Package/MicroHydroV1_Master.docx
Archive/Legacy/MASTER_PRODUCTION_PACKAGE/MicroHydroV1_CAD Archive/MicroHydroV1_FULL_Workspace/Master_Package/STW_Matrix.xlsx,engineering/cad/MicroHydroV1_CAD Archive/MicroHydroV1_FULL_Workspace/Master_Package/STW_Matrix.xlsx
Archive/Legacy/MASTER_PRODUCTION_PACKAGE/MicroHydroV1_CAD Archive/MicroHydroV1_FullUpgrade_All/Governance/README.txt,engineering/cad/MicroHydroV1_CAD Archive/MicroHydroV1_FullUpgrade_All/Governance/README.txt
Archive/Legacy/MASTER_PRODUCTION_PACKAGE/MicroHydroV1_CAD Archive/MicroHydroV1_FullUpgrade_All/RnD/README.txt,engineering/cad/MicroHydroV1_CAD Archive/MicroHydroV1_FullUpgrade_All/RnD/README.txt
Archive/Legacy/MASTER_PRODUCTION_PACKAGE/MicroHydroV1_CAD Archive/MicroHydroV1_FullUpgrade_All/StageB/README.txt,engineering/cad/MicroHydroV1_CAD Archive/MicroHydroV1_FullUpgrade_All/StageB/README.txt
Archive/Legacy/MASTER_PRODUCTION_PACKAGE/MicroHydroV1_CAD Archive/MicroHydroV1_FullUpgrade_All/TankTests/T001/README.txt,engineering/cad/MicroHydroV1_CAD Archive/MicroHydroV1_FullUpgrade_All/TankTests/T001/README.txt
Archive/Legacy/MASTER_PRODUCTION_PACKAGE/MicroHydroV1_CAD Archive/MicroHydroV1_FullUpgrade_All/TankTests/T002/README.txt,engineering/cad/MicroHydroV1_CAD Archive/MicroHydroV1_FullUpgrade_All/TankTests/T002/README.txt
Archive/Legacy/MASTER_PRODUCTION_PACKAGE/MicroHydroV1_CAD Archive/MicroHydroV1_Full_Package/GoNoGo_Packet.docx,engineering/cad/MicroHydroV1_CAD Archive/MicroHydroV1_Full_Package/GoNoGo_Packet.docx
Archive/Legacy/MASTER_PRODUCTION_PACKAGE/MicroHydroV1_CAD Archive/MicroHydroV1_Full_Package/STW_vNext_Matrix.docx,engineering/cad/MicroHydroV1_CAD Archive/MicroHydroV1_Full_Package/STW_vNext_Matrix.docx
Archive/Legacy/MASTER_PRODUCTION_PACKAGE/MicroHydroV1_CAD Archive/MicroHydroV1_Full_Package/Stakeholder_vNext.pptx,engineering/cad/MicroHydroV1_CAD Archive/MicroHydroV1_Full_Package/Stakeholder_vNext.pptx
Archive/Legacy/MASTER_PRODUCTION_PACKAGE/MicroHydroV1_CAD Archive/MicroHydroV1_Full_Package/T001_JetCoherence_Run1.csv,engineering/cad/MicroHydroV1_CAD Archive/MicroHydroV1_Full_Package/T001_JetCoherence_Run1.csv
Archive/Legacy/MASTER_PRODUCTION_PACKAGE/MicroHydroV1_CAD Archive/MicroHydroV1_Full_Package/T002_TankRipple_Run1.csv,engineering/cad/MicroHydroV1_CAD Archive/MicroHydroV1_Full_Package/T002_TankRipple_Run1.csv
Archive/Legacy/MASTER_PRODUCTION_PACKAGE/MicroHydroV1_CAD Archive/MicroHydroV1_Full_Package/T003_ELCStability_Run1.csv,engineering/cad/MicroHydroV1_CAD Archive/MicroHydroV1_Full_Package/T003_ELCStability_Run1.csv
Archive/Legacy/MASTER_PRODUCTION_PACKAGE/MicroHydroV1_CAD Archive/MicroHydroV1_Full_Package/T004_Power_Run1.csv,engineering/cad/MicroHydroV1_CAD Archive/MicroHydroV1_Full_Package/T004_Power_Run1.csv
Archive/Legacy/MASTER_PRODUCTION_PACKAGE/MicroHydroV1_CAD Archive/MicroHydroV1_ReorgToolkit/README_REORG.md,engineering/cad/MicroHydroV1_CAD Archive/MicroHydroV1_ReorgToolkit/README_REORG.md
Archive/Legacy/MASTER_PRODUCTION_PACKAGE/MicroHydroV1_CAD Archive/MicroHydroV1_ReorgToolkit/reorg_from_zip.py,engineering/cad/MicroHydroV1_CAD Archive/MicroHydroV1_ReorgToolkit/reorg_from_zip.py
Archive/Legacy/MASTER_PRODUCTION_PACKAGE/MicroHydroV1_CAD Archive/MicroHydroV1_SyntheticPackage/GoNoGo.txt,engineering/cad/MicroHydroV1_CAD Archive/MicroHydroV1_SyntheticPackage/GoNoGo.txt
Archive/Legacy/MASTER_PRODUCTION_PACKAGE/MicroHydroV1_CAD Archive/MicroHydroV1_SyntheticPackage/README.txt,engineering/cad/MicroHydroV1_CAD Archive/MicroHydroV1_SyntheticPackage/README.txt
Archive/Legacy/MASTER_PRODUCTION_PACKAGE/MicroHydroV1_CAD Archive/MicroHydroV1_SyntheticPackage/RnD_Synthetic.txt,engineering/cad/MicroHydroV1_CAD Archive/MicroHydroV1_SyntheticPackage/RnD_Synthetic.txt
Archive/Legacy/MASTER_PRODUCTION_PACKAGE/MicroHydroV1_CAD Archive/MicroHydroV1_SyntheticPackage/STW_Matrix.txt,engineering/cad/MicroHydroV1_CAD Archive/MicroHydroV1_SyntheticPackage/STW_Matrix.txt
Archive/Legacy/MASTER_PRODUCTION_PACKAGE/MicroHydroV1_CAD Archive/MicroHydroV1_SyntheticPackage/StageC_Readout.txt,engineering/cad/MicroHydroV1_CAD Archive/MicroHydroV1_SyntheticPackage/StageC_Readout.txt
Archive/Legacy/MASTER_PRODUCTION_PACKAGE/MicroHydroV1_CAD Archive/MicroHydroV1_SyntheticPackage/Stakeholder_Deck.txt,engineering/cad/MicroHydroV1_CAD Archive/MicroHydroV1_SyntheticPackage/Stakeholder_Deck.txt
Archive/Legacy/MASTER_PRODUCTION_PACKAGE/MicroHydroV1_CAD Archive/MicroHydroV1_Tank_Ripple_Test_Procedure_WITH_TOC.docx,engineering/cad/MicroHydroV1_CAD Archive/MicroHydroV1_Tank_Ripple_Test_Procedure_WITH_TOC.docx
Archive/Legacy/MASTER_PRODUCTION_PACKAGE/MicroHydroV1_CAD Archive.zip,archive/legacy/implementation-misc/MICRO HYDRO - OLD/RnD/MASTER_PRODUCTION_PACKAGE/MicroHydroV1_CAD Archive.zip
Archive/Legacy/MASTER_PRODUCTION_PACKAGE/MicroHydroV1_Rebuilt_Clean_Repo_20260122_002842Z.zip,archive/legacy/implementation-misc/MICRO HYDRO - OLD/RnD/MASTER_PRODUCTION_PACKAGE/MicroHydroV1_Rebuilt_Clean_Repo_20260122_002842Z.zip
Archive/Legacy/MASTER_PRODUCTION_PACKAGE/New Folder With Items/02_Targeted_Design_RnD/Requirements_Traceabillity.docx,research/topics/MASTER_PRODUCTION_PACKAGE 2/02_Targeted_Design_RnD/Requirements_Traceabillity.docx
Archive/Legacy/MASTER_PRODUCTION_PACKAGE/New Folder With Items/02_Targeted_Design_RnD/STW_Design_Matrix_PASSB.docx,research/topics/MASTER_PRODUCTION_PACKAGE 2/02_Targeted_Design_RnD/STW_Design_Matrix_PASSB.docx
Archive/Legacy/MASTER_PRODUCTION_PACKAGE/New Folder With Items/02_Targeted_Design_RnD/STW_Design_vNext.docx,research/topics/MASTER_PRODUCTION_PACKAGE 2/02_Targeted_Design_RnD/STW_Design_vNext.docx
Archive/Legacy/MASTER_PRODUCTION_PACKAGE/New Folder With Items/04_Hydram_Research_Unit/HYDRAM_RUN2_Overview.docx,research/topics/MASTER_PRODUCTION_PACKAGE 2/04_Hydram_Research_Unit/HYDRAM_RUN2_Overview.docx
Archive/Legacy/MASTER_PRODUCTION_PACKAGE/New Folder With Items/05_Tank_Hydraulics_Unit/TANK_Inlet_Comparison_RUN2.docx,research/topics/MASTER_PRODUCTION_PACKAGE 2/05_Tank_Hydraulics_Unit/TANK_Inlet_Comparison_RUN2.docx
Archive/Legacy/MASTER_PRODUCTION_PACKAGE/New Folder With Items/06_Penstock_Flow_Unit/PENSTOCK_Selection_RUN2.docx,research/topics/MASTER_PRODUCTION_PACKAGE 2/06_Penstock_Flow_Unit/PENSTOCK_Selection_RUN2.docx
Archive/Legacy/MASTER_PRODUCTION_PACKAGE/New Folder With Items/07_Turbine_Optimization_Unit/NOZZLE_Sweep_RUN2.docx,research/topics/MASTER_PRODUCTION_PACKAGE 2/07_Turbine_Optimization_Unit/NOZZLE_Sweep_RUN2.docx
Archive/Legacy/MASTER_PRODUCTION_PACKAGE/New Folder With Items/08_Electrical_Control_Unit/ELC_Inverter_Tuning_RUN2.docx,research/topics/MASTER_PRODUCTION_PACKAGE 2/08_Electrical_Control_Unit/ELC_Inverter_Tuning_RUN2.docx
Archive/Legacy/MASTER_PRODUCTION_PACKAGE/New Folder With Items/09_Intergrated_System_Modeling/INTEGRATED_RUN2.docx,research/topics/MASTER_PRODUCTION_PACKAGE 2/09_Intergrated_System_Modeling/INTEGRATED_RUN2.docx
Archive/Legacy/MASTER_PRODUCTION_PACKAGE/New Folder With Items/09_Intergrated_System_Modeling/System_Architecture.md.docx,research/topics/MASTER_PRODUCTION_PACKAGE 2/09_Intergrated_System_Modeling/System_Architecture.md.docx
Archive/Legacy/MASTER_PRODUCTION_PACKAGE/New Folder With Items/10_Design_VNext/01_Tank_Inlet_Hyperbolic/Engineering_Rationale_Hyperbolic_Inlet.docx,research/topics/MASTER_PRODUCTION_PACKAGE 2/10_Design_VNext/01_Tank_Inlet_Hyperbolic/Engineering_Rationale_Hyperbolic_Inlet.docx
Archive/Legacy/MASTER_PRODUCTION_PACKAGE/New Folder With Items/10_Design_VNext/01_Tank_Inlet_Hyperbolic/Hyberbolic_Inlet_Design.docx,research/topics/MASTER_PRODUCTION_PACKAGE 2/10_Design_VNext/01_Tank_Inlet_Hyperbolic/Hyberbolic_Inlet_Design.docx
Archive/Legacy/MASTER_PRODUCTION_PACKAGE/New Folder With Items/10_Design_VNext/01_Tank_Inlet_Hyperbolic/Hyperbolic_Inlet_Drawing.svg.docx,research/topics/MASTER_PRODUCTION_PACKAGE 2/10_Design_VNext/01_Tank_Inlet_Hyperbolic/Hyperbolic_Inlet_Drawing.svg.docx
Archive/Legacy/MASTER_PRODUCTION_PACKAGE/New Folder With Items/10_Design_VNext/02_Nozzle_9mm_PreSwirl/Engineering_Rational_Nozzle_9mm_.docx,research/topics/MASTER_PRODUCTION_PACKAGE 2/10_Design_VNext/02_Nozzle_9mm_PreSwirl/Engineering_Rational_Nozzle_9mm_.docx
Archive/Legacy/MASTER_PRODUCTION_PACKAGE/New Folder With Items/10_Design_VNext/02_Nozzle_9mm_PreSwirl/Nozzle_9mm_PreSwirl_Design.docx,research/topics/MASTER_PRODUCTION_PACKAGE 2/10_Design_VNext/02_Nozzle_9mm_PreSwirl/Nozzle_9mm_PreSwirl_Design.docx
Archive/Legacy/MASTER_PRODUCTION_PACKAGE/New Folder With Items/10_Design_VNext/02_Nozzle_9mm_PreSwirl/Nozzle_9mm_PreSwirl_Drawing.svg.docx,research/topics/MASTER_PRODUCTION_PACKAGE 2/10_Design_VNext/02_Nozzle_9mm_PreSwirl/Nozzle_9mm_PreSwirl_Drawing.svg.docx
Archive/Legacy/MASTER_PRODUCTION_PACKAGE/New Folder With Items/10_Design_VNext/MicroHydroV1_Design_vNext_Readout_Stages_A-D.docx,research/topics/MASTER_PRODUCTION_PACKAGE 2/10_Design_VNext/MicroHydroV1_Design_vNext_Readout_Stages_A-D.docx
Archive/Legacy/MASTER_PRODUCTION_PACKAGE/New Folder With Items/11_Bench_Test_Pack/Bench_Test_Results_Summary.docx,research/topics/MASTER_PRODUCTION_PACKAGE 2/11_Bench_Test_Pack/Bench_Test_Results_Summary.docx
Archive/Legacy/MASTER_PRODUCTION_PACKAGE/New Folder With Items/11_Bench_Test_Pack/Jet_Coherence_Test/Jet_Coherence_Imaging_Notes.docx,research/topics/MASTER_PRODUCTION_PACKAGE 2/11_Bench_Test_Pack/Jet_Coherence_Test/Jet_Coherence_Imaging_Notes.docx
Archive/Legacy/MASTER_PRODUCTION_PACKAGE/New Folder With Items/11_Bench_Test_Pack/Jet_Coherence_Test/Jet_Coherence_Procedure.docx,engineering/product/Releases/MicroHydroV1_Work/MasterIntegrated_Output/01_SharePoint_Libraries/MicroHydroV1 — SoT/MicroHydroV1/docs/Jet_Coherence_Procedure.docx
Archive/Legacy/MASTER_PRODUCTION_PACKAGE/New Folder With Items/11_Bench_Test_Pack/Tank_Ripple_Test/Tank_Ripple_Procedure.docx,engineering/product/Releases/MicroHydroV1_Work/MasterIntegrated_Output/01_SharePoint_Libraries/MicroHydroV1 — SoT/MicroHydroV1/docs/Tank_Ripple_Procedure.docx
Archive/Legacy/MASTER_PRODUCTION_PACKAGE/New Folder With Items/11_Bench_Test_Pack/Tank_Ripple_Test/Tank_Ripple_Sensor_Mounting.svg.docx,research/topics/MASTER_PRODUCTION_PACKAGE 2/11_Bench_Test_Pack/Tank_Ripple_Test/Tank_Ripple_Sensor_Mounting.svg.docx
Archive/Legacy/MASTER_PRODUCTION_PACKAGE/New Folder With Items/12_Patents/PATENT_PASSB_Full.docx,research/topics/MASTER_PRODUCTION_PACKAGE 2/12_Patents/PATENT_PASSB_Full.docx
Archive/Legacy/MASTER_PRODUCTION_PACKAGE/New Folder With Items/12_Patents/Schauberger_Summaries.docx,research/topics/MASTER_PRODUCTION_PACKAGE 2/12_Patents/Schauberger_Summaries.docx
Archive/Legacy/MASTER_PRODUCTION_PACKAGE/New Folder With Items/12_Patents/Tesla_Summaries.docx,research/topics/MASTER_PRODUCTION_PACKAGE 2/12_Patents/Tesla_Summaries.docx
Archive/Legacy/MASTER_PRODUCTION_PACKAGE/New Folder With Items/12_Patents/Winter_Summaries.docx,research/topics/MASTER_PRODUCTION_PACKAGE 2/12_Patents/Winter_Summaries.docx
Archive/Legacy/MASTER_PRODUCTION_PACKAGE/New Folder With Items/14_Reports/Design_vNext_Readout_FULL.docx,research/topics/MASTER_PRODUCTION_PACKAGE 2/14_Reports/Design_vNext_Readout_FULL.docx
Archive/Legacy/MASTER_PRODUCTION_PACKAGE/New Folder With Items/14_Reports/PASS_A_FULL.docx,research/topics/MASTER_PRODUCTION_PACKAGE 2/14_Reports/PASS_A_FULL.docx
Archive/Legacy/MASTER_PRODUCTION_PACKAGE/New Folder With Items/14_Reports/PASS_A_FULL_Populated_v2.docx,research/topics/MASTER_PRODUCTION_PACKAGE 2/14_Reports/PASS_A_FULL_Populated_v2.docx
Archive/Legacy/MASTER_PRODUCTION_PACKAGE/New Folder With Items/14_Reports/PASS_A_FULL_RevA.docx,engineering/product/Releases/MicroHydroV1_Work/MasterIntegrated_Output/01_SharePoint_Libraries/MicroHydroV1 — SoT/MicroHydroV1/docs/PASS_A_FULL_RevA.docx
Archive/Legacy/MASTER_PRODUCTION_PACKAGE/New Folder With Items/14_Reports/Program_Readout_Executive_Summary.docx,research/topics/MASTER_PRODUCTION_PACKAGE 2/14_Reports/Program_Readout_Executive_Summary.docx
Archive/Legacy/MASTER_PRODUCTION_PACKAGE/New Folder With Items/14_Reports/RUN2_Comapre_PhiWeights.docx,research/topics/MASTER_PRODUCTION_PACKAGE 2/14_Reports/RUN2_Comapre_PhiWeights.docx
Archive/Legacy/MASTER_PRODUCTION_PACKAGE/New Folder With Items/14_Reports/RUN2_Summary.docx,research/topics/MASTER_PRODUCTION_PACKAGE 2/14_Reports/RUN2_Summary.docx
Archive/Legacy/MASTER_PRODUCTION_PACKAGE/New Folder With Items/14_Reports/StageB_TestPlan.txt,research/topics/MASTER_PRODUCTION_PACKAGE 2/14_Reports/StageB_TestPlan.txt
Archive/Legacy/MASTER_PRODUCTION_PACKAGE/New Folder With Items/Import_Config.json,engineering/product/Releases/MicroHydroV1_Work/MasterIntegrated_Output/01_SharePoint_Libraries/MicroHydroV1 — SoT/MicroHydroV1/automation/Import_Config.json
Archive/Legacy/MASTER_PRODUCTION_PACKAGE/New Folder With Items/MASTER_PASS_A_Document.docx,research/topics/MASTER_PRODUCTION_PACKAGE 2/MASTER_PASS_A_Document.docx
Archive/Legacy/MASTER_PRODUCTION_PACKAGE/New Folder With Items/Master_Index.docx,engineering/product/Releases/MicroHydroV1_Work/MasterIntegrated_Output/01_SharePoint_Libraries/MicroHydroV1 — SoT/MicroHydroV1/docs/Master_Index.docx
Archive/Legacy/MASTER_PRODUCTION_PACKAGE/New Folder With Items/README.md.docx,research/topics/MASTER_PRODUCTION_PACKAGE 2/README.md.docx
Archive/Legacy/MASTER_PRODUCTION_PACKAGE/New Folder With Items/README_IMPORT.md,research/topics/MASTER_PRODUCTION_PACKAGE 2/README_IMPORT.md
Archive/Legacy/MASTER_PRODUCTION_PACKAGE/New Folder With Items/Refinement_Prompts.docx,research/topics/MASTER_PRODUCTION_PACKAGE 2/Refinement_Prompts.docx
Archive/Legacy/MASTER_PRODUCTION_PACKAGE/New Folder With Items/Run_of_Show_Checklist.docx,engineering/product/Releases/MicroHydroV1_Work/MasterIntegrated_Output/01_SharePoint_Libraries/MicroHydroV1 — SoT/MicroHydroV1/docs/Run_of_Show_Checklist.docx
Archive/Legacy/MASTER_PRODUCTION_PACKAGE/New Folder With Items/Stakeholder_Presentation.pptx,research/topics/MASTER_PRODUCTION_PACKAGE 2/Stakeholder_Presentation.pptx
Archive/Legacy/MASTER_PRODUCTION_PACKAGE/New Folder With Items/Test_Campaign_Plan.docx,engineering/product/Releases/MicroHydroV1_Work/MasterIntegrated_Output/01_SharePoint_Libraries/MicroHydroV1 — SoT/MicroHydroV1/docs/Test_Campaign_Plan.docx
Archive/Legacy/MASTER_PRODUCTION_PACKAGE/New Folder With Items/build_all.FCMacro.docx,research/topics/RnD_Additional/build_all.FCMacro.docx
Archive/Legacy/MASTER_PRODUCTION_PACKAGE/New Folder With Items/import_measurements.py,research/topics/MASTER_PRODUCTION_PACKAGE 2/import_measurements.py
Archive/Legacy/MASTER_PRODUCTION_PACKAGE/New Folder With Items/index.html.docx,research/topics/MASTER_PRODUCTION_PACKAGE 2/index.html.docx
Archive/Legacy/MASTER_PRODUCTION_PACKAGE/New Folder With Items/params.json,engineering/product/Releases/MicroHydroV1_Work/MasterIntegrated_Output/01_SharePoint_Libraries/MicroHydroV1 — SoT/MicroHydroV1/cad/params/params.json
Archive/Legacy/MASTER_PRODUCTION_PACKAGE/New Folder With Items.zip,archive/legacy/implementation-misc/MICRO HYDRO - OLD/RnD/MASTER_PRODUCTION_PACKAGE/New Folder With Items.zip
Archive/Legacy/MASTER_PRODUCTION_PACKAGE 2/02_Targeted_Design_RnD/Requirements_Traceabillity.docx,research/topics/MASTER_PRODUCTION_PACKAGE 2/02_Targeted_Design_RnD/Requirements_Traceabillity.docx
Archive/Legacy/MASTER_PRODUCTION_PACKAGE 2/02_Targeted_Design_RnD/STW_Design_Matrix_PASSB.docx,research/topics/MASTER_PRODUCTION_PACKAGE 2/02_Targeted_Design_RnD/STW_Design_Matrix_PASSB.docx
Archive/Legacy/MASTER_PRODUCTION_PACKAGE 2/02_Targeted_Design_RnD/STW_Design_vNext.docx,research/topics/MASTER_PRODUCTION_PACKAGE 2/02_Targeted_Design_RnD/STW_Design_vNext.docx
Archive/Legacy/MASTER_PRODUCTION_PACKAGE 2/04_Hydram_Research_Unit/HYDRAM_RUN2_Overview.docx,research/topics/MASTER_PRODUCTION_PACKAGE 2/04_Hydram_Research_Unit/HYDRAM_RUN2_Overview.docx
Archive/Legacy/MASTER_PRODUCTION_PACKAGE 2/05_Tank_Hydraulics_Unit/TANK_Inlet_Comparison_RUN2.docx,research/topics/MASTER_PRODUCTION_PACKAGE 2/05_Tank_Hydraulics_Unit/TANK_Inlet_Comparison_RUN2.docx
Archive/Legacy/MASTER_PRODUCTION_PACKAGE 2/06_Penstock_Flow_Unit/PENSTOCK_Selection_RUN2.docx,research/topics/MASTER_PRODUCTION_PACKAGE 2/06_Penstock_Flow_Unit/PENSTOCK_Selection_RUN2.docx
Archive/Legacy/MASTER_PRODUCTION_PACKAGE 2/07_Turbine_Optimization_Unit/NOZZLE_Sweep_RUN2.docx,research/topics/MASTER_PRODUCTION_PACKAGE 2/07_Turbine_Optimization_Unit/NOZZLE_Sweep_RUN2.docx
Archive/Legacy/MASTER_PRODUCTION_PACKAGE 2/08_Electrical_Control_Unit/ELC_Inverter_Tuning_RUN2.docx,research/topics/MASTER_PRODUCTION_PACKAGE 2/08_Electrical_Control_Unit/ELC_Inverter_Tuning_RUN2.docx
Archive/Legacy/MASTER_PRODUCTION_PACKAGE 2/09_Intergrated_System_Modeling/INTEGRATED_RUN2.docx,research/topics/MASTER_PRODUCTION_PACKAGE 2/09_Intergrated_System_Modeling/INTEGRATED_RUN2.docx
Archive/Legacy/MASTER_PRODUCTION_PACKAGE 2/09_Intergrated_System_Modeling/System_Architecture.md.docx,research/topics/MASTER_PRODUCTION_PACKAGE 2/09_Intergrated_System_Modeling/System_Architecture.md.docx
Archive/Legacy/MASTER_PRODUCTION_PACKAGE 2/10_Design_VNext/01_Tank_Inlet_Hyperbolic/Engineering_Rationale_Hyperbolic_Inlet.docx,research/topics/MASTER_PRODUCTION_PACKAGE 2/10_Design_VNext/01_Tank_Inlet_Hyperbolic/Engineering_Rationale_Hyperbolic_Inlet.docx
Archive/Legacy/MASTER_PRODUCTION_PACKAGE 2/10_Design_VNext/01_Tank_Inlet_Hyperbolic/Hyberbolic_Inlet_Design.docx,research/topics/MASTER_PRODUCTION_PACKAGE 2/10_Design_VNext/01_Tank_Inlet_Hyperbolic/Hyberbolic_Inlet_Design.docx
Archive/Legacy/MASTER_PRODUCTION_PACKAGE 2/10_Design_VNext/01_Tank_Inlet_Hyperbolic/Hyperbolic_Inlet_Drawing.svg.docx,research/topics/MASTER_PRODUCTION_PACKAGE 2/10_Design_VNext/01_Tank_Inlet_Hyperbolic/Hyperbolic_Inlet_Drawing.svg.docx
Archive/Legacy/MASTER_PRODUCTION_PACKAGE 2/10_Design_VNext/02_Nozzle_9mm_PreSwirl/Engineering_Rational_Nozzle_9mm_.docx,research/topics/MASTER_PRODUCTION_PACKAGE 2/10_Design_VNext/02_Nozzle_9mm_PreSwirl/Engineering_Rational_Nozzle_9mm_.docx
Archive/Legacy/MASTER_PRODUCTION_PACKAGE 2/10_Design_VNext/02_Nozzle_9mm_PreSwirl/Nozzle_9mm_PreSwirl_Design.docx,research/topics/MASTER_PRODUCTION_PACKAGE 2/10_Design_VNext/02_Nozzle_9mm_PreSwirl/Nozzle_9mm_PreSwirl_Design.docx
Archive/Legacy/MASTER_PRODUCTION_PACKAGE 2/10_Design_VNext/02_Nozzle_9mm_PreSwirl/Nozzle_9mm_PreSwirl_Drawing.svg.docx,research/topics/MASTER_PRODUCTION_PACKAGE 2/10_Design_VNext/02_Nozzle_9mm_PreSwirl/Nozzle_9mm_PreSwirl_Drawing.svg.docx
Archive/Legacy/MASTER_PRODUCTION_PACKAGE 2/10_Design_VNext/MicroHydroV1_Design_vNext_Readout_Stages_A-D.docx,research/topics/MASTER_PRODUCTION_PACKAGE 2/10_Design_VNext/MicroHydroV1_Design_vNext_Readout_Stages_A-D.docx
Archive/Legacy/MASTER_PRODUCTION_PACKAGE 2/11_Bench_Test_Pack/Bench_Test_Results_Summary.docx,research/topics/MASTER_PRODUCTION_PACKAGE 2/11_Bench_Test_Pack/Bench_Test_Results_Summary.docx
Archive/Legacy/MASTER_PRODUCTION_PACKAGE 2/11_Bench_Test_Pack/Jet_Coherence_Test/Jet_Coherence_Imaging_Notes.docx,research/topics/MASTER_PRODUCTION_PACKAGE 2/11_Bench_Test_Pack/Jet_Coherence_Test/Jet_Coherence_Imaging_Notes.docx
Archive/Legacy/MASTER_PRODUCTION_PACKAGE 2/11_Bench_Test_Pack/Jet_Coherence_Test/Jet_Coherence_Procedure.docx,engineering/product/Releases/MicroHydroV1_Work/MasterIntegrated_Output/01_SharePoint_Libraries/MicroHydroV1 — SoT/MicroHydroV1/docs/Jet_Coherence_Procedure.docx
Archive/Legacy/MASTER_PRODUCTION_PACKAGE 2/11_Bench_Test_Pack/Tank_Ripple_Test/Tank_Ripple_Procedure.docx,engineering/product/Releases/MicroHydroV1_Work/MasterIntegrated_Output/01_SharePoint_Libraries/MicroHydroV1 — SoT/MicroHydroV1/docs/Tank_Ripple_Procedure.docx
Archive/Legacy/MASTER_PRODUCTION_PACKAGE 2/11_Bench_Test_Pack/Tank_Ripple_Test/Tank_Ripple_Sensor_Mounting.svg.docx,research/topics/MASTER_PRODUCTION_PACKAGE 2/11_Bench_Test_Pack/Tank_Ripple_Test/Tank_Ripple_Sensor_Mounting.svg.docx
Archive/Legacy/MASTER_PRODUCTION_PACKAGE 2/12_Patents/PATENT_PASSB_Full.docx,research/topics/MASTER_PRODUCTION_PACKAGE 2/12_Patents/PATENT_PASSB_Full.docx
Archive/Legacy/MASTER_PRODUCTION_PACKAGE 2/12_Patents/Schauberger_Summaries.docx,research/topics/MASTER_PRODUCTION_PACKAGE 2/12_Patents/Schauberger_Summaries.docx
Archive/Legacy/MASTER_PRODUCTION_PACKAGE 2/12_Patents/Tesla_Summaries.docx,research/topics/MASTER_PRODUCTION_PACKAGE 2/12_Patents/Tesla_Summaries.docx
Archive/Legacy/MASTER_PRODUCTION_PACKAGE 2/12_Patents/Winter_Summaries.docx,research/topics/MASTER_PRODUCTION_PACKAGE 2/12_Patents/Winter_Summaries.docx
Archive/Legacy/MASTER_PRODUCTION_PACKAGE 2/14_Reports/Design_vNext_Readout_FULL.docx,research/topics/MASTER_PRODUCTION_PACKAGE 2/14_Reports/Design_vNext_Readout_FULL.docx
Archive/Legacy/MASTER_PRODUCTION_PACKAGE 2/14_Reports/PASS_A_FULL.docx,research/topics/MASTER_PRODUCTION_PACKAGE 2/14_Reports/PASS_A_FULL.docx
Archive/Legacy/MASTER_PRODUCTION_PACKAGE 2/14_Reports/PASS_A_FULL_Populated_v2.docx,research/topics/MASTER_PRODUCTION_PACKAGE 2/14_Reports/PASS_A_FULL_Populated_v2.docx
Archive/Legacy/MASTER_PRODUCTION_PACKAGE 2/14_Reports/PASS_A_FULL_RevA.docx,engineering/product/Releases/MicroHydroV1_Work/MasterIntegrated_Output/01_SharePoint_Libraries/MicroHydroV1 — SoT/MicroHydroV1/docs/PASS_A_FULL_RevA.docx
Archive/Legacy/MASTER_PRODUCTION_PACKAGE 2/14_Reports/Program_Readout_Executive_Summary.docx,research/topics/MASTER_PRODUCTION_PACKAGE 2/14_Reports/Program_Readout_Executive_Summary.docx
Archive/Legacy/MASTER_PRODUCTION_PACKAGE 2/14_Reports/RUN2_Comapre_PhiWeights.docx,research/topics/MASTER_PRODUCTION_PACKAGE 2/14_Reports/RUN2_Comapre_PhiWeights.docx
Archive/Legacy/MASTER_PRODUCTION_PACKAGE 2/14_Reports/RUN2_Summary.docx,research/topics/MASTER_PRODUCTION_PACKAGE 2/14_Reports/RUN2_Summary.docx
Archive/Legacy/MASTER_PRODUCTION_PACKAGE 2/14_Reports/StageB_TestPlan.txt,research/topics/MASTER_PRODUCTION_PACKAGE 2/14_Reports/StageB_TestPlan.txt
Archive/Legacy/MASTER_PRODUCTION_PACKAGE 2/Import_Config.json,engineering/product/Releases/MicroHydroV1_Work/MasterIntegrated_Output/01_SharePoint_Libraries/MicroHydroV1 — SoT/MicroHydroV1/automation/Import_Config.json
Archive/Legacy/MASTER_PRODUCTION_PACKAGE 2/MASTER_PASS_A_Document.docx,research/topics/MASTER_PRODUCTION_PACKAGE 2/MASTER_PASS_A_Document.docx
Archive/Legacy/MASTER_PRODUCTION_PACKAGE 2/Master_Index.docx,engineering/product/Releases/MicroHydroV1_Work/MasterIntegrated_Output/01_SharePoint_Libraries/MicroHydroV1 — SoT/MicroHydroV1/docs/Master_Index.docx
Archive/Legacy/MASTER_PRODUCTION_PACKAGE 2/MicroHydroV1_/01_CAD/macros/build_all.FCMacro,engineering/cad/MicroHydroV1_CAD Archive/MicroHydroV1_CAD (1)old/MacroSuiteFull/build_all.FCMacro
Archive/Legacy/MASTER_PRODUCTION_PACKAGE 2/MicroHydroV1_/01_CAD/macros/build_assembly.FCMacro,engineering/product/Releases/MicroHydroV1_Work/MasterIntegrated_Output/01_SharePoint_Libraries/MicroHydroV1 — SoT/MicroHydroV1/cad/macros/Assembly/build_assembly.FCMacro
Archive/Legacy/MASTER_PRODUCTION_PACKAGE 2/MicroHydroV1_/01_CAD/macros/build_diffuser.FCMacro,engineering/cad/MicroHydroV1_CAD Archive/MicroHydroV1_CAD/01_Diffuser/build_diffuser.FCMacro
Archive/Legacy/MASTER_PRODUCTION_PACKAGE 2/MicroHydroV1_/01_CAD/macros/build_nozzle.FCMacro,engineering/product/Releases/MicroHydroV1_Work/MasterIntegrated_Output/01_SharePoint_Libraries/MicroHydroV1 — SoT/MicroHydroV1/cad/macros/02_Nozzle/build_nozzle.FCMacro
Archive/Legacy/MASTER_PRODUCTION_PACKAGE 2/MicroHydroV1_/01_CAD/macros/build_retainer.FCMacro,engineering/product/Releases/MicroHydroV1_Work/MasterIntegrated_Output/01_SharePoint_Libraries/MicroHydroV1 — SoT/MicroHydroV1/cad/macros/04_Retainer/build_retainer.FCMacro
Archive/Legacy/MASTER_PRODUCTION_PACKAGE 2/MicroHydroV1_/01_CAD/macros/build_vanepacks.FCMacro,engineering/product/Releases/MicroHydroV1_Work/MasterIntegrated_Output/01_SharePoint_Libraries/MicroHydroV1 — SoT/MicroHydroV1/cad/macros/03_VanePacks/build_vanepacks.FCMacro
Archive/Legacy/MASTER_PRODUCTION_PACKAGE 2/MicroHydroV1_/01_CAD/macros/export_batch.FCMacro,engineering/product/Releases/MicroHydroV1_Work/MasterIntegrated_Output/01_SharePoint_Libraries/MicroHydroV1 — SoT/MicroHydroV1/cad/macros/scripts/export_batch.FCMacro
Archive/Legacy/MASTER_PRODUCTION_PACKAGE 2/MicroHydroV1_/01_CAD/params/params.json,engineering/cad/MicroHydroV1_CAD Archive/MicroHydroV1_CAD/params.json
Archive/Legacy/MASTER_PRODUCTION_PACKAGE 2/MicroHydroV1_/07_Docs/Documentation/GoNoGo_Packet.docx,engineering/cad/MicroHydroV1_CAD Archive/MicroHydroV1_Full_Package/GoNoGo_Packet.docx
Archive/Legacy/MASTER_PRODUCTION_PACKAGE 2/MicroHydroV1_/07_Docs/Documentation/Go_NoGo_Packet.docx,engineering/cad/MicroHydroV1_CAD Archive/MicroHydroV1_FULL_Workspace/Master_Package/Go_NoGo_Packet.docx
Archive/Legacy/MASTER_PRODUCTION_PACKAGE 2/MicroHydroV1_/07_Docs/Documentation/MicroHydroV1_Master.docx,engineering/cad/MicroHydroV1_CAD Archive/MicroHydroV1_FULL_Workspace/Master_Package/MicroHydroV1_Master.docx
Archive/Legacy/MASTER_PRODUCTION_PACKAGE 2/MicroHydroV1_/07_Docs/Documentation/README.txt,engineering/cad/MicroHydroV1_CAD Archive/MicroHydroV1_FullUpgrade_All/TankTests/T001/README.txt
Archive/Legacy/MASTER_PRODUCTION_PACKAGE 2/MicroHydroV1_/07_Docs/Documentation/STW_vNext_Matrix.docx,engineering/cad/MicroHydroV1_CAD Archive/MicroHydroV1_Full_Package/STW_vNext_Matrix.docx
Archive/Legacy/MASTER_PRODUCTION_PACKAGE 2/MicroHydroV1_/07_Docs/Documentation/Stakeholder_vNext.pptx,engineering/cad/MicroHydroV1_CAD Archive/MicroHydroV1_Full_Package/Stakeholder_vNext.pptx
Archive/Legacy/MASTER_PRODUCTION_PACKAGE 2/MicroHydroV1_/08_Installers/InitGui.py,engineering/cad/MicroHydroV1_CAD Archive/MicroHydroV1_CAD/MicroHydroV1_InModule_Installer/InitGui.py
Archive/Legacy/MASTER_PRODUCTION_PACKAGE 2/MicroHydroV1_/08_Installers/Install_MicroHydroV1_InModule.command,engineering/cad/MicroHydroV1_CAD Archive/MicroHydroV1_CAD/MicroHydroV1_InModule_Installer/Install_MicroHydroV1_InModule.command
Archive/Legacy/MASTER_PRODUCTION_PACKAGE 2/MicroHydroV1_/08_Installers/README.md,engineering/cad/MicroHydroV1_CAD Archive/MicroHydroV1_CAD/MicroHydroV1_InModule_Installer/README.md
Archive/Legacy/MASTER_PRODUCTION_PACKAGE 2/MicroHydroV1_/manifest.json,archive/legacy/implementation-misc/MICRO HYDRO - OLD/RnD/MASTER_PRODUCTION_PACKAGE 2/MicroHydroV1_/manifest.json
Archive/Legacy/MASTER_PRODUCTION_PACKAGE 2/README.md.docx,research/topics/MASTER_PRODUCTION_PACKAGE 2/README.md.docx
Archive/Legacy/MASTER_PRODUCTION_PACKAGE 2/README_IMPORT.md,research/topics/MASTER_PRODUCTION_PACKAGE 2/README_IMPORT.md
Archive/Legacy/MASTER_PRODUCTION_PACKAGE 2/Refinement_Prompts.docx,research/topics/MASTER_PRODUCTION_PACKAGE 2/Refinement_Prompts.docx
Archive/Legacy/MASTER_PRODUCTION_PACKAGE 2/Run_of_Show_Checklist.docx,engineering/product/Releases/MicroHydroV1_Work/MasterIntegrated_Output/01_SharePoint_Libraries/MicroHydroV1 — SoT/MicroHydroV1/docs/Run_of_Show_Checklist.docx
Archive/Legacy/MASTER_PRODUCTION_PACKAGE 2/Stakeholder_Presentation.pptx,research/topics/MASTER_PRODUCTION_PACKAGE 2/Stakeholder_Presentation.pptx
Archive/Legacy/MASTER_PRODUCTION_PACKAGE 2/Test_Campaign_Plan.docx,engineering/product/Releases/MicroHydroV1_Work/MasterIntegrated_Output/01_SharePoint_Libraries/MicroHydroV1 — SoT/MicroHydroV1/docs/Test_Campaign_Plan.docx
Archive/Legacy/MASTER_PRODUCTION_PACKAGE 2/build_all.FCMacro.docx,research/topics/RnD_Additional/build_all.FCMacro.docx
Archive/Legacy/MASTER_PRODUCTION_PACKAGE 2/import_measurements.py,research/topics/MASTER_PRODUCTION_PACKAGE 2/import_measurements.py
Archive/Legacy/MASTER_PRODUCTION_PACKAGE 2/index.html.docx,research/topics/MASTER_PRODUCTION_PACKAGE 2/index.html.docx
Archive/Legacy/MASTER_PRODUCTION_PACKAGE 2/params.json,engineering/product/Releases/MicroHydroV1_Work/MasterIntegrated_Output/01_SharePoint_Libraries/MicroHydroV1 — SoT/MicroHydroV1/cad/params/params.json
Archive/Legacy/MICRO HYDRO NEW/Contents/Info.plist,archive/legacy/implementation-misc/Contents/Info.plist
Archive/Legacy/MICRO HYDRO NEW/Contents/MacOS/Install_MicroHydroV1,archive/legacy/implementation-misc/Contents/MacOS/Install_MicroHydroV1
Archive/Legacy/MICRO HYDRO NEW/Install_MicroHydroV1.command,archive/legacy/implementation-misc/Install_MicroHydroV1.command
Archive/Legacy/MICRO HYDRO NEW/Install_MicroHydroV1.sh,archive/legacy/implementation-misc/Install_MicroHydroV1.sh
Archive/Legacy/MICRO HYDRO NEW/MICRO HYDRO - OLD.zip,archive/legacy/implementation-misc/MICRO HYDRO - OLD.zip
Archive/Legacy/MICRO HYDRO NEW/MICRO HYDRO NEW.zip,archive/legacy/implementation-misc/MICRO HYDRO NEW.zip
Archive/Legacy/MICRO HYDRO NEW/MicroHydroV1/.github/workflows/validate.yml,engineering/microhydro-v1/.github/workflows/validate.yml
Archive/Legacy/MICRO HYDRO NEW/MicroHydroV1/.gitignore,engineering/microhydro-v1/.gitignore
Archive/Legacy/MICRO HYDRO NEW/MicroHydroV1_ASAP_Timeline (1).xlsx,archive/legacy/implementation-misc/MicroHydroV1_ASAP_Timeline (1).xlsx
Archive/Legacy/MICRO HYDRO NEW/MicroHydroV1_Bench_Tech_Checklist.pdf,archive/legacy/implementation-misc/MicroHydroV1_Bench_Tech_Checklist.pdf
Archive/Legacy/MICRO HYDRO NEW/MicroHydroV1_GoNoGo_ASAP_Draft (1).docx,archive/legacy/implementation-misc/MicroHydroV1_GoNoGo_ASAP_Draft (1).docx
Archive/Legacy/MICRO HYDRO NEW/MicroHydroV1_GoNoGo_ASAP_Draft.docx,archive/legacy/implementation-misc/MicroHydroV1_GoNoGo_ASAP_Draft.docx
Archive/Legacy/MICRO HYDRO NEW/MicroHydroV1_InitGui_PATCH.zip,archive/legacy/implementation-misc/MicroHydroV1_InitGui_PATCH.zip
Archive/Legacy/MICRO HYDRO NEW/MicroHydroV1_Integrated_Organized_Tree.zip,archive/legacy/implementation-misc/MicroHydroV1_Integrated_Organized_Tree.zip
Archive/Legacy/MICRO HYDRO NEW/MicroHydroV1_MasterIntegrated_Output.zip,archive/legacy/implementation-misc/MicroHydroV1_MasterIntegrated_Output.zip
Archive/Legacy/MICRO HYDRO NEW/MicroHydroV1_MasterIntegrator_Toolkit (1).zip,archive/legacy/implementation-misc/MicroHydroV1_MasterIntegrator_Toolkit (1).zip
Archive/Legacy/MICRO HYDRO NEW/MicroHydroV1_Shapr3D_Import.zip,archive/legacy/implementation-misc/MicroHydroV1_Shapr3D_Import.zip
Archive/Legacy/MICRO HYDRO NEW/MicroHydroV1_Shapr3D_ReferenceModel.zip,archive/legacy/implementation-misc/MicroHydroV1_Shapr3D_ReferenceModel.zip
Archive/Legacy/MICRO HYDRO NEW/MicroHydroV1_SharePoint_Version_Control_Configuration_Guide_v1.0.docx,engineering/product/Releases/MicroHydroV1 — Releases/MicroHydroV1_SharePoint_Version_Control_Configuration_Guide_v1.0 (1).docx
Archive/Legacy/MICRO HYDRO NEW/MicroHydroV1_repo_skeleton.zip,archive/legacy/implementation-misc/MicroHydroV1_repo_skeleton.zip
Archive/Legacy/MICRO HYDRO NEW/Microsoft Copilot Chat Files.zip,archive/legacy/implementation-misc/Microsoft Copilot Chat Files.zip
Archive/Legacy/MICRO HYDRO NEW/STW_vNext_Matrix_Filled.xlsx,archive/legacy/implementation-misc/STW_vNext_Matrix_Filled.xlsx
Archive/Legacy/MICRO HYDRO NEW/mhv1_oneclick_pipeline.command,archive/legacy/implementation-misc/mhv1_oneclick_pipeline.command
Archive/Legacy/MICRO HYDRO NEW/mhv1_pipeline.py,archive/legacy/implementation-misc/mhv1_pipeline.py
Archive/Legacy/zipppittt/MICRO HYDRO.zip,archive/legacy/implementation-misc/MICRO HYDRO - OLD/RnD/zipppittt/MICRO HYDRO.zip
Archive/Legacy/zipppittt/MICRO_HYDRO_Enterprise_Package_2026-01-21_Rebuild/00_Manifest/manifest.json,archive/legacy/implementation-misc/MICRO HYDRO - OLD/RnD/zipppittt/MICRO_HYDRO_Enterprise_Package_2026-01-21_Rebuild/00_Manifest/manifest.json
Archive/Legacy/zipppittt/MICRO_HYDRO_Enterprise_Package_2026-01-21_Rebuild/07_Source_Archive/MICRO HYDRO.zip,archive/legacy/implementation-misc/MICRO HYDRO - OLD/RnD/zipppittt/MICRO_HYDRO_Enterprise_Package_2026-01-21_Rebuild/07_Source_Archive/MICRO HYDRO.zip
Archive/Legacy/zipppittt/MICRO_HYDRO_Enterprise_Package_2026-01-21_Rebuild.zip,archive/legacy/implementation-misc/MICRO HYDRO - OLD/RnD/zipppittt/MICRO_HYDRO_Enterprise_Package_2026-01-21_Rebuild.zip
Archive/Legacy/zipppittt/MicroHydroV1_ReorgToolkit.zip,archive/legacy/implementation-misc/MICRO HYDRO - OLD/RnD/zipppittt/MicroHydroV1_ReorgToolkit.zip
Archive/Legacy/MASTER_PRODUCTION_PACKAGE/Contents/Info.plist,archive/legacy/implementation-misc/Contents/Info.plist
Archive/Legacy/MASTER_PRODUCTION_PACKAGE/Contents/MacOS/Install_MicroHydroV1,archive/legacy/implementation-misc/Contents/MacOS/Install_MicroHydroV1
Archive/Legacy/MASTER_PRODUCTION_PACKAGE/Contents 2/Info.plist,archive/legacy/implementation-misc/Contents/Info.plist
Archive/Legacy/MASTER_PRODUCTION_PACKAGE/Contents 2/MacOS/Install_MicroHydroV1,archive/legacy/implementation-misc/Contents/MacOS/Install_MicroHydroV1
Archive/Legacy/MASTER_PRODUCTION_PACKAGE/Install_MicroHydroV1_AppBundle.zip,archive/legacy/implementation-misc/MICRO HYDRO - OLD/RnD/MASTER_PRODUCTION_PACKAGE/Install_MicroHydroV1_AppBundle.zip
Archive/Legacy/MASTER_PRODUCTION_PACKAGE/MASTER_PRODUCTION_PACKAGE/02_Targeted_Design_RnD/Requirements_Traceabillity.docx,research/topics/MASTER_PRODUCTION_PACKAGE 2/02_Targeted_Design_RnD/Requirements_Traceabillity.docx
Archive/Legacy/MASTER_PRODUCTION_PACKAGE/MASTER_PRODUCTION_PACKAGE/02_Targeted_Design_RnD/STW_Design_Matrix_PASSB.docx,research/topics/MASTER_PRODUCTION_PACKAGE 2/02_Targeted_Design_RnD/STW_Design_Matrix_PASSB.docx
Archive/Legacy/MASTER_PRODUCTION_PACKAGE/MASTER_PRODUCTION_PACKAGE/02_Targeted_Design_RnD/STW_Design_vNext.docx,research/topics/MASTER_PRODUCTION_PACKAGE 2/02_Targeted_Design_RnD/STW_Design_vNext.docx
Archive/Legacy/MASTER_PRODUCTION_PACKAGE/MASTER_PRODUCTION_PACKAGE/04_Hydram_Research_Unit/HYDRAM_RUN2_Overview.docx,research/topics/MASTER_PRODUCTION_PACKAGE 2/04_Hydram_Research_Unit/HYDRAM_RUN2_Overview.docx
Archive/Legacy/MASTER_PRODUCTION_PACKAGE/MASTER_PRODUCTION_PACKAGE/04_Hydram_Research_Unit/TANK_Ripple_Model.xlsx,research/topics/MASTER_PRODUCTION_PACKAGE 2/04_Hydram_Research_Unit/TANK_Ripple_Model.xlsx
Archive/Legacy/MASTER_PRODUCTION_PACKAGE/MASTER_PRODUCTION_PACKAGE/05_Tank_Hydraulics_Unit/MicroHydroV1_Bench_Test_Tracker.xlsx,research/topics/MASTER_PRODUCTION_PACKAGE 2/05_Tank_Hydraulics_Unit/MicroHydroV1_Bench_Test_Tracker.xlsx
Archive/Legacy/MASTER_PRODUCTION_PACKAGE/MASTER_PRODUCTION_PACKAGE/05_Tank_Hydraulics_Unit/TANK_Inlet_Comparison_RUN2.docx,research/topics/MASTER_PRODUCTION_PACKAGE 2/05_Tank_Hydraulics_Unit/TANK_Inlet_Comparison_RUN2.docx
Archive/Legacy/MASTER_PRODUCTION_PACKAGE/MASTER_PRODUCTION_PACKAGE/05_Tank_Hydraulics_Unit/TANK_Ripple_Model.xlsx,research/topics/MASTER_PRODUCTION_PACKAGE 2/05_Tank_Hydraulics_Unit/TANK_Ripple_Model.xlsx
Archive/Legacy/MASTER_PRODUCTION_PACKAGE/MASTER_PRODUCTION_PACKAGE/06_Penstock_Flow_Unit/PENSTOCK_FLOW_DATA.xlsx,research/topics/MASTER_PRODUCTION_PACKAGE 2/06_Penstock_Flow_Unit/PENSTOCK_FLOW_DATA.xlsx
Archive/Legacy/MASTER_PRODUCTION_PACKAGE/MASTER_PRODUCTION_PACKAGE/06_Penstock_Flow_Unit/PENSTOCK_Selection_RUN2.docx,research/topics/MASTER_PRODUCTION_PACKAGE 2/06_Penstock_Flow_Unit/PENSTOCK_Selection_RUN2.docx
Archive/Legacy/MASTER_PRODUCTION_PACKAGE/MASTER_PRODUCTION_PACKAGE/07_Turbine_Optimization_Unit/NOZZLE_DATA_RUN2.xlsx,research/topics/MASTER_PRODUCTION_PACKAGE 2/07_Turbine_Optimization_Unit/NOZZLE_DATA_RUN2.xlsx
Archive/Legacy/MASTER_PRODUCTION_PACKAGE/MASTER_PRODUCTION_PACKAGE/07_Turbine_Optimization_Unit/NOZZLE_Sweep_RUN2.docx,research/topics/MASTER_PRODUCTION_PACKAGE 2/07_Turbine_Optimization_Unit/NOZZLE_Sweep_RUN2.docx
Archive/Legacy/MASTER_PRODUCTION_PACKAGE/MASTER_PRODUCTION_PACKAGE/08_Electrical_Control_Unit/ELC_Frequency_Response.xlsx,research/topics/MASTER_PRODUCTION_PACKAGE 2/08_Electrical_Control_Unit/ELC_Frequency_Response.xlsx
Archive/Legacy/MASTER_PRODUCTION_PACKAGE/MASTER_PRODUCTION_PACKAGE/08_Electrical_Control_Unit/ELC_Inverter_Tuning_RUN2.docx,research/topics/MASTER_PRODUCTION_PACKAGE 2/08_Electrical_Control_Unit/ELC_Inverter_Tuning_RUN2.docx
Archive/Legacy/MASTER_PRODUCTION_PACKAGE/MASTER_PRODUCTION_PACKAGE/09_Intergrated_System_Modeling/INTEGRATED_RUN2.docx,research/topics/MASTER_PRODUCTION_PACKAGE 2/09_Intergrated_System_Modeling/INTEGRATED_RUN2.docx
Archive/Legacy/MASTER_PRODUCTION_PACKAGE/MASTER_PRODUCTION_PACKAGE/09_Intergrated_System_Modeling/INTEGRATED_RUN2_Data.xlsx,research/topics/MASTER_PRODUCTION_PACKAGE 2/09_Intergrated_System_Modeling/INTEGRATED_RUN2_Data.xlsx
Archive/Legacy/MASTER_PRODUCTION_PACKAGE/MASTER_PRODUCTION_PACKAGE/09_Intergrated_System_Modeling/System_Architecture.md.docx,research/topics/MASTER_PRODUCTION_PACKAGE 2/09_Intergrated_System_Modeling/System_Architecture.md.docx
Archive/Legacy/MASTER_PRODUCTION_PACKAGE/MASTER_PRODUCTION_PACKAGE/10_Design_VNext/01_Tank_Inlet_Hyperbolic/Engineering_Rationale_Hyperbolic_Inlet.docx,research/topics/MASTER_PRODUCTION_PACKAGE 2/10_Design_VNext/01_Tank_Inlet_Hyperbolic/Engineering_Rationale_Hyperbolic_Inlet.docx
Archive/Legacy/MASTER_PRODUCTION_PACKAGE/MASTER_PRODUCTION_PACKAGE/10_Design_VNext/01_Tank_Inlet_Hyperbolic/Hyberbolic_Inlet_Design.docx,research/topics/MASTER_PRODUCTION_PACKAGE 2/10_Design_VNext/01_Tank_Inlet_Hyperbolic/Hyberbolic_Inlet_Design.docx
Archive/Legacy/MASTER_PRODUCTION_PACKAGE/MASTER_PRODUCTION_PACKAGE/10_Design_VNext/01_Tank_Inlet_Hyperbolic/Hyperbolic_Inlet_BOM.xlsx,research/topics/MASTER_PRODUCTION_PACKAGE 2/10_Design_VNext/01_Tank_Inlet_Hyperbolic/Hyperbolic_Inlet_BOM.xlsx
Archive/Legacy/MASTER_PRODUCTION_PACKAGE/MASTER_PRODUCTION_PACKAGE/10_Design_VNext/01_Tank_Inlet_Hyperbolic/Hyperbolic_Inlet_Drawing.svg.docx,research/topics/MASTER_PRODUCTION_PACKAGE 2/10_Design_VNext/01_Tank_Inlet_Hyperbolic/Hyperbolic_Inlet_Drawing.svg.docx
Archive/Legacy/MASTER_PRODUCTION_PACKAGE/MASTER_PRODUCTION_PACKAGE/10_Design_VNext/02_Nozzle_9mm_PreSwirl/Engineering_Rational_Nozzle_9mm_.docx,research/topics/MASTER_PRODUCTION_PACKAGE 2/10_Design_VNext/02_Nozzle_9mm_PreSwirl/Engineering_Rational_Nozzle_9mm_.docx
Archive/Legacy/MASTER_PRODUCTION_PACKAGE/MASTER_PRODUCTION_PACKAGE/10_Design_VNext/02_Nozzle_9mm_PreSwirl/Nozzle_9mm_PreSwirl_Design.docx,research/topics/MASTER_PRODUCTION_PACKAGE 2/10_Design_VNext/02_Nozzle_9mm_PreSwirl/Nozzle_9mm_PreSwirl_Design.docx
Archive/Legacy/MASTER_PRODUCTION_PACKAGE/MASTER_PRODUCTION_PACKAGE/10_Design_VNext/02_Nozzle_9mm_PreSwirl/Nozzle_9mm_PreSwirl_Drawing.svg.docx,research/topics/MASTER_PRODUCTION_PACKAGE 2/10_Design_VNext/02_Nozzle_9mm_PreSwirl/Nozzle_9mm_PreSwirl_Drawing.svg.docx
Archive/Legacy/MASTER_PRODUCTION_PACKAGE/MASTER_PRODUCTION_PACKAGE/10_Design_VNext/02_Nozzle_9mm_PreSwirl/Nozzle_PreSwirl_BOM.xlsx,research/topics/MASTER_PRODUCTION_PACKAGE 2/10_Design_VNext/02_Nozzle_9mm_PreSwirl/Nozzle_PreSwirl_BOM.xlsx
Archive/Legacy/MASTER_PRODUCTION_PACKAGE/MASTER_PRODUCTION_PACKAGE/10_Design_VNext/MicroHydroV1_Design_vNext_Readout_Stages_A-D.docx,research/topics/MASTER_PRODUCTION_PACKAGE 2/10_Design_VNext/MicroHydroV1_Design_vNext_Readout_Stages_A-D.docx
Archive/Legacy/MASTER_PRODUCTION_PACKAGE/MASTER_PRODUCTION_PACKAGE/11_Bench_Test_Pack/Bench_Test_Results_Summary.docx,research/topics/MASTER_PRODUCTION_PACKAGE 2/11_Bench_Test_Pack/Bench_Test_Results_Summary.docx
Archive/Legacy/MASTER_PRODUCTION_PACKAGE/MASTER_PRODUCTION_PACKAGE/11_Bench_Test_Pack/Bench_Test_Tracker.xlsx,research/topics/MASTER_PRODUCTION_PACKAGE 2/11_Bench_Test_Pack/Bench_Test_Tracker.xlsx
Archive/Legacy/MASTER_PRODUCTION_PACKAGE/MASTER_PRODUCTION_PACKAGE/11_Bench_Test_Pack/Jet_Coherence_Test/Jet_Coherence_Datasheet.xlsx,research/topics/MASTER_PRODUCTION_PACKAGE 2/11_Bench_Test_Pack/Jet_Coherence_Test/Jet_Coherence_Datasheet.xlsx
Archive/Legacy/MASTER_PRODUCTION_PACKAGE/MASTER_PRODUCTION_PACKAGE/11_Bench_Test_Pack/Jet_Coherence_Test/Jet_Coherence_Imaging_Notes.docx,research/topics/MASTER_PRODUCTION_PACKAGE 2/11_Bench_Test_Pack/Jet_Coherence_Test/Jet_Coherence_Imaging_Notes.docx
Archive/Legacy/MASTER_PRODUCTION_PACKAGE/MASTER_PRODUCTION_PACKAGE/11_Bench_Test_Pack/Jet_Coherence_Test/Jet_Coherence_Procedure.docx,engineering/product/Releases/MicroHydroV1_Work/MasterIntegrated_Output/01_SharePoint_Libraries/MicroHydroV1 — SoT/MicroHydroV1/docs/Jet_Coherence_Procedure.docx
Archive/Legacy/MASTER_PRODUCTION_PACKAGE/MASTER_PRODUCTION_PACKAGE/11_Bench_Test_Pack/Results_Intake_Template.xlsx,research/topics/MASTER_PRODUCTION_PACKAGE 2/11_Bench_Test_Pack/Results_Intake_Template.xlsx
Archive/Legacy/MASTER_PRODUCTION_PACKAGE/MASTER_PRODUCTION_PACKAGE/11_Bench_Test_Pack/Tank_Ripple_Test/Tank_Ripple_Datasheet.xlsx,research/topics/MASTER_PRODUCTION_PACKAGE 2/11_Bench_Test_Pack/Tank_Ripple_Test/Tank_Ripple_Datasheet.xlsx
Archive/Legacy/MASTER_PRODUCTION_PACKAGE/MASTER_PRODUCTION_PACKAGE/11_Bench_Test_Pack/Tank_Ripple_Test/Tank_Ripple_Procedure.docx,engineering/product/Releases/MicroHydroV1_Work/MasterIntegrated_Output/01_SharePoint_Libraries/MicroHydroV1 — SoT/MicroHydroV1/docs/Tank_Ripple_Procedure.docx
Archive/Legacy/MASTER_PRODUCTION_PACKAGE/MASTER_PRODUCTION_PACKAGE/11_Bench_Test_Pack/Tank_Ripple_Test/Tank_Ripple_Sensor_Mounting.svg.docx,research/topics/MASTER_PRODUCTION_PACKAGE 2/11_Bench_Test_Pack/Tank_Ripple_Test/Tank_Ripple_Sensor_Mounting.svg.docx
Archive/Legacy/MASTER_PRODUCTION_PACKAGE/MASTER_PRODUCTION_PACKAGE/12_Patents/PATENT_PASSB_Full.docx,research/topics/MASTER_PRODUCTION_PACKAGE 2/12_Patents/PATENT_PASSB_Full.docx
Archive/Legacy/MASTER_PRODUCTION_PACKAGE/MASTER_PRODUCTION_PACKAGE/12_Patents/Patent_Index.xlsx,research/topics/MASTER_PRODUCTION_PACKAGE 2/12_Patents/Patent_Index.xlsx
Archive/Legacy/MASTER_PRODUCTION_PACKAGE/MASTER_PRODUCTION_PACKAGE/12_Patents/Schauberger_Summaries.docx,research/topics/MASTER_PRODUCTION_PACKAGE 2/12_Patents/Schauberger_Summaries.docx
Archive/Legacy/MASTER_PRODUCTION_PACKAGE/MASTER_PRODUCTION_PACKAGE/12_Patents/Tesla_Summaries.docx,research/topics/MASTER_PRODUCTION_PACKAGE 2/12_Patents/Tesla_Summaries.docx
Archive/Legacy/MASTER_PRODUCTION_PACKAGE/MASTER_PRODUCTION_PACKAGE/12_Patents/Winter_Summaries.docx,research/topics/MASTER_PRODUCTION_PACKAGE 2/12_Patents/Winter_Summaries.docx
Archive/Legacy/MASTER_PRODUCTION_PACKAGE/MASTER_PRODUCTION_PACKAGE/14_Reports/Design_vNext_Readout_FULL.docx,research/topics/MASTER_PRODUCTION_PACKAGE 2/14_Reports/Design_vNext_Readout_FULL.docx
Archive/Legacy/MASTER_PRODUCTION_PACKAGE/MASTER_PRODUCTION_PACKAGE/14_Reports/PASS_A_FULL.docx,research/topics/MASTER_PRODUCTION_PACKAGE 2/14_Reports/PASS_A_FULL.docx
Archive/Legacy/MASTER_PRODUCTION_PACKAGE/MASTER_PRODUCTION_PACKAGE/14_Reports/PASS_A_FULL_Populated_v2.docx,research/topics/MASTER_PRODUCTION_PACKAGE 2/14_Reports/PASS_A_FULL_Populated_v2.docx
Archive/Legacy/MASTER_PRODUCTION_PACKAGE/MASTER_PRODUCTION_PACKAGE/14_Reports/PASS_A_FULL_RevA.docx,engineering/product/Releases/MicroHydroV1_Work/MasterIntegrated_Output/01_SharePoint_Libraries/MicroHydroV1 — SoT/MicroHydroV1/docs/PASS_A_FULL_RevA.docx
Archive/Legacy/MASTER_PRODUCTION_PACKAGE/MASTER_PRODUCTION_PACKAGE/14_Reports/Program_Readout_Executive_Summary.docx,research/topics/MASTER_PRODUCTION_PACKAGE 2/14_Reports/Program_Readout_Executive_Summary.docx
Archive/Legacy/MASTER_PRODUCTION_PACKAGE/MASTER_PRODUCTION_PACKAGE/14_Reports/RUN2_Comapre_PhiWeights.docx,research/topics/MASTER_PRODUCTION_PACKAGE 2/14_Reports/RUN2_Comapre_PhiWeights.docx
Archive/Legacy/MASTER_PRODUCTION_PACKAGE/MASTER_PRODUCTION_PACKAGE/14_Reports/RUN2_Summary.docx,research/topics/MASTER_PRODUCTION_PACKAGE 2/14_Reports/RUN2_Summary.docx
Archive/Legacy/MASTER_PRODUCTION_PACKAGE/MASTER_PRODUCTION_PACKAGE/14_Reports/StageB_TestPlan.txt,research/topics/MASTER_PRODUCTION_PACKAGE 2/14_Reports/StageB_TestPlan.txt
Archive/Legacy/MASTER_PRODUCTION_PACKAGE/MASTER_PRODUCTION_PACKAGE/Import_Config.json,engineering/product/Releases/MicroHydroV1_Work/MasterIntegrated_Output/01_SharePoint_Libraries/MicroHydroV1 — SoT/MicroHydroV1/automation/Import_Config.json
Archive/Legacy/MASTER_PRODUCTION_PACKAGE/MASTER_PRODUCTION_PACKAGE/MASTER_PASS_A_Document.docx,research/topics/MASTER_PRODUCTION_PACKAGE 2/MASTER_PASS_A_Document.docx
Archive/Legacy/MASTER_PRODUCTION_PACKAGE/MASTER_PRODUCTION_PACKAGE/Master_Index.docx,engineering/product/Releases/MicroHydroV1_Work/MasterIntegrated_Output/01_SharePoint_Libraries/MicroHydroV1 — SoT/MicroHydroV1/docs/Master_Index.docx
Archive/Legacy/MASTER_PRODUCTION_PACKAGE/MASTER_PRODUCTION_PACKAGE/Measurements_Import_Template.csv,engineering/microhydro-v1-sot/MicroHydroV1/automation/Measurements_Import_Template.csv
Archive/Legacy/MASTER_PRODUCTION_PACKAGE/MASTER_PRODUCTION_PACKAGE/MicroHydroV1_/01_CAD/macros/build_all.FCMacro,engineering/cad/MicroHydroV1_CAD Archive/MicroHydroV1_CAD (1)old/MacroSuiteFull/build_all.FCMacro
Archive/Legacy/MASTER_PRODUCTION_PACKAGE/MASTER_PRODUCTION_PACKAGE/MicroHydroV1_/01_CAD/macros/build_assembly.FCMacro,engineering/product/Releases/MicroHydroV1_Work/MasterIntegrated_Output/01_SharePoint_Libraries/MicroHydroV1 — SoT/MicroHydroV1/cad/macros/Assembly/build_assembly.FCMacro
Archive/Legacy/MASTER_PRODUCTION_PACKAGE/MASTER_PRODUCTION_PACKAGE/MicroHydroV1_/01_CAD/macros/build_diffuser.FCMacro,engineering/cad/MicroHydroV1_CAD Archive/MicroHydroV1_CAD/01_Diffuser/build_diffuser.FCMacro
Archive/Legacy/MASTER_PRODUCTION_PACKAGE/MASTER_PRODUCTION_PACKAGE/MicroHydroV1_/01_CAD/macros/build_nozzle.FCMacro,engineering/product/Releases/MicroHydroV1_Work/MasterIntegrated_Output/01_SharePoint_Libraries/MicroHydroV1 — SoT/MicroHydroV1/cad/macros/02_Nozzle/build_nozzle.FCMacro
Archive/Legacy/MASTER_PRODUCTION_PACKAGE/MASTER_PRODUCTION_PACKAGE/MicroHydroV1_/01_CAD/macros/build_retainer.FCMacro,engineering/product/Releases/MicroHydroV1_Work/MasterIntegrated_Output/01_SharePoint_Libraries/MicroHydroV1 — SoT/MicroHydroV1/cad/macros/04_Retainer/build_retainer.FCMacro
Archive/Legacy/MASTER_PRODUCTION_PACKAGE/MASTER_PRODUCTION_PACKAGE/MicroHydroV1_/01_CAD/macros/build_vanepacks.FCMacro,engineering/product/Releases/MicroHydroV1_Work/MasterIntegrated_Output/01_SharePoint_Libraries/MicroHydroV1 — SoT/MicroHydroV1/cad/macros/03_VanePacks/build_vanepacks.FCMacro
Archive/Legacy/MASTER_PRODUCTION_PACKAGE/MASTER_PRODUCTION_PACKAGE/MicroHydroV1_/01_CAD/macros/export_batch.FCMacro,engineering/product/Releases/MicroHydroV1_Work/MasterIntegrated_Output/01_SharePoint_Libraries/MicroHydroV1 — SoT/MicroHydroV1/cad/macros/scripts/export_batch.FCMacro
Archive/Legacy/MASTER_PRODUCTION_PACKAGE/MASTER_PRODUCTION_PACKAGE/MicroHydroV1_/01_CAD/params/params.json,engineering/cad/MicroHydroV1_CAD Archive/MicroHydroV1_CAD/params.json
Archive/Legacy/MASTER_PRODUCTION_PACKAGE/MASTER_PRODUCTION_PACKAGE/MicroHydroV1_/03_Data/RnD_Workbook/MicroHydroV1_Bench_Test_Tracker.xlsx,engineering/cad/MicroHydroV1_CAD Archive/MicroHydroV1_Bench_Test_Tracker.xlsx
Archive/Legacy/MASTER_PRODUCTION_PACKAGE/MASTER_PRODUCTION_PACKAGE/MicroHydroV1_/03_Data/RnD_Workbook/MicroHydroV1_RnD_Export (1).xlsx,engineering/cad/MicroHydroV1_CAD Archive/MicroHydroV1_RnD_Export (1).xlsx
Archive/Legacy/MASTER_PRODUCTION_PACKAGE/MASTER_PRODUCTION_PACKAGE/MicroHydroV1_/03_Data/RnD_Workbook/MicroHydroV1_RnD_Export.xlsx,engineering/microhydro-v1-sot/MicroHydroV1/automation/MicroHydroV1_RnD_Export.xlsx
Archive/Legacy/MASTER_PRODUCTION_PACKAGE/MASTER_PRODUCTION_PACKAGE/MicroHydroV1_/03_Data/RnD_Workbook/MicroHydroV1_RnD_Export_SYNTH.xlsx,engineering/cad/MicroHydroV1_CAD Archive/MicroHydroV1_RnD_Export_SYNTH.xlsx
Archive/Legacy/MASTER_PRODUCTION_PACKAGE/MASTER_PRODUCTION_PACKAGE/MicroHydroV1_/03_Data/RnD_Workbook/MicroHydroV1_RnD_FullUpgrade.xlsx,engineering/cad/MicroHydroV1_CAD Archive/MicroHydroV1_CAD/MicroHydroV1_RnD_FullUpgrade.xlsx
Archive/Legacy/MASTER_PRODUCTION_PACKAGE/MASTER_PRODUCTION_PACKAGE/MicroHydroV1_/03_Data/intake_raw/StageB_DataLog_Synthetic.csv,engineering/cad/MicroHydroV1_CAD Archive/MicroHydroV1_Full_Package/StageB_DataLog_Synthetic.csv
Archive/Legacy/MASTER_PRODUCTION_PACKAGE/MASTER_PRODUCTION_PACKAGE/MicroHydroV1_/03_Data/intake_raw/T001_JetCoherence_Run1.csv,archive/legacy/implementation-misc/MICRO HYDRO - OLD/RnD/MASTER_PRODUCTION_PACKAGE 2/MicroHydroV1_/03_Data/intake_raw/T001_JetCoherence_Run1.csv
Archive/Legacy/MASTER_PRODUCTION_PACKAGE/MASTER_PRODUCTION_PACKAGE/MicroHydroV1_/03_Data/intake_raw/T002_TankRipple_Run1.csv,archive/legacy/implementation-misc/MICRO HYDRO - OLD/RnD/MASTER_PRODUCTION_PACKAGE 2/MicroHydroV1_/03_Data/intake_raw/T002_TankRipple_Run1.csv
Archive/Legacy/MASTER_PRODUCTION_PACKAGE/MASTER_PRODUCTION_PACKAGE/MicroHydroV1_/03_Data/intake_raw/T003_ELCStability_Run1.csv,archive/legacy/implementation-misc/MICRO HYDRO - OLD/RnD/MASTER_PRODUCTION_PACKAGE 2/MicroHydroV1_/03_Data/intake_raw/T003_ELCStability_Run1.csv
Archive/Legacy/MASTER_PRODUCTION_PACKAGE/MASTER_PRODUCTION_PACKAGE/MicroHydroV1_/03_Data/intake_raw/T004_Power_Run1.csv,archive/legacy/implementation-misc/MICRO HYDRO - OLD/RnD/MASTER_PRODUCTION_PACKAGE 2/MicroHydroV1_/03_Data/intake_raw/T004_Power_Run1.csv
Archive/Legacy/MASTER_PRODUCTION_PACKAGE/MASTER_PRODUCTION_PACKAGE/MicroHydroV1_/07_Docs/Documentation/GoNoGo_Packet.docx,engineering/cad/MicroHydroV1_CAD Archive/MicroHydroV1_Full_Package/GoNoGo_Packet.docx
Archive/Legacy/MASTER_PRODUCTION_PACKAGE/MASTER_PRODUCTION_PACKAGE/MicroHydroV1_/07_Docs/Documentation/Go_NoGo_Packet.docx,engineering/cad/MicroHydroV1_CAD Archive/MicroHydroV1_FULL_Workspace/Master_Package/Go_NoGo_Packet.docx
Archive/Legacy/MASTER_PRODUCTION_PACKAGE/MASTER_PRODUCTION_PACKAGE/MicroHydroV1_/07_Docs/Documentation/MicroHydroV1_Master.docx,engineering/cad/MicroHydroV1_CAD Archive/MicroHydroV1_FULL_Workspace/Master_Package/MicroHydroV1_Master.docx
Archive/Legacy/MASTER_PRODUCTION_PACKAGE/MASTER_PRODUCTION_PACKAGE/MicroHydroV1_/07_Docs/Documentation/README.txt,engineering/cad/MicroHydroV1_CAD Archive/MicroHydroV1_FullUpgrade_All/TankTests/T001/README.txt
Archive/Legacy/MASTER_PRODUCTION_PACKAGE/MASTER_PRODUCTION_PACKAGE/MicroHydroV1_/07_Docs/Documentation/STW_vNext_Matrix.docx,engineering/cad/MicroHydroV1_CAD Archive/MicroHydroV1_Full_Package/STW_vNext_Matrix.docx
Archive/Legacy/MASTER_PRODUCTION_PACKAGE/MASTER_PRODUCTION_PACKAGE/MicroHydroV1_/07_Docs/Documentation/Stakeholder_vNext.pptx,engineering/cad/MicroHydroV1_CAD Archive/MicroHydroV1_Full_Package/Stakeholder_vNext.pptx
Archive/Legacy/MASTER_PRODUCTION_PACKAGE/MASTER_PRODUCTION_PACKAGE/MicroHydroV1_/08_Installers/InitGui.py,engineering/cad/MicroHydroV1_CAD Archive/MicroHydroV1_CAD/MicroHydroV1_InModule_Installer/InitGui.py
Archive/Legacy/MASTER_PRODUCTION_PACKAGE/MASTER_PRODUCTION_PACKAGE/MicroHydroV1_/08_Installers/Install_MicroHydroV1_InModule.command,engineering/cad/MicroHydroV1_CAD Archive/MicroHydroV1_CAD/MicroHydroV1_InModule_Installer/Install_MicroHydroV1_InModule.command
Archive/Legacy/MASTER_PRODUCTION_PACKAGE/MASTER_PRODUCTION_PACKAGE/MicroHydroV1_/08_Installers/MicroHydroV1_InModule_Installer.zip,engineering/cad/MicroHydroV1_CAD Archive/MicroHydroV1_CAD/MicroHydroV1_InModule_Installer.zip
Archive/Legacy/MASTER_PRODUCTION_PACKAGE/MASTER_PRODUCTION_PACKAGE/MicroHydroV1_/08_Installers/README.md,engineering/cad/MicroHydroV1_CAD Archive/MicroHydroV1_CAD/MicroHydroV1_InModule_Installer/README.md
Archive/Legacy/MASTER_PRODUCTION_PACKAGE/MASTER_PRODUCTION_PACKAGE/MicroHydroV1_/09_Packages/original/MacroSuite.zip,engineering/cad/MicroHydroV1_CAD Archive/MicroHydroV1_CAD (1)old/MacroSuite.zip
Archive/Legacy/MASTER_PRODUCTION_PACKAGE/MASTER_PRODUCTION_PACKAGE/MicroHydroV1_/09_Packages/original/MacroSuiteFull.zip,engineering/cad/MicroHydroV1_CAD Archive/MicroHydroV1_CAD (1)old/MacroSuiteFull.zip
Archive/Legacy/MASTER_PRODUCTION_PACKAGE/MASTER_PRODUCTION_PACKAGE/MicroHydroV1_/09_Packages/original/MicroHydroV1_Addon_macOS.zip,engineering/cad/MicroHydroV1_CAD Archive/MicroHydroV1_CAD/MicroHydroV1_Addon_macOS.zip
Archive/Legacy/MASTER_PRODUCTION_PACKAGE/MASTER_PRODUCTION_PACKAGE/MicroHydroV1_/09_Packages/original/MicroHydroV1_Complete_Engineering_Package.zip,engineering/cad/MicroHydroV1_CAD Archive/MicroHydroV1_CAD/MicroHydroV1_Complete_Engineering_Package.zip
Archive/Legacy/MASTER_PRODUCTION_PACKAGE/MASTER_PRODUCTION_PACKAGE/MicroHydroV1_/09_Packages/original/MicroHydroV1_StageB_Package.zip,engineering/cad/MicroHydroV1_CAD Archive/MicroHydroV1_StageB_Package.zip
Archive/Legacy/MASTER_PRODUCTION_PACKAGE/MASTER_PRODUCTION_PACKAGE/MicroHydroV1_/09_Packages/original/patched_macros_with_params.zip,engineering/cad/MicroHydroV1_CAD Archive/MicroHydroV1_CAD/patched_macros_with_params.zip
Archive/Legacy/MASTER_PRODUCTION_PACKAGE/MASTER_PRODUCTION_PACKAGE/MicroHydroV1_/manifest.json,archive/legacy/implementation-misc/MICRO HYDRO - OLD/RnD/MASTER_PRODUCTION_PACKAGE 2/MicroHydroV1_/manifest.json
Archive/Legacy/MASTER_PRODUCTION_PACKAGE/MASTER_PRODUCTION_PACKAGE/README.md.docx,research/topics/MASTER_PRODUCTION_PACKAGE 2/README.md.docx
Archive/Legacy/MASTER_PRODUCTION_PACKAGE/MASTER_PRODUCTION_PACKAGE/README_IMPORT.md,research/topics/MASTER_PRODUCTION_PACKAGE 2/README_IMPORT.md
Archive/Legacy/MASTER_PRODUCTION_PACKAGE/MASTER_PRODUCTION_PACKAGE/Refinement_Prompts.docx,research/topics/MASTER_PRODUCTION_PACKAGE 2/Refinement_Prompts.docx
Archive/Legacy/MASTER_PRODUCTION_PACKAGE/MASTER_PRODUCTION_PACKAGE/Run_of_Show_Checklist.docx,engineering/product/Releases/MicroHydroV1_Work/MasterIntegrated_Output/01_SharePoint_Libraries/MicroHydroV1 — SoT/MicroHydroV1/docs/Run_of_Show_Checklist.docx
Archive/Legacy/MASTER_PRODUCTION_PACKAGE/MASTER_PRODUCTION_PACKAGE/Stakeholder_Presentation.pptx,research/topics/MASTER_PRODUCTION_PACKAGE 2/Stakeholder_Presentation.pptx
Archive/Legacy/MASTER_PRODUCTION_PACKAGE/MASTER_PRODUCTION_PACKAGE/Test_Campaign_Plan.docx,engineering/product/Releases/MicroHydroV1_Work/MasterIntegrated_Output/01_SharePoint_Libraries/MicroHydroV1 — SoT/MicroHydroV1/docs/Test_Campaign_Plan.docx
Archive/Legacy/MASTER_PRODUCTION_PACKAGE/MASTER_PRODUCTION_PACKAGE/build_all.FCMacro.docx,research/topics/RnD_Additional/build_all.FCMacro.docx
Archive/Legacy/MASTER_PRODUCTION_PACKAGE/MASTER_PRODUCTION_PACKAGE/import_measurements.py,research/topics/MASTER_PRODUCTION_PACKAGE 2/import_measurements.py
Archive/Legacy/MASTER_PRODUCTION_PACKAGE/MASTER_PRODUCTION_PACKAGE/index.html.docx,research/topics/MASTER_PRODUCTION_PACKAGE 2/index.html.docx
Archive/Legacy/MASTER_PRODUCTION_PACKAGE/MASTER_PRODUCTION_PACKAGE/params.json,engineering/product/Releases/MicroHydroV1_Work/MasterIntegrated_Output/01_SharePoint_Libraries/MicroHydroV1 — SoT/MicroHydroV1/cad/params/params.json
Archive/Legacy/MASTER_PRODUCTION_PACKAGE/MicroHydroV1_CAD Archive/MicroHydroV1_CAD/01_Diffuser/01_Diffuser_build_diffuser.FCMacro,engineering/cad/MicroHydroV1_CAD Archive/MicroHydroV1_CAD/01_Diffuser/01_Diffuser_build_diffuser.FCMacro
Archive/Legacy/MASTER_PRODUCTION_PACKAGE/MicroHydroV1_CAD Archive/MicroHydroV1_CAD/01_Diffuser/build_diffuser.FCMacro,engineering/cad/MicroHydroV1_CAD Archive/MicroHydroV1_CAD/01_Diffuser/build_diffuser.FCMacro
Archive/Legacy/MASTER_PRODUCTION_PACKAGE/MicroHydroV1_CAD Archive/MicroHydroV1_CAD/01_Diffuser/build_diffuser.FCMacro old.FCMacro,engineering/product/Releases/MicroHydroV1_Work/MasterIntegrated_Output/01_SharePoint_Libraries/MicroHydroV1 — SoT/MicroHydroV1/cad/macros/01_Diffuser/build_diffuser.FCMacro
Archive/Legacy/MASTER_PRODUCTION_PACKAGE/MicroHydroV1_CAD Archive/MicroHydroV1_CAD/02_Nozzle/02_Nozzle_build_nozzle.FCMacro,engineering/cad/MicroHydroV1_CAD Archive/MicroHydroV1_CAD/02_Nozzle/02_Nozzle_build_nozzle.FCMacro
Archive/Legacy/MASTER_PRODUCTION_PACKAGE/MicroHydroV1_CAD Archive/MicroHydroV1_CAD/02_Nozzle/build_nozzle.FCMacro,engineering/product/Releases/MicroHydroV1_Work/MasterIntegrated_Output/01_SharePoint_Libraries/MicroHydroV1 — SoT/MicroHydroV1/cad/macros/02_Nozzle/build_nozzle.FCMacro
Archive/Legacy/MASTER_PRODUCTION_PACKAGE/MicroHydroV1_CAD Archive/MicroHydroV1_CAD/03_VanePacks/03_VanePacks_build_vanepacks.FCMacro,engineering/cad/MicroHydroV1_CAD Archive/MicroHydroV1_CAD/03_VanePacks/03_VanePacks_build_vanepacks.FCMacro
Archive/Legacy/MASTER_PRODUCTION_PACKAGE/MicroHydroV1_CAD Archive/MicroHydroV1_CAD/03_VanePacks/build_vanepacks.FCMacro,engineering/product/Releases/MicroHydroV1_Work/MasterIntegrated_Output/01_SharePoint_Libraries/MicroHydroV1 — SoT/MicroHydroV1/cad/macros/03_VanePacks/build_vanepacks.FCMacro
Archive/Legacy/MASTER_PRODUCTION_PACKAGE/MicroHydroV1_CAD Archive/MicroHydroV1_CAD/04_Retainer/04_Retainer_build_retainer.FCMacro,engineering/cad/MicroHydroV1_CAD Archive/MicroHydroV1_CAD/04_Retainer/04_Retainer_build_retainer.FCMacro
Archive/Legacy/MASTER_PRODUCTION_PACKAGE/MicroHydroV1_CAD Archive/MicroHydroV1_CAD/04_Retainer/build_retainer.FCMacro,engineering/product/Releases/MicroHydroV1_Work/MasterIntegrated_Output/01_SharePoint_Libraries/MicroHydroV1 — SoT/MicroHydroV1/cad/macros/04_Retainer/build_retainer.FCMacro
Archive/Legacy/MASTER_PRODUCTION_PACKAGE/MicroHydroV1_CAD Archive/MicroHydroV1_CAD/Assembly/build_assembly.FCMacro,engineering/product/Releases/MicroHydroV1_Work/MasterIntegrated_Output/01_SharePoint_Libraries/MicroHydroV1 — SoT/MicroHydroV1/cad/macros/Assembly/build_assembly.FCMacro
Archive/Legacy/MASTER_PRODUCTION_PACKAGE/MicroHydroV1_CAD Archive/MicroHydroV1_CAD/MicroHydroV1/CAD/params.json,engineering/cad/MicroHydroV1_CAD Archive/MicroHydroV1_CAD/MicroHydroV1/CAD/params.json
Archive/Legacy/MASTER_PRODUCTION_PACKAGE/MicroHydroV1_CAD Archive/MicroHydroV1_CAD/MicroHydroV1/InitGui.py,engineering/cad/MicroHydroV1_CAD Archive/MicroHydroV1_CAD/MicroHydroV1/InitGui.py
Archive/Legacy/MASTER_PRODUCTION_PACKAGE/MicroHydroV1_CAD Archive/MicroHydroV1_CAD/MicroHydroV1/init.py,engineering/cad/MicroHydroV1_CAD Archive/MicroHydroV1_CAD/MicroHydroV1/init.py
Archive/Legacy/MASTER_PRODUCTION_PACKAGE/MicroHydroV1_CAD Archive/MicroHydroV1_CAD/MicroHydroV1_InModule_Installer/InitGui.py,engineering/cad/MicroHydroV1_CAD Archive/MicroHydroV1_CAD/MicroHydroV1_InModule_Installer/InitGui.py
Archive/Legacy/MASTER_PRODUCTION_PACKAGE/MicroHydroV1_CAD Archive/MicroHydroV1_CAD/MicroHydroV1_InModule_Installer/Install_MicroHydroV1_InModule.command,engineering/cad/MicroHydroV1_CAD Archive/MicroHydroV1_CAD/MicroHydroV1_InModule_Installer/Install_MicroHydroV1_InModule.command
Archive/Legacy/MASTER_PRODUCTION_PACKAGE/MicroHydroV1_CAD Archive/MicroHydroV1_CAD/MicroHydroV1_InModule_Installer/README.md,engineering/cad/MicroHydroV1_CAD Archive/MicroHydroV1_CAD/MicroHydroV1_InModule_Installer/README.md
Archive/Legacy/MASTER_PRODUCTION_PACKAGE/MicroHydroV1_CAD Archive/MicroHydroV1_CAD/README.txt,engineering/product/Releases/MicroHydroV1_Work/MasterIntegrated_Output/01_SharePoint_Libraries/MicroHydroV1 — SoT/MicroHydroV1/cad/macros/README.txt
Archive/Legacy/MASTER_PRODUCTION_PACKAGE/MicroHydroV1_CAD Archive/MicroHydroV1_CAD/build_all.FCMacro,engineering/cad/MicroHydroV1_CAD Archive/MicroHydroV1_CAD/build_all.FCMacro
Archive/Legacy/MASTER_PRODUCTION_PACKAGE/MicroHydroV1_CAD Archive/MicroHydroV1_CAD/params.json,engineering/cad/MicroHydroV1_CAD Archive/MicroHydroV1_CAD/params.json
Archive/Legacy/MASTER_PRODUCTION_PACKAGE/MicroHydroV1_CAD Archive/MicroHydroV1_CAD/scripts/export_batch.FCMacro,engineering/product/Releases/MicroHydroV1_Work/MasterIntegrated_Output/01_SharePoint_Libraries/MicroHydroV1 — SoT/MicroHydroV1/cad/macros/scripts/export_batch.FCMacro
Archive/Legacy/MASTER_PRODUCTION_PACKAGE/MicroHydroV1_CAD Archive/MicroHydroV1_CAD (1)old/01_Diffuser/build_diffuser.FCMacro,engineering/cad/MicroHydroV1_CAD Archive/MicroHydroV1_CAD (1)old/01_Diffuser/build_diffuser.FCMacro
Archive/Legacy/MASTER_PRODUCTION_PACKAGE/MicroHydroV1_CAD Archive/MicroHydroV1_CAD (1)old/02_Nozzle/build_nozzle.FCMacro,engineering/cad/MicroHydroV1_CAD Archive/MicroHydroV1_CAD (1)old/02_Nozzle/build_nozzle.FCMacro
Archive/Legacy/MASTER_PRODUCTION_PACKAGE/MicroHydroV1_CAD Archive/MicroHydroV1_CAD (1)old/03_VanePacks/build_vanepacks.FCMacro,engineering/cad/MicroHydroV1_CAD Archive/MicroHydroV1_CAD (1)old/03_VanePacks/build_vanepacks.FCMacro
Archive/Legacy/MASTER_PRODUCTION_PACKAGE/MicroHydroV1_CAD Archive/MicroHydroV1_CAD (1)old/04_Retainer/build_retainer.FCMacro,engineering/cad/MicroHydroV1_CAD Archive/MicroHydroV1_CAD (1)old/04_Retainer/build_retainer.FCMacro
Archive/Legacy/MASTER_PRODUCTION_PACKAGE/MicroHydroV1_CAD Archive/MicroHydroV1_CAD (1)old/Assembly/build_assembly.FCMacro,engineering/cad/MicroHydroV1_CAD Archive/MicroHydroV1_CAD (1)old/Assembly/build_assembly.FCMacro
Archive/Legacy/MASTER_PRODUCTION_PACKAGE/MicroHydroV1_CAD Archive/MicroHydroV1_CAD (1)old/MacroSuiteFull/01_Diffuser/build_diffuser.FCMacro,engineering/cad/MicroHydroV1_CAD Archive/MicroHydroV1_CAD (1)old/01_Diffuser/build_diffuser.FCMacro
Archive/Legacy/MASTER_PRODUCTION_PACKAGE/MicroHydroV1_CAD Archive/MicroHydroV1_CAD (1)old/MacroSuiteFull/02_Nozzle/build_nozzle.FCMacro,engineering/cad/MicroHydroV1_CAD Archive/MicroHydroV1_CAD (1)old/02_Nozzle/build_nozzle.FCMacro
Archive/Legacy/MASTER_PRODUCTION_PACKAGE/MicroHydroV1_CAD Archive/MicroHydroV1_CAD (1)old/MacroSuiteFull/03_VanePacks/build_vanepacks.FCMacro,engineering/cad/MicroHydroV1_CAD Archive/MicroHydroV1_CAD (1)old/03_VanePacks/build_vanepacks.FCMacro
Archive/Legacy/MASTER_PRODUCTION_PACKAGE/MicroHydroV1_CAD Archive/MicroHydroV1_CAD (1)old/MacroSuiteFull/04_Retainer/build_retainer.FCMacro,engineering/cad/MicroHydroV1_CAD Archive/MicroHydroV1_CAD (1)old/04_Retainer/build_retainer.FCMacro
Archive/Legacy/MASTER_PRODUCTION_PACKAGE/MicroHydroV1_CAD Archive/MicroHydroV1_CAD (1)old/MacroSuiteFull/Assembly/build_assembly.FCMacro,engineering/cad/MicroHydroV1_CAD Archive/MicroHydroV1_CAD (1)old/Assembly/build_assembly.FCMacro
Archive/Legacy/MASTER_PRODUCTION_PACKAGE/MicroHydroV1_CAD Archive/MicroHydroV1_CAD (1)old/MacroSuiteFull/build_all.FCMacro,engineering/cad/MicroHydroV1_CAD Archive/MicroHydroV1_CAD (1)old/MacroSuiteFull/build_all.FCMacro
Archive/Legacy/MASTER_PRODUCTION_PACKAGE/MicroHydroV1_CAD Archive/MicroHydroV1_CAD (1)old/MacroSuiteFull/params.json,engineering/cad/MicroHydroV1_CAD Archive/MicroHydroV1_CAD (1)old/MacroSuiteFull/params.json
Archive/Legacy/MASTER_PRODUCTION_PACKAGE/MicroHydroV1_CAD Archive/MicroHydroV1_CAD (1)old/MacroSuiteFull/scripts/export_batch.FCMacro,engineering/cad/MicroHydroV1_CAD Archive/MicroHydroV1_CAD (1)old/MacroSuiteFull/scripts/export_batch.FCMacro
Archive/Legacy/MASTER_PRODUCTION_PACKAGE/MicroHydroV1_CAD Archive/MicroHydroV1_CAD (1)old/MicroHydroV1_params.xlsx,engineering/cad/MicroHydroV1_CAD Archive/MicroHydroV1_CAD (1)old/MicroHydroV1_params.xlsx
Archive/Legacy/MASTER_PRODUCTION_PACKAGE/MicroHydroV1_CAD Archive/MicroHydroV1_CAD (1)old/README_MicroHydroV1_CAD.md,engineering/cad/MicroHydroV1_CAD Archive/MicroHydroV1_CAD (1)old/README_MicroHydroV1_CAD.md
Archive/Legacy/MASTER_PRODUCTION_PACKAGE/MicroHydroV1_CAD Archive/MicroHydroV1_CAD (1)old/build_all.FCMacro,engineering/cad/MicroHydroV1_CAD Archive/MicroHydroV1_CAD (1)old/build_all.FCMacro
Archive/Legacy/MASTER_PRODUCTION_PACKAGE/MicroHydroV1_CAD Archive/MicroHydroV1_CAD (1)old/build_all.FCMacro.docx,engineering/cad/MicroHydroV1_CAD Archive/MicroHydroV1_CAD (1)old/build_all.FCMacro.docx
Archive/Legacy/MASTER_PRODUCTION_PACKAGE/MicroHydroV1_CAD Archive/MicroHydroV1_CAD (1)old/build_all.FCMacro.html,engineering/cad/MicroHydroV1_CAD Archive/MicroHydroV1_CAD (1)old/build_all.FCMacro.html
Archive/Legacy/MASTER_PRODUCTION_PACKAGE/MicroHydroV1_CAD Archive/MicroHydroV1_CAD (1)old/en.html,engineering/cad/MicroHydroV1_CAD Archive/MicroHydroV1_CAD (1)old/en.html
Archive/Legacy/MASTER_PRODUCTION_PACKAGE/MicroHydroV1_CAD Archive/MicroHydroV1_CAD (1)old/micro-hydro-power-plant-2-6838e6ab48ac8c825e45ce5a.html,engineering/cad/MicroHydroV1_CAD Archive/MicroHydroV1_CAD (1)old/build_all.FCMacro.html
Archive/Legacy/MASTER_PRODUCTION_PACKAGE/MicroHydroV1_CAD Archive/MicroHydroV1_CAD (1)old/params.json,engineering/cad/MicroHydroV1_CAD Archive/MicroHydroV1_CAD (1)old/MacroSuiteFull/params.json
Archive/Legacy/MASTER_PRODUCTION_PACKAGE/MicroHydroV1_CAD Archive/MicroHydroV1_CAD_FIXED/01_Diffuser/build_diffuser.FCMacro,engineering/product/Releases/MicroHydroV1_Work/MasterIntegrated_Output/01_SharePoint_Libraries/MicroHydroV1 — SoT/MicroHydroV1/cad/macros/01_Diffuser/build_diffuser.FCMacro
Archive/Legacy/MASTER_PRODUCTION_PACKAGE/MicroHydroV1_CAD Archive/MicroHydroV1_CAD_FIXED/02_Nozzle/build_nozzle.FCMacro,engineering/product/Releases/MicroHydroV1_Work/MasterIntegrated_Output/01_SharePoint_Libraries/MicroHydroV1 — SoT/MicroHydroV1/cad/macros/02_Nozzle/build_nozzle.FCMacro
Archive/Legacy/MASTER_PRODUCTION_PACKAGE/MicroHydroV1_CAD Archive/MicroHydroV1_CAD_FIXED/03_VanePacks/build_vanepacks.FCMacro,engineering/product/Releases/MicroHydroV1_Work/MasterIntegrated_Output/01_SharePoint_Libraries/MicroHydroV1 — SoT/MicroHydroV1/cad/macros/03_VanePacks/build_vanepacks.FCMacro
Archive/Legacy/MASTER_PRODUCTION_PACKAGE/MicroHydroV1_CAD Archive/MicroHydroV1_CAD_FIXED/04_Retainer/build_retainer.FCMacro,engineering/product/Releases/MicroHydroV1_Work/MasterIntegrated_Output/01_SharePoint_Libraries/MicroHydroV1 — SoT/MicroHydroV1/cad/macros/04_Retainer/build_retainer.FCMacro
Archive/Legacy/MASTER_PRODUCTION_PACKAGE/MicroHydroV1_CAD Archive/MicroHydroV1_CAD_FIXED/Assembly/build_assembly.FCMacro,engineering/product/Releases/MicroHydroV1_Work/MasterIntegrated_Output/01_SharePoint_Libraries/MicroHydroV1 — SoT/MicroHydroV1/cad/macros/Assembly/build_assembly.FCMacro
Archive/Legacy/MASTER_PRODUCTION_PACKAGE/MicroHydroV1_CAD Archive/MicroHydroV1_CAD_FIXED/README.txt,engineering/product/Releases/MicroHydroV1_Work/MasterIntegrated_Output/01_SharePoint_Libraries/MicroHydroV1 — SoT/MicroHydroV1/cad/macros/README.txt
Archive/Legacy/MASTER_PRODUCTION_PACKAGE/MicroHydroV1_CAD Archive/MicroHydroV1_CAD_FIXED/build_all.FCMacro,engineering/cad/MicroHydroV1_CAD Archive/MicroHydroV1_CAD_FIXED/build_all.FCMacro
Archive/Legacy/MASTER_PRODUCTION_PACKAGE/MicroHydroV1_CAD Archive/MicroHydroV1_CAD_FIXED/params.json,engineering/product/Releases/MicroHydroV1_Work/MasterIntegrated_Output/01_SharePoint_Libraries/MicroHydroV1 — SoT/MicroHydroV1/cad/macros/params.json
Archive/Legacy/MASTER_PRODUCTION_PACKAGE/MicroHydroV1_CAD Archive/MicroHydroV1_CAD_FIXED/scripts/export_batch.FCMacro,engineering/product/Releases/MicroHydroV1_Work/MasterIntegrated_Output/01_SharePoint_Libraries/MicroHydroV1 — SoT/MicroHydroV1/cad/macros/scripts/export_batch.FCMacro
Archive/Legacy/MASTER_PRODUCTION_PACKAGE/MicroHydroV1_CAD Archive/MicroHydroV1_FULL_Workspace/Automation/Import_Config.json,engineering/cad/MicroHydroV1_CAD Archive/MicroHydroV1_FULL_Workspace/Automation/Import_Config.json
Archive/Legacy/MASTER_PRODUCTION_PACKAGE/MicroHydroV1_CAD Archive/MicroHydroV1_FULL_Workspace/Automation/import_measurements.py,engineering/cad/MicroHydroV1_CAD Archive/MicroHydroV1_FULL_Workspace/Automation/import_measurements.py
Archive/Legacy/MASTER_PRODUCTION_PACKAGE/MicroHydroV1_CAD Archive/MicroHydroV1_FULL_Workspace/CAD/Params/params.json,engineering/product/Reference_Models/MicroHydroV1_Shapr3D_ReferenceModel/params.json
Archive/Legacy/MASTER_PRODUCTION_PACKAGE/MicroHydroV1_CAD Archive/MicroHydroV1_FULL_Workspace/Master_Package/Go_NoGo_Packet.docx,engineering/cad/MicroHydroV1_CAD Archive/MicroHydroV1_FULL_Workspace/Master_Package/Go_NoGo_Packet.docx
Archive/Legacy/MASTER_PRODUCTION_PACKAGE/MicroHydroV1_CAD Archive/MicroHydroV1_FULL_Workspace/Master_Package/MicroHydroV1_Master.docx,engineering/cad/MicroHydroV1_CAD Archive/MicroHydroV1_FULL_Workspace/Master_Package/MicroHydroV1_Master.docx
Archive/Legacy/MASTER_PRODUCTION_PACKAGE/MicroHydroV1_CAD Archive/MicroHydroV1_FULL_Workspace/Master_Package/STW_Matrix.xlsx,engineering/cad/MicroHydroV1_CAD Archive/MicroHydroV1_FULL_Workspace/Master_Package/STW_Matrix.xlsx
Archive/Legacy/MASTER_PRODUCTION_PACKAGE/MicroHydroV1_CAD Archive/MicroHydroV1_FullUpgrade_All/Governance/README.txt,engineering/cad/MicroHydroV1_CAD Archive/MicroHydroV1_FullUpgrade_All/Governance/README.txt
Archive/Legacy/MASTER_PRODUCTION_PACKAGE/MicroHydroV1_CAD Archive/MicroHydroV1_FullUpgrade_All/RnD/README.txt,engineering/cad/MicroHydroV1_CAD Archive/MicroHydroV1_FullUpgrade_All/RnD/README.txt
Archive/Legacy/MASTER_PRODUCTION_PACKAGE/MicroHydroV1_CAD Archive/MicroHydroV1_FullUpgrade_All/StageB/README.txt,engineering/cad/MicroHydroV1_CAD Archive/MicroHydroV1_FullUpgrade_All/StageB/README.txt
Archive/Legacy/MASTER_PRODUCTION_PACKAGE/MicroHydroV1_CAD Archive/MicroHydroV1_FullUpgrade_All/TankTests/T001/README.txt,engineering/cad/MicroHydroV1_CAD Archive/MicroHydroV1_FullUpgrade_All/TankTests/T001/README.txt
Archive/Legacy/MASTER_PRODUCTION_PACKAGE/MicroHydroV1_CAD Archive/MicroHydroV1_FullUpgrade_All/TankTests/T002/README.txt,engineering/cad/MicroHydroV1_CAD Archive/MicroHydroV1_FullUpgrade_All/TankTests/T002/README.txt
Archive/Legacy/MASTER_PRODUCTION_PACKAGE/MicroHydroV1_CAD Archive/MicroHydroV1_Full_Package/GoNoGo_Packet.docx,engineering/cad/MicroHydroV1_CAD Archive/MicroHydroV1_Full_Package/GoNoGo_Packet.docx
Archive/Legacy/MASTER_PRODUCTION_PACKAGE/MicroHydroV1_CAD Archive/MicroHydroV1_Full_Package/STW_vNext_Matrix.docx,engineering/cad/MicroHydroV1_CAD Archive/MicroHydroV1_Full_Package/STW_vNext_Matrix.docx
Archive/Legacy/MASTER_PRODUCTION_PACKAGE/MicroHydroV1_CAD Archive/MicroHydroV1_Full_Package/Stakeholder_vNext.pptx,engineering/cad/MicroHydroV1_CAD Archive/MicroHydroV1_Full_Package/Stakeholder_vNext.pptx
Archive/Legacy/MASTER_PRODUCTION_PACKAGE/MicroHydroV1_CAD Archive/MicroHydroV1_Full_Package/T001_JetCoherence_Run1.csv,engineering/cad/MicroHydroV1_CAD Archive/MicroHydroV1_Full_Package/T001_JetCoherence_Run1.csv
Archive/Legacy/MASTER_PRODUCTION_PACKAGE/MicroHydroV1_CAD Archive/MicroHydroV1_Full_Package/T002_TankRipple_Run1.csv,engineering/cad/MicroHydroV1_CAD Archive/MicroHydroV1_Full_Package/T002_TankRipple_Run1.csv
Archive/Legacy/MASTER_PRODUCTION_PACKAGE/MicroHydroV1_CAD Archive/MicroHydroV1_Full_Package/T003_ELCStability_Run1.csv,engineering/cad/MicroHydroV1_CAD Archive/MicroHydroV1_Full_Package/T003_ELCStability_Run1.csv
Archive/Legacy/MASTER_PRODUCTION_PACKAGE/MicroHydroV1_CAD Archive/MicroHydroV1_Full_Package/T004_Power_Run1.csv,engineering/cad/MicroHydroV1_CAD Archive/MicroHydroV1_Full_Package/T004_Power_Run1.csv
Archive/Legacy/MASTER_PRODUCTION_PACKAGE/MicroHydroV1_CAD Archive/MicroHydroV1_ReorgToolkit/README_REORG.md,engineering/cad/MicroHydroV1_CAD Archive/MicroHydroV1_ReorgToolkit/README_REORG.md
Archive/Legacy/MASTER_PRODUCTION_PACKAGE/MicroHydroV1_CAD Archive/MicroHydroV1_ReorgToolkit/reorg_from_zip.py,engineering/cad/MicroHydroV1_CAD Archive/MicroHydroV1_ReorgToolkit/reorg_from_zip.py
Archive/Legacy/MASTER_PRODUCTION_PACKAGE/MicroHydroV1_CAD Archive/MicroHydroV1_SyntheticPackage/GoNoGo.txt,engineering/cad/MicroHydroV1_CAD Archive/MicroHydroV1_SyntheticPackage/GoNoGo.txt
Archive/Legacy/MASTER_PRODUCTION_PACKAGE/MicroHydroV1_CAD Archive/MicroHydroV1_SyntheticPackage/README.txt,engineering/cad/MicroHydroV1_CAD Archive/MicroHydroV1_SyntheticPackage/README.txt
Archive/Legacy/MASTER_PRODUCTION_PACKAGE/MicroHydroV1_CAD Archive/MicroHydroV1_SyntheticPackage/RnD_Synthetic.txt,engineering/cad/MicroHydroV1_CAD Archive/MicroHydroV1_SyntheticPackage/RnD_Synthetic.txt
Archive/Legacy/MASTER_PRODUCTION_PACKAGE/MicroHydroV1_CAD Archive/MicroHydroV1_SyntheticPackage/STW_Matrix.txt,engineering/cad/MicroHydroV1_CAD Archive/MicroHydroV1_SyntheticPackage/STW_Matrix.txt
Archive/Legacy/MASTER_PRODUCTION_PACKAGE/MicroHydroV1_CAD Archive/MicroHydroV1_SyntheticPackage/StageC_Readout.txt,engineering/cad/MicroHydroV1_CAD Archive/MicroHydroV1_SyntheticPackage/StageC_Readout.txt
Archive/Legacy/MASTER_PRODUCTION_PACKAGE/MicroHydroV1_CAD Archive/MicroHydroV1_SyntheticPackage/Stakeholder_Deck.txt,engineering/cad/MicroHydroV1_CAD Archive/MicroHydroV1_SyntheticPackage/Stakeholder_Deck.txt
Archive/Legacy/MASTER_PRODUCTION_PACKAGE/MicroHydroV1_CAD Archive/MicroHydroV1_Tank_Ripple_Test_Procedure_WITH_TOC.docx,engineering/cad/MicroHydroV1_CAD Archive/MicroHydroV1_Tank_Ripple_Test_Procedure_WITH_TOC.docx
Archive/Legacy/MASTER_PRODUCTION_PACKAGE/MicroHydroV1_CAD Archive.zip,archive/legacy/implementation-misc/MICRO HYDRO - OLD/RnD/MASTER_PRODUCTION_PACKAGE/MicroHydroV1_CAD Archive.zip
Archive/Legacy/MASTER_PRODUCTION_PACKAGE/MicroHydroV1_Rebuilt_Clean_Repo_20260122_002842Z.zip,archive/legacy/implementation-misc/MICRO HYDRO - OLD/RnD/MASTER_PRODUCTION_PACKAGE/MicroHydroV1_Rebuilt_Clean_Repo_20260122_002842Z.zip
Archive/Legacy/MASTER_PRODUCTION_PACKAGE/New Folder With Items/02_Targeted_Design_RnD/Requirements_Traceabillity.docx,research/topics/MASTER_PRODUCTION_PACKAGE 2/02_Targeted_Design_RnD/Requirements_Traceabillity.docx
Archive/Legacy/MASTER_PRODUCTION_PACKAGE/New Folder With Items/02_Targeted_Design_RnD/STW_Design_Matrix_PASSB.docx,research/topics/MASTER_PRODUCTION_PACKAGE 2/02_Targeted_Design_RnD/STW_Design_Matrix_PASSB.docx
Archive/Legacy/MASTER_PRODUCTION_PACKAGE/New Folder With Items/02_Targeted_Design_RnD/STW_Design_vNext.docx,research/topics/MASTER_PRODUCTION_PACKAGE 2/02_Targeted_Design_RnD/STW_Design_vNext.docx
Archive/Legacy/MASTER_PRODUCTION_PACKAGE/New Folder With Items/04_Hydram_Research_Unit/HYDRAM_RUN2_Overview.docx,research/topics/MASTER_PRODUCTION_PACKAGE 2/04_Hydram_Research_Unit/HYDRAM_RUN2_Overview.docx
Archive/Legacy/MASTER_PRODUCTION_PACKAGE/New Folder With Items/05_Tank_Hydraulics_Unit/TANK_Inlet_Comparison_RUN2.docx,research/topics/MASTER_PRODUCTION_PACKAGE 2/05_Tank_Hydraulics_Unit/TANK_Inlet_Comparison_RUN2.docx
Archive/Legacy/MASTER_PRODUCTION_PACKAGE/New Folder With Items/06_Penstock_Flow_Unit/PENSTOCK_Selection_RUN2.docx,research/topics/MASTER_PRODUCTION_PACKAGE 2/06_Penstock_Flow_Unit/PENSTOCK_Selection_RUN2.docx
Archive/Legacy/MASTER_PRODUCTION_PACKAGE/New Folder With Items/07_Turbine_Optimization_Unit/NOZZLE_Sweep_RUN2.docx,research/topics/MASTER_PRODUCTION_PACKAGE 2/07_Turbine_Optimization_Unit/NOZZLE_Sweep_RUN2.docx
Archive/Legacy/MASTER_PRODUCTION_PACKAGE/New Folder With Items/08_Electrical_Control_Unit/ELC_Inverter_Tuning_RUN2.docx,research/topics/MASTER_PRODUCTION_PACKAGE 2/08_Electrical_Control_Unit/ELC_Inverter_Tuning_RUN2.docx
Archive/Legacy/MASTER_PRODUCTION_PACKAGE/New Folder With Items/09_Intergrated_System_Modeling/INTEGRATED_RUN2.docx,research/topics/MASTER_PRODUCTION_PACKAGE 2/09_Intergrated_System_Modeling/INTEGRATED_RUN2.docx
Archive/Legacy/MASTER_PRODUCTION_PACKAGE/New Folder With Items/09_Intergrated_System_Modeling/System_Architecture.md.docx,research/topics/MASTER_PRODUCTION_PACKAGE 2/09_Intergrated_System_Modeling/System_Architecture.md.docx
Archive/Legacy/MASTER_PRODUCTION_PACKAGE/New Folder With Items/10_Design_VNext/01_Tank_Inlet_Hyperbolic/Engineering_Rationale_Hyperbolic_Inlet.docx,research/topics/MASTER_PRODUCTION_PACKAGE 2/10_Design_VNext/01_Tank_Inlet_Hyperbolic/Engineering_Rationale_Hyperbolic_Inlet.docx
Archive/Legacy/MASTER_PRODUCTION_PACKAGE/New Folder With Items/10_Design_VNext/01_Tank_Inlet_Hyperbolic/Hyberbolic_Inlet_Design.docx,research/topics/MASTER_PRODUCTION_PACKAGE 2/10_Design_VNext/01_Tank_Inlet_Hyperbolic/Hyberbolic_Inlet_Design.docx
Archive/Legacy/MASTER_PRODUCTION_PACKAGE/New Folder With Items/10_Design_VNext/01_Tank_Inlet_Hyperbolic/Hyperbolic_Inlet_Drawing.svg.docx,research/topics/MASTER_PRODUCTION_PACKAGE 2/10_Design_VNext/01_Tank_Inlet_Hyperbolic/Hyperbolic_Inlet_Drawing.svg.docx
Archive/Legacy/MASTER_PRODUCTION_PACKAGE/New Folder With Items/10_Design_VNext/02_Nozzle_9mm_PreSwirl/Engineering_Rational_Nozzle_9mm_.docx,research/topics/MASTER_PRODUCTION_PACKAGE 2/10_Design_VNext/02_Nozzle_9mm_PreSwirl/Engineering_Rational_Nozzle_9mm_.docx
Archive/Legacy/MASTER_PRODUCTION_PACKAGE/New Folder With Items/10_Design_VNext/02_Nozzle_9mm_PreSwirl/Nozzle_9mm_PreSwirl_Design.docx,research/topics/MASTER_PRODUCTION_PACKAGE 2/10_Design_VNext/02_Nozzle_9mm_PreSwirl/Nozzle_9mm_PreSwirl_Design.docx
Archive/Legacy/MASTER_PRODUCTION_PACKAGE/New Folder With Items/10_Design_VNext/02_Nozzle_9mm_PreSwirl/Nozzle_9mm_PreSwirl_Drawing.svg.docx,research/topics/MASTER_PRODUCTION_PACKAGE 2/10_Design_VNext/02_Nozzle_9mm_PreSwirl/Nozzle_9mm_PreSwirl_Drawing.svg.docx
Archive/Legacy/MASTER_PRODUCTION_PACKAGE/New Folder With Items/10_Design_VNext/MicroHydroV1_Design_vNext_Readout_Stages_A-D.docx,research/topics/MASTER_PRODUCTION_PACKAGE 2/10_Design_VNext/MicroHydroV1_Design_vNext_Readout_Stages_A-D.docx
Archive/Legacy/MASTER_PRODUCTION_PACKAGE/New Folder With Items/11_Bench_Test_Pack/Bench_Test_Results_Summary.docx,research/topics/MASTER_PRODUCTION_PACKAGE 2/11_Bench_Test_Pack/Bench_Test_Results_Summary.docx
Archive/Legacy/MASTER_PRODUCTION_PACKAGE/New Folder With Items/11_Bench_Test_Pack/Jet_Coherence_Test/Jet_Coherence_Imaging_Notes.docx,research/topics/MASTER_PRODUCTION_PACKAGE 2/11_Bench_Test_Pack/Jet_Coherence_Test/Jet_Coherence_Imaging_Notes.docx
Archive/Legacy/MASTER_PRODUCTION_PACKAGE/New Folder With Items/11_Bench_Test_Pack/Jet_Coherence_Test/Jet_Coherence_Procedure.docx,engineering/product/Releases/MicroHydroV1_Work/MasterIntegrated_Output/01_SharePoint_Libraries/MicroHydroV1 — SoT/MicroHydroV1/docs/Jet_Coherence_Procedure.docx
Archive/Legacy/MASTER_PRODUCTION_PACKAGE/New Folder With Items/11_Bench_Test_Pack/Tank_Ripple_Test/Tank_Ripple_Procedure.docx,engineering/product/Releases/MicroHydroV1_Work/MasterIntegrated_Output/01_SharePoint_Libraries/MicroHydroV1 — SoT/MicroHydroV1/docs/Tank_Ripple_Procedure.docx
Archive/Legacy/MASTER_PRODUCTION_PACKAGE/New Folder With Items/11_Bench_Test_Pack/Tank_Ripple_Test/Tank_Ripple_Sensor_Mounting.svg.docx,research/topics/MASTER_PRODUCTION_PACKAGE 2/11_Bench_Test_Pack/Tank_Ripple_Test/Tank_Ripple_Sensor_Mounting.svg.docx
Archive/Legacy/MASTER_PRODUCTION_PACKAGE/New Folder With Items/12_Patents/PATENT_PASSB_Full.docx,research/topics/MASTER_PRODUCTION_PACKAGE 2/12_Patents/PATENT_PASSB_Full.docx
Archive/Legacy/MASTER_PRODUCTION_PACKAGE/New Folder With Items/12_Patents/Schauberger_Summaries.docx,research/topics/MASTER_PRODUCTION_PACKAGE 2/12_Patents/Schauberger_Summaries.docx
Archive/Legacy/MASTER_PRODUCTION_PACKAGE/New Folder With Items/12_Patents/Tesla_Summaries.docx,research/topics/MASTER_PRODUCTION_PACKAGE 2/12_Patents/Tesla_Summaries.docx
Archive/Legacy/MASTER_PRODUCTION_PACKAGE/New Folder With Items/12_Patents/Winter_Summaries.docx,research/topics/MASTER_PRODUCTION_PACKAGE 2/12_Patents/Winter_Summaries.docx
Archive/Legacy/MASTER_PRODUCTION_PACKAGE/New Folder With Items/14_Reports/Design_vNext_Readout_FULL.docx,research/topics/MASTER_PRODUCTION_PACKAGE 2/14_Reports/Design_vNext_Readout_FULL.docx
Archive/Legacy/MASTER_PRODUCTION_PACKAGE/New Folder With Items/14_Reports/PASS_A_FULL.docx,research/topics/MASTER_PRODUCTION_PACKAGE 2/14_Reports/PASS_A_FULL.docx
Archive/Legacy/MASTER_PRODUCTION_PACKAGE/New Folder With Items/14_Reports/PASS_A_FULL_Populated_v2.docx,research/topics/MASTER_PRODUCTION_PACKAGE 2/14_Reports/PASS_A_FULL_Populated_v2.docx
Archive/Legacy/MASTER_PRODUCTION_PACKAGE/New Folder With Items/14_Reports/PASS_A_FULL_RevA.docx,engineering/product/Releases/MicroHydroV1_Work/MasterIntegrated_Output/01_SharePoint_Libraries/MicroHydroV1 — SoT/MicroHydroV1/docs/PASS_A_FULL_RevA.docx
Archive/Legacy/MASTER_PRODUCTION_PACKAGE/New Folder With Items/14_Reports/Program_Readout_Executive_Summary.docx,research/topics/MASTER_PRODUCTION_PACKAGE 2/14_Reports/Program_Readout_Executive_Summary.docx
Archive/Legacy/MASTER_PRODUCTION_PACKAGE/New Folder With Items/14_Reports/RUN2_Comapre_PhiWeights.docx,research/topics/MASTER_PRODUCTION_PACKAGE 2/14_Reports/RUN2_Comapre_PhiWeights.docx
Archive/Legacy/MASTER_PRODUCTION_PACKAGE/New Folder With Items/14_Reports/RUN2_Summary.docx,research/topics/MASTER_PRODUCTION_PACKAGE 2/14_Reports/RUN2_Summary.docx
Archive/Legacy/MASTER_PRODUCTION_PACKAGE/New Folder With Items/14_Reports/StageB_TestPlan.txt,research/topics/MASTER_PRODUCTION_PACKAGE 2/14_Reports/StageB_TestPlan.txt
Archive/Legacy/MASTER_PRODUCTION_PACKAGE/New Folder With Items/Import_Config.json,engineering/product/Releases/MicroHydroV1_Work/MasterIntegrated_Output/01_SharePoint_Libraries/MicroHydroV1 — SoT/MicroHydroV1/automation/Import_Config.json
Archive/Legacy/MASTER_PRODUCTION_PACKAGE/New Folder With Items/MASTER_PASS_A_Document.docx,research/topics/MASTER_PRODUCTION_PACKAGE 2/MASTER_PASS_A_Document.docx
Archive/Legacy/MASTER_PRODUCTION_PACKAGE/New Folder With Items/Master_Index.docx,engineering/product/Releases/MicroHydroV1_Work/MasterIntegrated_Output/01_SharePoint_Libraries/MicroHydroV1 — SoT/MicroHydroV1/docs/Master_Index.docx
Archive/Legacy/MASTER_PRODUCTION_PACKAGE/New Folder With Items/README.md.docx,research/topics/MASTER_PRODUCTION_PACKAGE 2/README.md.docx
Archive/Legacy/MASTER_PRODUCTION_PACKAGE/New Folder With Items/README_IMPORT.md,research/topics/MASTER_PRODUCTION_PACKAGE 2/README_IMPORT.md
Archive/Legacy/MASTER_PRODUCTION_PACKAGE/New Folder With Items/Refinement_Prompts.docx,research/topics/MASTER_PRODUCTION_PACKAGE 2/Refinement_Prompts.docx
Archive/Legacy/MASTER_PRODUCTION_PACKAGE/New Folder With Items/Run_of_Show_Checklist.docx,engineering/product/Releases/MicroHydroV1_Work/MasterIntegrated_Output/01_SharePoint_Libraries/MicroHydroV1 — SoT/MicroHydroV1/docs/Run_of_Show_Checklist.docx
Archive/Legacy/MASTER_PRODUCTION_PACKAGE/New Folder With Items/Stakeholder_Presentation.pptx,research/topics/MASTER_PRODUCTION_PACKAGE 2/Stakeholder_Presentation.pptx
Archive/Legacy/MASTER_PRODUCTION_PACKAGE/New Folder With Items/Test_Campaign_Plan.docx,engineering/product/Releases/MicroHydroV1_Work/MasterIntegrated_Output/01_SharePoint_Libraries/MicroHydroV1 — SoT/MicroHydroV1/docs/Test_Campaign_Plan.docx
Archive/Legacy/MASTER_PRODUCTION_PACKAGE/New Folder With Items/build_all.FCMacro.docx,research/topics/RnD_Additional/build_all.FCMacro.docx
Archive/Legacy/MASTER_PRODUCTION_PACKAGE/New Folder With Items/import_measurements.py,research/topics/MASTER_PRODUCTION_PACKAGE 2/import_measurements.py
Archive/Legacy/MASTER_PRODUCTION_PACKAGE/New Folder With Items/index.html.docx,research/topics/MASTER_PRODUCTION_PACKAGE 2/index.html.docx
Archive/Legacy/MASTER_PRODUCTION_PACKAGE/New Folder With Items/params.json,engineering/product/Releases/MicroHydroV1_Work/MasterIntegrated_Output/01_SharePoint_Libraries/MicroHydroV1 — SoT/MicroHydroV1/cad/params/params.json
Archive/Legacy/MASTER_PRODUCTION_PACKAGE/New Folder With Items.zip,archive/legacy/implementation-misc/MICRO HYDRO - OLD/RnD/MASTER_PRODUCTION_PACKAGE/New Folder With Items.zip
Archive/Legacy/MASTER_PRODUCTION_PACKAGE 2/02_Targeted_Design_RnD/Requirements_Traceabillity.docx,research/topics/MASTER_PRODUCTION_PACKAGE 2/02_Targeted_Design_RnD/Requirements_Traceabillity.docx
Archive/Legacy/MASTER_PRODUCTION_PACKAGE 2/02_Targeted_Design_RnD/STW_Design_Matrix_PASSB.docx,research/topics/MASTER_PRODUCTION_PACKAGE 2/02_Targeted_Design_RnD/STW_Design_Matrix_PASSB.docx
Archive/Legacy/MASTER_PRODUCTION_PACKAGE 2/02_Targeted_Design_RnD/STW_Design_vNext.docx,research/topics/MASTER_PRODUCTION_PACKAGE 2/02_Targeted_Design_RnD/STW_Design_vNext.docx
Archive/Legacy/MASTER_PRODUCTION_PACKAGE 2/04_Hydram_Research_Unit/HYDRAM_RUN2_Overview.docx,research/topics/MASTER_PRODUCTION_PACKAGE 2/04_Hydram_Research_Unit/HYDRAM_RUN2_Overview.docx
Archive/Legacy/MASTER_PRODUCTION_PACKAGE 2/05_Tank_Hydraulics_Unit/TANK_Inlet_Comparison_RUN2.docx,research/topics/MASTER_PRODUCTION_PACKAGE 2/05_Tank_Hydraulics_Unit/TANK_Inlet_Comparison_RUN2.docx
Archive/Legacy/MASTER_PRODUCTION_PACKAGE 2/06_Penstock_Flow_Unit/PENSTOCK_Selection_RUN2.docx,research/topics/MASTER_PRODUCTION_PACKAGE 2/06_Penstock_Flow_Unit/PENSTOCK_Selection_RUN2.docx
Archive/Legacy/MASTER_PRODUCTION_PACKAGE 2/07_Turbine_Optimization_Unit/NOZZLE_Sweep_RUN2.docx,research/topics/MASTER_PRODUCTION_PACKAGE 2/07_Turbine_Optimization_Unit/NOZZLE_Sweep_RUN2.docx
Archive/Legacy/MASTER_PRODUCTION_PACKAGE 2/08_Electrical_Control_Unit/ELC_Inverter_Tuning_RUN2.docx,research/topics/MASTER_PRODUCTION_PACKAGE 2/08_Electrical_Control_Unit/ELC_Inverter_Tuning_RUN2.docx
Archive/Legacy/MASTER_PRODUCTION_PACKAGE 2/09_Intergrated_System_Modeling/INTEGRATED_RUN2.docx,research/topics/MASTER_PRODUCTION_PACKAGE 2/09_Intergrated_System_Modeling/INTEGRATED_RUN2.docx
Archive/Legacy/MASTER_PRODUCTION_PACKAGE 2/09_Intergrated_System_Modeling/System_Architecture.md.docx,research/topics/MASTER_PRODUCTION_PACKAGE 2/09_Intergrated_System_Modeling/System_Architecture.md.docx
Archive/Legacy/MASTER_PRODUCTION_PACKAGE 2/10_Design_VNext/01_Tank_Inlet_Hyperbolic/Engineering_Rationale_Hyperbolic_Inlet.docx,research/topics/MASTER_PRODUCTION_PACKAGE 2/10_Design_VNext/01_Tank_Inlet_Hyperbolic/Engineering_Rationale_Hyperbolic_Inlet.docx
Archive/Legacy/MASTER_PRODUCTION_PACKAGE 2/10_Design_VNext/01_Tank_Inlet_Hyperbolic/Hyberbolic_Inlet_Design.docx,research/topics/MASTER_PRODUCTION_PACKAGE 2/10_Design_VNext/01_Tank_Inlet_Hyperbolic/Hyberbolic_Inlet_Design.docx
Archive/Legacy/MASTER_PRODUCTION_PACKAGE 2/10_Design_VNext/01_Tank_Inlet_Hyperbolic/Hyperbolic_Inlet_Drawing.svg.docx,research/topics/MASTER_PRODUCTION_PACKAGE 2/10_Design_VNext/01_Tank_Inlet_Hyperbolic/Hyperbolic_Inlet_Drawing.svg.docx
Archive/Legacy/MASTER_PRODUCTION_PACKAGE 2/10_Design_VNext/02_Nozzle_9mm_PreSwirl/Engineering_Rational_Nozzle_9mm_.docx,research/topics/MASTER_PRODUCTION_PACKAGE 2/10_Design_VNext/02_Nozzle_9mm_PreSwirl/Engineering_Rational_Nozzle_9mm_.docx
Archive/Legacy/MASTER_PRODUCTION_PACKAGE 2/10_Design_VNext/02_Nozzle_9mm_PreSwirl/Nozzle_9mm_PreSwirl_Design.docx,research/topics/MASTER_PRODUCTION_PACKAGE 2/10_Design_VNext/02_Nozzle_9mm_PreSwirl/Nozzle_9mm_PreSwirl_Design.docx
Archive/Legacy/MASTER_PRODUCTION_PACKAGE 2/10_Design_VNext/02_Nozzle_9mm_PreSwirl/Nozzle_9mm_PreSwirl_Drawing.svg.docx,research/topics/MASTER_PRODUCTION_PACKAGE 2/10_Design_VNext/02_Nozzle_9mm_PreSwirl/Nozzle_9mm_PreSwirl_Drawing.svg.docx
Archive/Legacy/MASTER_PRODUCTION_PACKAGE 2/10_Design_VNext/MicroHydroV1_Design_vNext_Readout_Stages_A-D.docx,research/topics/MASTER_PRODUCTION_PACKAGE 2/10_Design_VNext/MicroHydroV1_Design_vNext_Readout_Stages_A-D.docx
Archive/Legacy/MASTER_PRODUCTION_PACKAGE 2/11_Bench_Test_Pack/Bench_Test_Results_Summary.docx,research/topics/MASTER_PRODUCTION_PACKAGE 2/11_Bench_Test_Pack/Bench_Test_Results_Summary.docx
Archive/Legacy/MASTER_PRODUCTION_PACKAGE 2/11_Bench_Test_Pack/Jet_Coherence_Test/Jet_Coherence_Imaging_Notes.docx,research/topics/MASTER_PRODUCTION_PACKAGE 2/11_Bench_Test_Pack/Jet_Coherence_Test/Jet_Coherence_Imaging_Notes.docx
Archive/Legacy/MASTER_PRODUCTION_PACKAGE 2/11_Bench_Test_Pack/Jet_Coherence_Test/Jet_Coherence_Procedure.docx,engineering/product/Releases/MicroHydroV1_Work/MasterIntegrated_Output/01_SharePoint_Libraries/MicroHydroV1 — SoT/MicroHydroV1/docs/Jet_Coherence_Procedure.docx
Archive/Legacy/MASTER_PRODUCTION_PACKAGE 2/11_Bench_Test_Pack/Tank_Ripple_Test/Tank_Ripple_Procedure.docx,engineering/product/Releases/MicroHydroV1_Work/MasterIntegrated_Output/01_SharePoint_Libraries/MicroHydroV1 — SoT/MicroHydroV1/docs/Tank_Ripple_Procedure.docx
Archive/Legacy/MASTER_PRODUCTION_PACKAGE 2/11_Bench_Test_Pack/Tank_Ripple_Test/Tank_Ripple_Sensor_Mounting.svg.docx,research/topics/MASTER_PRODUCTION_PACKAGE 2/11_Bench_Test_Pack/Tank_Ripple_Test/Tank_Ripple_Sensor_Mounting.svg.docx
Archive/Legacy/MASTER_PRODUCTION_PACKAGE 2/12_Patents/PATENT_PASSB_Full.docx,research/topics/MASTER_PRODUCTION_PACKAGE 2/12_Patents/PATENT_PASSB_Full.docx
Archive/Legacy/MASTER_PRODUCTION_PACKAGE 2/12_Patents/Schauberger_Summaries.docx,research/topics/MASTER_PRODUCTION_PACKAGE 2/12_Patents/Schauberger_Summaries.docx
Archive/Legacy/MASTER_PRODUCTION_PACKAGE 2/12_Patents/Tesla_Summaries.docx,research/topics/MASTER_PRODUCTION_PACKAGE 2/12_Patents/Tesla_Summaries.docx
Archive/Legacy/MASTER_PRODUCTION_PACKAGE 2/12_Patents/Winter_Summaries.docx,research/topics/MASTER_PRODUCTION_PACKAGE 2/12_Patents/Winter_Summaries.docx
Archive/Legacy/MASTER_PRODUCTION_PACKAGE 2/14_Reports/Design_vNext_Readout_FULL.docx,research/topics/MASTER_PRODUCTION_PACKAGE 2/14_Reports/Design_vNext_Readout_FULL.docx
Archive/Legacy/MASTER_PRODUCTION_PACKAGE 2/14_Reports/PASS_A_FULL.docx,research/topics/MASTER_PRODUCTION_PACKAGE 2/14_Reports/PASS_A_FULL.docx
Archive/Legacy/MASTER_PRODUCTION_PACKAGE 2/14_Reports/PASS_A_FULL_Populated_v2.docx,research/topics/MASTER_PRODUCTION_PACKAGE 2/14_Reports/PASS_A_FULL_Populated_v2.docx
Archive/Legacy/MASTER_PRODUCTION_PACKAGE 2/14_Reports/PASS_A_FULL_RevA.docx,engineering/product/Releases/MicroHydroV1_Work/MasterIntegrated_Output/01_SharePoint_Libraries/MicroHydroV1 — SoT/MicroHydroV1/docs/PASS_A_FULL_RevA.docx
Archive/Legacy/MASTER_PRODUCTION_PACKAGE 2/14_Reports/Program_Readout_Executive_Summary.docx,research/topics/MASTER_PRODUCTION_PACKAGE 2/14_Reports/Program_Readout_Executive_Summary.docx
Archive/Legacy/MASTER_PRODUCTION_PACKAGE 2/14_Reports/RUN2_Comapre_PhiWeights.docx,research/topics/MASTER_PRODUCTION_PACKAGE 2/14_Reports/RUN2_Comapre_PhiWeights.docx
Archive/Legacy/MASTER_PRODUCTION_PACKAGE 2/14_Reports/RUN2_Summary.docx,research/topics/MASTER_PRODUCTION_PACKAGE 2/14_Reports/RUN2_Summary.docx
Archive/Legacy/MASTER_PRODUCTION_PACKAGE 2/14_Reports/StageB_TestPlan.txt,research/topics/MASTER_PRODUCTION_PACKAGE 2/14_Reports/StageB_TestPlan.txt
Archive/Legacy/MASTER_PRODUCTION_PACKAGE 2/Import_Config.json,engineering/product/Releases/MicroHydroV1_Work/MasterIntegrated_Output/01_SharePoint_Libraries/MicroHydroV1 — SoT/MicroHydroV1/automation/Import_Config.json
Archive/Legacy/MASTER_PRODUCTION_PACKAGE 2/MASTER_PASS_A_Document.docx,research/topics/MASTER_PRODUCTION_PACKAGE 2/MASTER_PASS_A_Document.docx
Archive/Legacy/MASTER_PRODUCTION_PACKAGE 2/Master_Index.docx,engineering/product/Releases/MicroHydroV1_Work/MasterIntegrated_Output/01_SharePoint_Libraries/MicroHydroV1 — SoT/MicroHydroV1/docs/Master_Index.docx
Archive/Legacy/MASTER_PRODUCTION_PACKAGE 2/MicroHydroV1_/01_CAD/macros/build_all.FCMacro,engineering/cad/MicroHydroV1_CAD Archive/MicroHydroV1_CAD (1)old/MacroSuiteFull/build_all.FCMacro
Archive/Legacy/MASTER_PRODUCTION_PACKAGE 2/MicroHydroV1_/01_CAD/macros/build_assembly.FCMacro,engineering/product/Releases/MicroHydroV1_Work/MasterIntegrated_Output/01_SharePoint_Libraries/MicroHydroV1 — SoT/MicroHydroV1/cad/macros/Assembly/build_assembly.FCMacro
Archive/Legacy/MASTER_PRODUCTION_PACKAGE 2/MicroHydroV1_/01_CAD/macros/build_diffuser.FCMacro,engineering/cad/MicroHydroV1_CAD Archive/MicroHydroV1_CAD/01_Diffuser/build_diffuser.FCMacro
Archive/Legacy/MASTER_PRODUCTION_PACKAGE 2/MicroHydroV1_/01_CAD/macros/build_nozzle.FCMacro,engineering/product/Releases/MicroHydroV1_Work/MasterIntegrated_Output/01_SharePoint_Libraries/MicroHydroV1 — SoT/MicroHydroV1/cad/macros/02_Nozzle/build_nozzle.FCMacro
Archive/Legacy/MASTER_PRODUCTION_PACKAGE 2/MicroHydroV1_/01_CAD/macros/build_retainer.FCMacro,engineering/product/Releases/MicroHydroV1_Work/MasterIntegrated_Output/01_SharePoint_Libraries/MicroHydroV1 — SoT/MicroHydroV1/cad/macros/04_Retainer/build_retainer.FCMacro
Archive/Legacy/MASTER_PRODUCTION_PACKAGE 2/MicroHydroV1_/01_CAD/macros/build_vanepacks.FCMacro,engineering/product/Releases/MicroHydroV1_Work/MasterIntegrated_Output/01_SharePoint_Libraries/MicroHydroV1 — SoT/MicroHydroV1/cad/macros/03_VanePacks/build_vanepacks.FCMacro
Archive/Legacy/MASTER_PRODUCTION_PACKAGE 2/MicroHydroV1_/01_CAD/macros/export_batch.FCMacro,engineering/product/Releases/MicroHydroV1_Work/MasterIntegrated_Output/01_SharePoint_Libraries/MicroHydroV1 — SoT/MicroHydroV1/cad/macros/scripts/export_batch.FCMacro
Archive/Legacy/MASTER_PRODUCTION_PACKAGE 2/MicroHydroV1_/01_CAD/params/params.json,engineering/cad/MicroHydroV1_CAD Archive/MicroHydroV1_CAD/params.json
Archive/Legacy/MASTER_PRODUCTION_PACKAGE 2/MicroHydroV1_/07_Docs/Documentation/GoNoGo_Packet.docx,engineering/cad/MicroHydroV1_CAD Archive/MicroHydroV1_Full_Package/GoNoGo_Packet.docx
Archive/Legacy/MASTER_PRODUCTION_PACKAGE 2/MicroHydroV1_/07_Docs/Documentation/Go_NoGo_Packet.docx,engineering/cad/MicroHydroV1_CAD Archive/MicroHydroV1_FULL_Workspace/Master_Package/Go_NoGo_Packet.docx
Archive/Legacy/MASTER_PRODUCTION_PACKAGE 2/MicroHydroV1_/07_Docs/Documentation/MicroHydroV1_Master.docx,engineering/cad/MicroHydroV1_CAD Archive/MicroHydroV1_FULL_Workspace/Master_Package/MicroHydroV1_Master.docx
Archive/Legacy/MASTER_PRODUCTION_PACKAGE 2/MicroHydroV1_/07_Docs/Documentation/README.txt,engineering/cad/MicroHydroV1_CAD Archive/MicroHydroV1_FullUpgrade_All/TankTests/T001/README.txt
Archive/Legacy/MASTER_PRODUCTION_PACKAGE 2/MicroHydroV1_/07_Docs/Documentation/STW_vNext_Matrix.docx,engineering/cad/MicroHydroV1_CAD Archive/MicroHydroV1_Full_Package/STW_vNext_Matrix.docx
Archive/Legacy/MASTER_PRODUCTION_PACKAGE 2/MicroHydroV1_/07_Docs/Documentation/Stakeholder_vNext.pptx,engineering/cad/MicroHydroV1_CAD Archive/MicroHydroV1_Full_Package/Stakeholder_vNext.pptx
Archive/Legacy/MASTER_PRODUCTION_PACKAGE 2/MicroHydroV1_/08_Installers/InitGui.py,engineering/cad/MicroHydroV1_CAD Archive/MicroHydroV1_CAD/MicroHydroV1_InModule_Installer/InitGui.py
Archive/Legacy/MASTER_PRODUCTION_PACKAGE 2/MicroHydroV1_/08_Installers/Install_MicroHydroV1_InModule.command,engineering/cad/MicroHydroV1_CAD Archive/MicroHydroV1_CAD/MicroHydroV1_InModule_Installer/Install_MicroHydroV1_InModule.command
Archive/Legacy/MASTER_PRODUCTION_PACKAGE 2/MicroHydroV1_/08_Installers/README.md,engineering/cad/MicroHydroV1_CAD Archive/MicroHydroV1_CAD/MicroHydroV1_InModule_Installer/README.md
Archive/Legacy/MASTER_PRODUCTION_PACKAGE 2/MicroHydroV1_/manifest.json,archive/legacy/implementation-misc/MICRO HYDRO - OLD/RnD/MASTER_PRODUCTION_PACKAGE 2/MicroHydroV1_/manifest.json
Archive/Legacy/MASTER_PRODUCTION_PACKAGE 2/README.md.docx,research/topics/MASTER_PRODUCTION_PACKAGE 2/README.md.docx
Archive/Legacy/MASTER_PRODUCTION_PACKAGE 2/README_IMPORT.md,research/topics/MASTER_PRODUCTION_PACKAGE 2/README_IMPORT.md
Archive/Legacy/MASTER_PRODUCTION_PACKAGE 2/Refinement_Prompts.docx,research/topics/MASTER_PRODUCTION_PACKAGE 2/Refinement_Prompts.docx
Archive/Legacy/MASTER_PRODUCTION_PACKAGE 2/Run_of_Show_Checklist.docx,engineering/product/Releases/MicroHydroV1_Work/MasterIntegrated_Output/01_SharePoint_Libraries/MicroHydroV1 — SoT/MicroHydroV1/docs/Run_of_Show_Checklist.docx
Archive/Legacy/MASTER_PRODUCTION_PACKAGE 2/Stakeholder_Presentation.pptx,research/topics/MASTER_PRODUCTION_PACKAGE 2/Stakeholder_Presentation.pptx
Archive/Legacy/MASTER_PRODUCTION_PACKAGE 2/Test_Campaign_Plan.docx,engineering/product/Releases/MicroHydroV1_Work/MasterIntegrated_Output/01_SharePoint_Libraries/MicroHydroV1 — SoT/MicroHydroV1/docs/Test_Campaign_Plan.docx
Archive/Legacy/MASTER_PRODUCTION_PACKAGE 2/build_all.FCMacro.docx,research/topics/RnD_Additional/build_all.FCMacro.docx
Archive/Legacy/MASTER_PRODUCTION_PACKAGE 2/import_measurements.py,research/topics/MASTER_PRODUCTION_PACKAGE 2/import_measurements.py
Archive/Legacy/MASTER_PRODUCTION_PACKAGE 2/index.html.docx,research/topics/MASTER_PRODUCTION_PACKAGE 2/index.html.docx
Archive/Legacy/MASTER_PRODUCTION_PACKAGE 2/params.json,engineering/product/Releases/MicroHydroV1_Work/MasterIntegrated_Output/01_SharePoint_Libraries/MicroHydroV1 — SoT/MicroHydroV1/cad/params/params.json
Archive/Legacy/MICRO HYDRO NEW/Contents/Info.plist,archive/legacy/implementation-misc/Contents/Info.plist
Archive/Legacy/MICRO HYDRO NEW/Contents/MacOS/Install_MicroHydroV1,archive/legacy/implementation-misc/Contents/MacOS/Install_MicroHydroV1
Archive/Legacy/MICRO HYDRO NEW/Install_MicroHydroV1.command,archive/legacy/implementation-misc/Install_MicroHydroV1.command
Archive/Legacy/MICRO HYDRO NEW/Install_MicroHydroV1.sh,archive/legacy/implementation-misc/Install_MicroHydroV1.sh
Archive/Legacy/MICRO HYDRO NEW/MICRO HYDRO - OLD.zip,archive/legacy/implementation-misc/MICRO HYDRO - OLD.zip
Archive/Legacy/MICRO HYDRO NEW/MICRO HYDRO NEW.zip,archive/legacy/implementation-misc/MICRO HYDRO NEW.zip
Archive/Legacy/MICRO HYDRO NEW/MicroHydroV1/.github/workflows/validate.yml,engineering/microhydro-v1/.github/workflows/validate.yml
Archive/Legacy/MICRO HYDRO NEW/MicroHydroV1/.gitignore,engineering/microhydro-v1/.gitignore
Archive/Legacy/MICRO HYDRO NEW/MicroHydroV1_ASAP_Timeline (1).xlsx,archive/legacy/implementation-misc/MicroHydroV1_ASAP_Timeline (1).xlsx
Archive/Legacy/MICRO HYDRO NEW/MicroHydroV1_Bench_Tech_Checklist.pdf,archive/legacy/implementation-misc/MicroHydroV1_Bench_Tech_Checklist.pdf
Archive/Legacy/MICRO HYDRO NEW/MicroHydroV1_GoNoGo_ASAP_Draft (1).docx,archive/legacy/implementation-misc/MicroHydroV1_GoNoGo_ASAP_Draft (1).docx
Archive/Legacy/MICRO HYDRO NEW/MicroHydroV1_GoNoGo_ASAP_Draft.docx,archive/legacy/implementation-misc/MicroHydroV1_GoNoGo_ASAP_Draft.docx
Archive/Legacy/MICRO HYDRO NEW/MicroHydroV1_InitGui_PATCH.zip,archive/legacy/implementation-misc/MicroHydroV1_InitGui_PATCH.zip
Archive/Legacy/MICRO HYDRO NEW/MicroHydroV1_Integrated_Organized_Tree.zip,archive/legacy/implementation-misc/MicroHydroV1_Integrated_Organized_Tree.zip
Archive/Legacy/MICRO HYDRO NEW/MicroHydroV1_MasterIntegrated_Output.zip,archive/legacy/implementation-misc/MicroHydroV1_MasterIntegrated_Output.zip
Archive/Legacy/MICRO HYDRO NEW/MicroHydroV1_MasterIntegrator_Toolkit (1).zip,archive/legacy/implementation-misc/MicroHydroV1_MasterIntegrator_Toolkit (1).zip
Archive/Legacy/MICRO HYDRO NEW/MicroHydroV1_Shapr3D_Import.zip,archive/legacy/implementation-misc/MicroHydroV1_Shapr3D_Import.zip
Archive/Legacy/MICRO HYDRO NEW/MicroHydroV1_Shapr3D_ReferenceModel.zip,archive/legacy/implementation-misc/MicroHydroV1_Shapr3D_ReferenceModel.zip
Archive/Legacy/MICRO HYDRO NEW/MicroHydroV1_SharePoint_Version_Control_Configuration_Guide_v1.0.docx,engineering/product/Releases/MicroHydroV1 — Releases/MicroHydroV1_SharePoint_Version_Control_Configuration_Guide_v1.0 (1).docx
Archive/Legacy/MICRO HYDRO NEW/MicroHydroV1_repo_skeleton.zip,archive/legacy/implementation-misc/MicroHydroV1_repo_skeleton.zip
Archive/Legacy/MICRO HYDRO NEW/Microsoft Copilot Chat Files.zip,archive/legacy/implementation-misc/Microsoft Copilot Chat Files.zip
Archive/Legacy/MICRO HYDRO NEW/STW_vNext_Matrix_Filled.xlsx,archive/legacy/implementation-misc/STW_vNext_Matrix_Filled.xlsx
Archive/Legacy/MICRO HYDRO NEW/mhv1_oneclick_pipeline.command,archive/legacy/implementation-misc/mhv1_oneclick_pipeline.command
Archive/Legacy/MICRO HYDRO NEW/mhv1_pipeline.py,archive/legacy/implementation-misc/mhv1_pipeline.py
Archive/Legacy/zipppittt/MICRO HYDRO.zip,archive/legacy/implementation-misc/MICRO HYDRO - OLD/RnD/zipppittt/MICRO HYDRO.zip
Archive/Legacy/zipppittt/MICRO_HYDRO_Enterprise_Package_2026-01-21_Rebuild/00_Manifest/manifest.json,archive/legacy/implementation-misc/MICRO HYDRO - OLD/RnD/zipppittt/MICRO_HYDRO_Enterprise_Package_2026-01-21_Rebuild/00_Manifest/manifest.json
Archive/Legacy/zipppittt/MICRO_HYDRO_Enterprise_Package_2026-01-21_Rebuild/07_Source_Archive/MICRO HYDRO.zip,archive/legacy/implementation-misc/MICRO HYDRO - OLD/RnD/zipppittt/MICRO_HYDRO_Enterprise_Package_2026-01-21_Rebuild/07_Source_Archive/MICRO HYDRO.zip
Archive/Legacy/zipppittt/MICRO_HYDRO_Enterprise_Package_2026-01-21_Rebuild.zip,archive/legacy/implementation-misc/MICRO HYDRO - OLD/RnD/zipppittt/MICRO_HYDRO_Enterprise_Package_2026-01-21_Rebuild.zip
Archive/Legacy/zipppittt/MicroHydroV1_ReorgToolkit.zip,archive/legacy/implementation-misc/MICRO HYDRO - OLD/RnD/zipppittt/MicroHydroV1_ReorgToolkit.zip
MicroHydroV1_Phase3_Automation_Pack_macOS_OpenReleases/README.md,engineering/microhydro-v1/README.md
temp_integration/tools/README.md,engineering/microhydro-v1/README.md
temp_integration/tools/microhydro_master_integrator.py,engineering/product/Releases/MicroHydroV1_Work/MasterIntegrated_Output/05_Tools/microhydro_master_integrator.py
temp_integration/tools/policy_config.json,engineering/product/Releases/MicroHydroV1_Work/MasterIntegrated_Output/05_Tools/policy_config.json
_BACKUPS/** (11 files),EXCLUDED: backup mirror of main tree
_CONSOLIDATION_BACKUP/** (582 files),EXCLUDED: backup mirror of main tree
