from,to,action
.gitignore,archive/unsorted/.gitignore,copied
2100_PROOF_MASTER_SYSTEM.sh,archive/automation/2100_PROOF_MASTER_SYSTEM.sh,copied
2100_proof_master_log_20260213_130000.txt,archive/automation/2100_proof_master_log_20260213_130000.txt,copied
2100_proof_system_manifest_20260213_130000.json,archive/automation/2100_proof_system_manifest_20260213_130000.json,copied
AGENT_DEPLOYMENT_REFERENCE.md,docs/business/AGENT_DEPLOYMENT_REFERENCE.md,copied
AI_AGENT_AUTOMATION_STRATEGY.md,docs/business/AI_AGENT_AUTOMATION_STRATEGY.md,copied
ALBERTA_SITE_IDENTIFICATION_WORKFLOW.md,docs/market/ALBERTA_SITE_IDENTIFICATION_WORKFLOW.md,copied
ALBERTA_SITE_SCOUTING_TEMPLATE.csv,docs/market/ALBERTA_SITE_SCOUTING_TEMPLATE.csv,copied
ARCHIVE_RETENTION_POLICY.md,docs/reports/ARCHIVE_RETENTION_POLICY.md,copied
AUDIT_DETAILED_DUPLICATES.csv,docs/reports/AUDIT_DETAILED_DUPLICATES.csv,copied
AUDIT_DUPLICATES_DETAILED.csv,docs/reports/AUDIT_DUPLICATES_DETAILED.csv,copied
AUDIT_DuplicateFileAnalysis.csv,docs/reports/AUDIT_DuplicateFileAnalysis.csv,copied
AUDIT_MASTER.csv,docs/reports/AUDIT_MASTER.csv,copied
AUDIT_MASTER_CONSOLIDATED.md,docs/reports/AUDIT_MASTER_CONSOLIDATED.md,copied
AUTOMATION_README.md,archive/automation/AUTOMATION_README.md,copied
AUTO_UNIVERSITY_DEPLOYMENT.sh,archive/automation/AUTO_UNIVERSITY_DEPLOYMENT.sh,copied
BRAND_IDENTITY.md,docs/strategy/BRAND_IDENTITY.md,copied
COMPANY_WIDE_AGENT_PLAN.md,docs/business/COMPANY_WIDE_AGENT_PLAN.md,copied
COMPREHENSIVE_ANALYSIS_AND_ACTION_PLAN.md,docs/strategy/COMPREHENSIVE_ANALYSIS_AND_ACTION_PLAN.md,copied
CONSOLIDATION_REPORT.md,docs/reports/CONSOLIDATION_REPORT.md,copied
CONTINENTAL_SITE_ANALYSIS_175_LOCATIONS.md,docs/market/CONTINENTAL_SITE_ANALYSIS_175_LOCATIONS.md,copied
CONTINUOUS_OPERATIONS_MANAGER.sh,archive/automation/CONTINUOUS_OPERATIONS_MANAGER.sh,copied
COPY_PASTE_FAST_TRACK.md,docs/strategy/COPY_PASTE_FAST_TRACK.md,copied
DAILY_MONITORING_CHECK.ps1,archive/automation/DAILY_MONITORING_CHECK.ps1,copied
DAN_WINTER_10_INSIGHTS_MICROHYDRO.md,speculative/DAN_WINTER_10_INSIGHTS_MICROHYDRO.md,copied
DEPARTMENT_TODO_LISTS_COMPREHENSIVE.md,docs/business/DEPARTMENT_TODO_LISTS_COMPREHENSIVE.md,copied
DESIGN_FINALIZATION_AND_IP_PROTECTION_PLAN.md,engineering/specs/DESIGN_FINALIZATION_AND_IP_PROTECTION_PLAN.md,copied
DOCUMENT_CATEGORIZATION.csv,docs/reports/DOCUMENT_CATEGORIZATION.csv,copied
DOCUMENT_INDEX.md,docs/reports/DOCUMENT_INDEX.md,copied
DOCUMENT_INVENTORY.md,docs/reports/DOCUMENT_INVENTORY.md,copied
DUAL_MONITORING_CHECK.ps1,archive/automation/DUAL_MONITORING_CHECK.ps1,copied
EFFICIENCY_OPTIMIZATION_PLAN_65PCT.md,engineering/specs/EFFICIENCY_OPTIMIZATION_PLAN_65PCT.md,copied
ENGINEERING_DIVISION_QUICKSTART.md,engineering/specs/ENGINEERING_DIVISION_QUICKSTART.md,copied
ENGINEERING_TOOLS_DIVISION.md,engineering/specs/ENGINEERING_TOOLS_DIVISION.md,copied
ETHICS_VALUES_BRAND.md,docs/strategy/ETHICS_VALUES_BRAND.md,copied
EXECUTION_FRAMEWORK.md,docs/strategy/EXECUTION_FRAMEWORK.md,copied
EXECUTIVE_SUMMARY_RND_ANALYSIS.md,engineering/specs/EXECUTIVE_SUMMARY_RND_ANALYSIS.md,copied
EXPANDED_UNIVERSITY_DEPLOYMENT.sh,docs/strategy/EXPANDED_UNIVERSITY_DEPLOYMENT.sh,copied
FAST_TRACK_10MIN_EXECUTION.md,docs/strategy/FAST_TRACK_10MIN_EXECUTION.md,copied
FAST_TRACK_OPTIMAL_SUCCESS.md,docs/strategy/FAST_TRACK_OPTIMAL_SUCCESS.md,copied
FOURTH_CHECK_PRODUCTION_READINESS_AUDIT.md,docs/reports/FOURTH_CHECK_PRODUCTION_READINESS_AUDIT.md,copied
FUNDING_DIVISION_CHARTER.md,docs/business/FUNDING_DIVISION_CHARTER.md,copied
GIGA_ENTERPRISE_BLUEPRINT.md,docs/strategy/GIGA_ENTERPRISE_BLUEPRINT.md,copied
GLOBAL_STAKEHOLDER_DATABASE.md,docs/market/GLOBAL_STAKEHOLDER_DATABASE.md,copied
GLOBAL_TOP_10_OPTIMAL_SITES.md,docs/market/GLOBAL_TOP_10_OPTIMAL_SITES.md,copied
HISTORIC_MILLS_VISION_ARCHIVE.md,research/visionary/HISTORIC_MILLS_VISION_ARCHIVE.md,copied
HYBRID_SYSTEM_MASTER_SPEC.md,engineering/specs/HYBRID_SYSTEM_MASTER_SPEC.md,copied
IMPLEMENTATION_GUIDE.md,docs/strategy/IMPLEMENTATION_GUIDE.md,copied
INTEGRATION_STATUS_SUMMARY.md,docs/reports/INTEGRATION_STATUS_SUMMARY.md,copied
INTEGRATION_VERIFICATION_REPORT.md,docs/reports/INTEGRATION_VERIFICATION_REPORT.md,copied
IP_PATENT_STRATEGY_DIVISION.md,docs/business/IP_PATENT_STRATEGY_DIVISION.md,copied
MANUAL_ACTIVATION_GUIDE.sh,archive/automation/MANUAL_ACTIVATION_GUIDE.sh,copied
MANUAL_EXECUTION_GUIDE.md,docs/strategy/MANUAL_EXECUTION_GUIDE.md,copied
MASTER_EXECUTION_GUIDE.md,docs/strategy/MASTER_EXECUTION_GUIDE.md,copied
MASTER_LAUNCH_SYSTEM.bat,archive/automation/MASTER_LAUNCH_SYSTEM.bat,copied
MASTER_LAUNCH_SYSTEM.sh,archive/automation/MASTER_LAUNCH_SYSTEM.sh,copied
MASTER_OPERATIONS_DASHBOARD.sh,archive/automation/MASTER_OPERATIONS_DASHBOARD.sh,copied
MASTER_PROJECT_OVERVIEW.md,docs/strategy/MASTER_PROJECT_OVERVIEW.md,copied
MICROHYDROV1_WORK_INTEGRATION_ANALYSIS.md,docs/strategy/MICROHYDROV1_WORK_INTEGRATION_ANALYSIS.md,copied
MICROHYDROV1_WORK_STATUS_SUMMARY.md,docs/strategy/MICROHYDROV1_WORK_STATUS_SUMMARY.md,copied
MICROHYDRO_AZ_ASSISTANT.bat,archive/automation/MICROHYDRO_AZ_ASSISTANT.bat,copied
MICROHYDRO_MATRIX_MONITOR.bat,archive/automation/MICROHYDRO_MATRIX_MONITOR.bat,copied
MICRO_HYDRO_NEW_INTEGRATION_ANALYSIS.md,docs/strategy/MICRO_HYDRO_NEW_INTEGRATION_ANALYSIS.md,copied
MICRO_HYDRO_NEW_MANUAL_INTEGRATION_GUIDE.md,docs/strategy/MICRO_HYDRO_NEW_MANUAL_INTEGRATION_GUIDE.md,copied
MODERN_VISIONARIES_FOUNDATION.md,speculative/MODERN_VISIONARIES_FOUNDATION.md,copied
MONITORING_CHECKLIST_7DAY.md,docs/reports/MONITORING_CHECKLIST_7DAY.md,copied
MONITORING_LOG_TIER1.txt,docs/reports/MONITORING_LOG_TIER1.txt,copied
OPTION_C_EXECUTION_COMPLETE.md,docs/reports/OPTION_C_EXECUTION_COMPLETE.md,copied
ORGANIZATIONAL_ANALYSIS_FORWARD_PLAN.md,docs/strategy/ORGANIZATIONAL_ANALYSIS_FORWARD_PLAN.md,copied
PARTNERSHIP_DIVISION_CHARTER.md,docs/business/PARTNERSHIP_DIVISION_CHARTER.md,copied
PATENT_EXECUTION_FOCUS_GROUPS.md,docs/business/PATENT_EXECUTION_FOCUS_GROUPS.md,copied
PHASE_1_DEPLOYMENT_PLAN.md,docs/reports/PHASE_1_DEPLOYMENT_PLAN.md,copied
PHASE_1_EXECUTION_COMPLETE.md,docs/reports/PHASE_1_EXECUTION_COMPLETE.md,copied
PHI_OPTIMIZATION_EXECUTION_COMPLETE.md,speculative/PHI_OPTIMIZATION_EXECUTION_COMPLETE.md,copied
PIPELINE_TEST_REPORT.md,docs/reports/PIPELINE_TEST_REPORT.md,copied
PY_ANALYSIS.md,engineering/specs/PY_ANALYSIS.md,copied
READY_TO_EXECUTE_TOOLKIT.md,docs/strategy/READY_TO_EXECUTE_TOOLKIT.md,copied
RESEARCH_DEVELOPMENT_ARM_CHARTER.md,engineering/specs/RESEARCH_DEVELOPMENT_ARM_CHARTER.md,copied
REVENUE_GENERATION_STRATEGY.md,docs/business/REVENUE_GENERATION_STRATEGY.md,copied
RND_ROADMAP_AND_FINDINGS.md,engineering/specs/RND_ROADMAP_AND_FINDINGS.md,copied
RUN_BUILD_ALL.command,archive/automation/RUN_BUILD_ALL.command,empty-stub
RUN_BUILD_ALL_GUARDED.command,archive/automation/RUN_BUILD_ALL_GUARDED.command,empty-stub
RUN_INSTALL_WORKSPACE_GUARD.command,archive/automation/RUN_INSTALL_WORKSPACE_GUARD.command,empty-stub
RUN_RENDER_GUARDED.command,archive/automation/RUN_RENDER_GUARDED.command,empty-stub
RUN_RESONANCE_SETUP.command,archive/automation/RUN_RESONANCE_SETUP.command,empty-stub
RWR_MODULE_BUILD_PLAN.md,speculative/RWR_MODULE_BUILD_PLAN.md,copied
Reorganize.py,tools/scripts/Reorganize.py,empty-stub
SIMULATION_FRAMEWORK.md,engineering/specs/SIMULATION_FRAMEWORK.md,copied
STELLITE_MATERIALS_STRATEGY.md,engineering/specs/STELLITE_MATERIALS_STRATEGY.md,copied
STORAGE_OPTIMIZATION_ROADMAP_90DAY.md,docs/reports/STORAGE_OPTIMIZATION_ROADMAP_90DAY.md,copied
STORAGE_STRATEGY_SUMMARY.md,docs/reports/STORAGE_STRATEGY_SUMMARY.md,copied
STRATEGIC_FORWARD_PLAN.md,docs/strategy/STRATEGIC_FORWARD_PLAN.md,copied
STRATEGIC_PIVOT_SUMMARY.md,docs/strategy/STRATEGIC_PIVOT_SUMMARY.md,copied
STRATEGIC_TRANSFORMATION_SUMMARY.md,docs/strategy/STRATEGIC_TRANSFORMATION_SUMMARY.md,copied
TEAM_NOTIFICATION.md,docs/business/TEAM_NOTIFICATION.md,copied
TIER2_EXECUTE.ps1,archive/automation/TIER2_EXECUTE.ps1,copied
TIER2_HASH_ANALYSIS.ps1,archive/automation/TIER2_HASH_ANALYSIS.ps1,copied
TRIPLE_CHECK_VERIFICATION_REPORT.md,docs/reports/TRIPLE_CHECK_VERIFICATION_REPORT.md,copied
UNIVERSAL_MASTER_LAUNCH.sh,archive/automation/UNIVERSAL_MASTER_LAUNCH.sh,copied
UNIVERSITY_AGENT_DEPLOYMENT.sh,archive/automation/UNIVERSITY_AGENT_DEPLOYMENT.sh,copied
URUGUAY_PARAGUAY_CASE_ANALYSIS.md,docs/market/URUGUAY_PARAGUAY_CASE_ANALYSIS.md,copied
URUGUAY_PARAGUAY_REGIONAL_STRATEGY.md,docs/market/URUGUAY_PARAGUAY_REGIONAL_STRATEGY.md,copied
VALIDATION_REQUIREMENTS.md,engineering/specs/VALIDATION_REQUIREMENTS.md,copied
VISIONARY_EFFICIENCY_BREAKTHROUGH_ROADMAP.md,speculative/VISIONARY_EFFICIENCY_BREAKTHROUGH_ROADMAP.md,copied
VISIONARY_FRAMEWORK.md,research/visionary/VISIONARY_FRAMEWORK.md,copied
VISIONARY_INSIGHTS_MASTER.md,research/visionary/VISIONARY_INSIGHTS_MASTER.md,copied
VISIONARY_INTELLIGENCE_INTEGRATION_ANALYSIS.md,research/visionary/VISIONARY_INTELLIGENCE_INTEGRATION_ANALYSIS.md,copied
VISIONARY_INTELLIGENCE_STATUS_SUMMARY.md,research/visionary/VISIONARY_INTELLIGENCE_STATUS_SUMMARY.md,copied
VISIONARY_RESEARCH_COMPLETION_PLAN.md,research/visionary/VISIONARY_RESEARCH_COMPLETION_PLAN.md,copied
VISIONARY_RESEARCH_IMPORT_STATUS.md,research/visionary/VISIONARY_RESEARCH_IMPORT_STATUS.md,copied
VISIONARY_RESEARCH_PHASE1_COMPLETE.md,research/visionary/VISIONARY_RESEARCH_PHASE1_COMPLETE.md,copied
WATER_STRUCTURING_TECHNOLOGY_STRATEGY.md,speculative/WATER_STRUCTURING_TECHNOLOGY_STRATEGY.md,copied
WORKFLOW_VISION_TO_PRODUCTION.md,docs/strategy/WORKFLOW_VISION_TO_PRODUCTION.md,copied
ZERO_DATA_LOSS_RECOVERY.sh,tools/scripts/ZERO_DATA_LOSS_RECOVERY.sh,copied
activate_microhydro_content.sh,archive/unsorted/activate_microhydro_content.sh,copied
agent_activation_20260213_190000.json,archive/automation/agent_activation_20260213_190000.json,copied
agent_activation_20260213_190000.log,archive/automation/agent_activation_20260213_190000.log,copied
agent_activation_system.py,archive/automation/agent_activation_system.py,copied
agent_toolkit_deployment.py,archive/automation/agent_toolkit_deployment.py,copied
agent_toolkit_deployment_20260213_180000.json,archive/automation/agent_toolkit_deployment_20260213_180000.json,copied
agent_toolkit_deployment_20260213_180000.log,archive/automation/agent_toolkit_deployment_20260213_180000.log,copied
automate_all.py,archive/automation/automate_all.py,copied
automated_activation.py,archive/automation/automated_activation.py,copied
automated_design_validation.py,archive/automation/automated_design_validation.py,copied
automated_validation_execution_20260213_210000.log,archive/automation/automated_validation_execution_20260213_210000.log,copied
automated_validation_results_20260213_210000.json,archive/automation/automated_validation_results_20260213_210000.json,copied
complete_activation_system.sh,archive/automation/complete_activation_system.sh,copied
complete_automation_system.py,archive/automation/complete_automation_system.py,copied
consolidated_automation_log_20260213_160000.txt,archive/automation/consolidated_automation_log_20260213_160000.txt,copied
consolidated_python_automation.py,archive/automation/consolidated_python_automation.py,copied
consolidated_system_manifest_20260213_160000.json,archive/automation/consolidated_system_manifest_20260213_160000.json,copied
content_activation_procedure.sh,archive/automation/content_activation_procedure.sh,copied
digital_design_validation.py,archive/automation/digital_design_validation.py,copied
digital_design_validation_20260213_200000.json,archive/automation/digital_design_validation_20260213_200000.json,copied
digital_design_validation_20260213_200000.log,archive/automation/digital_design_validation_20260213_200000.log,copied
enhanced_automated_validation.py,archive/automation/enhanced_automated_validation.py,copied
enhanced_validation_execution_20260213_210000.log,archive/automation/enhanced_validation_execution_20260213_210000.log,copied
enhanced_validation_results_20260213_210000.json,archive/automation/enhanced_validation_results_20260213_210000.json,copied
expanded_university_agent_deployment_20260213_140000.json,archive/automation/expanded_university_agent_deployment_20260213_140000.json,copied
expanded_university_deployment_log_20260213_140000.txt,archive/automation/expanded_university_deployment_log_20260213_140000.txt,copied
file_inventory.csv,docs/reports/file_inventory.csv,copied
find_and_run_python.sh,archive/automation/find_and_run_python.sh,copied
flow_cube_project_plan.md,engineering/specs/flow_cube_project_plan.md,copied
generate_copy_commands.sh,archive/automation/generate_copy_commands.sh,copied
git_commit_manifest.md,docs/reports/git_commit_manifest.md,copied
git_commit_manifest_20260213_150000.json,archive/automation/git_commit_manifest_20260213_150000.json,copied
github_activation.py,tools/scripts/github_activation.py,copied
immediate_action_plan.md,docs/strategy/immediate_action_plan.md,copied
launch_automation.bat,archive/automation/launch_automation.bat,copied
launch_automation.sh,archive/automation/launch_automation.sh,copied
master_automation_orchestrator.py,archive/automation/master_automation_orchestrator.py,copied
microhydro_content_activation.py,archive/automation/microhydro_content_activation.py,copied
montevideo_timeline_reality.md,docs/market/montevideo_timeline_reality.md,copied
openclaw_agent_signup_20260213_170000.json,archive/automation/openclaw_agent_signup_20260213_170000.json,copied
openclaw_integration.py,archive/automation/openclaw_integration.py,copied
openclaw_integration_execution_20260213_170000.log,archive/automation/openclaw_integration_execution_20260213_170000.log,copied
partial_activation.py,archive/automation/partial_activation.py,copied
physical_prototyping_roadmap.md,engineering/specs/physical_prototyping_roadmap.md,copied
physics_for_kids.md,docs/strategy/physics_for_kids.md,copied
python_automation_log_20260213_150000.txt,archive/automation/python_automation_log_20260213_150000.txt,copied
python_automation_system.py,archive/automation/python_automation_system.py,copied
resonance_backup_manifest.json,docs/reports/resonance_backup_manifest.json,empty-stub
run_automation.sh,archive/automation/run_automation.sh,copied
run_automation_now.sh,archive/automation/run_automation_now.sh,copied
simple_activation.py,archive/automation/simple_activation.py,copied
source_analysis.py,tools/scripts/source_analysis.py,copied
ultimate_validation.py,archive/automation/ultimate_validation.py,copied
ultimate_validation_execution_20260213_210000.log,archive/automation/ultimate_validation_execution_20260213_210000.log,copied
ultimate_validation_results_20260213_210000.json,archive/automation/ultimate_validation_results_20260213_210000.json,copied
university_agent_deployment_20260213_120000.json,archive/automation/university_agent_deployment_20260213_120000.json,copied
university_deployment_log_20260213_120000.txt,archive/automation/university_deployment_log_20260213_120000.txt,copied
verify_activation.sh,archive/automation/verify_activation.sh,copied
Product/Change_Logs/CHANGELOG.md,engineering/product/Change_Logs/CHANGELOG.md,copied
Product/Documentation/README.md,engineering/product/Documentation/README.md,copied
Product/Documentation/docs/README.md,engineering/product/Documentation/docs/README.md,copied
Product/Documentation/docs/governance/REPO_RULES.md,engineering/product/Documentation/docs/governance/REPO_RULES.md,copied
Product/Reference_Models/MicroHydroV1_Shapr3D_Import/Parts/Diffuser.step,engineering/product/Reference_Models/MicroHydroV1_Shapr3D_Import/Parts/Diffuser.step,copied
Product/Reference_Models/MicroHydroV1_Shapr3D_Import/Parts/FullAssembly.step,engineering/product/Reference_Models/MicroHydroV1_Shapr3D_Import/Parts/FullAssembly.step,copied
Product/Reference_Models/MicroHydroV1_Shapr3D_Import/Parts/Nozzle_9mm.step,engineering/product/Reference_Models/MicroHydroV1_Shapr3D_Import/Parts/Nozzle_9mm.step,copied
Product/Reference_Models/MicroHydroV1_Shapr3D_Import/Parts/RetainerCap.step,engineering/product/Reference_Models/MicroHydroV1_Shapr3D_Import/Parts/RetainerCap.step,copied
Product/Reference_Models/MicroHydroV1_Shapr3D_Import/Parts/VanePack_10deg.step,engineering/product/Reference_Models/MicroHydroV1_Shapr3D_Import/Parts/VanePack_10deg.step,copied
Product/Reference_Models/MicroHydroV1_Shapr3D_Import/Parts/VanePack_20deg.step,engineering/product/Reference_Models/MicroHydroV1_Shapr3D_Import/Parts/VanePack_20deg.step,copied
Product/Reference_Models/MicroHydroV1_Shapr3D_Import/Parts/VanePack_30deg.step,engineering/product/Reference_Models/MicroHydroV1_Shapr3D_Import/Parts/VanePack_30deg.step,copied
Product/Reference_Models/MicroHydroV1_Shapr3D_ReferenceModel/DXF/Diffuser_Profile_Revolve.dxf,engineering/product/Reference_Models/MicroHydroV1_Shapr3D_ReferenceModel/DXF/Diffuser_Profile_Revolve.dxf,copied
Product/Reference_Models/MicroHydroV1_Shapr3D_ReferenceModel/DXF/Nozzle_Profile_Revolve.dxf,engineering/product/Reference_Models/MicroHydroV1_Shapr3D_ReferenceModel/DXF/Nozzle_Profile_Revolve.dxf,copied
Product/Reference_Models/MicroHydroV1_Shapr3D_ReferenceModel/DXF/RetainerCap_Sketch.dxf,engineering/product/Reference_Models/MicroHydroV1_Shapr3D_ReferenceModel/DXF/RetainerCap_Sketch.dxf,copied
Product/Reference_Models/MicroHydroV1_Shapr3D_ReferenceModel/DXF/VanePack_Sketch_10deg.dxf,engineering/product/Reference_Models/MicroHydroV1_Shapr3D_ReferenceModel/DXF/VanePack_Sketch_10deg.dxf,copied
Product/Reference_Models/MicroHydroV1_Shapr3D_ReferenceModel/DXF/VanePack_Sketch_20deg.dxf,engineering/product/Reference_Models/MicroHydroV1_Shapr3D_ReferenceModel/DXF/VanePack_Sketch_20deg.dxf,copied
Product/Reference_Models/MicroHydroV1_Shapr3D_ReferenceModel/DXF/VanePack_Sketch_30deg.dxf,engineering/product/Reference_Models/MicroHydroV1_Shapr3D_ReferenceModel/DXF/VanePack_Sketch_30deg.dxf,copied
Product/Reference_Models/MicroHydroV1_Shapr3D_ReferenceModel/Docs/Parametric_Values.md,engineering/product/Reference_Models/MicroHydroV1_Shapr3D_ReferenceModel/Docs/Parametric_Values.md,copied
Product/Reference_Models/MicroHydroV1_Shapr3D_ReferenceModel/Docs/Shapr3D_Build_Guide.md,engineering/product/Reference_Models/MicroHydroV1_Shapr3D_ReferenceModel/Docs/Shapr3D_Build_Guide.md,copied
Product/Reference_Models/MicroHydroV1_Shapr3D_ReferenceModel/params.json,engineering/product/Reference_Models/MicroHydroV1_Shapr3D_ReferenceModel/params.json,copied
Product/Reference_Models/MicroHydroV1_Shapr3D_ReferenceModel_v2/DXF_R12/Diffuser_Profile_Revolve_HyperbolicLike.dxf,engineering/product/Reference_Models/MicroHydroV1_Shapr3D_ReferenceModel_v2/DXF_R12/Diffuser_Profile_Revolve_HyperbolicLike.dxf,copied
Product/Reference_Models/MicroHydroV1_Shapr3D_ReferenceModel_v2/DXF_R12/Nozzle_Profile_Revolve.dxf,engineering/product/Reference_Models/MicroHydroV1_Shapr3D_ReferenceModel_v2/DXF_R12/Nozzle_Profile_Revolve.dxf,copied
Product/Reference_Models/MicroHydroV1_Shapr3D_ReferenceModel_v2/DXF_R12/RetainerCap_Sketch.dxf,engineering/product/Reference_Models/MicroHydroV1_Shapr3D_ReferenceModel_v2/DXF_R12/RetainerCap_Sketch.dxf,copied
Product/Reference_Models/MicroHydroV1_Shapr3D_ReferenceModel_v2/DXF_R12/VanePack_Sketch_10deg.dxf,engineering/product/Reference_Models/MicroHydroV1_Shapr3D_ReferenceModel_v2/DXF_R12/VanePack_Sketch_10deg.dxf,copied
Product/Reference_Models/MicroHydroV1_Shapr3D_ReferenceModel_v2/DXF_R12/VanePack_Sketch_20deg.dxf,engineering/product/Reference_Models/MicroHydroV1_Shapr3D_ReferenceModel_v2/DXF_R12/VanePack_Sketch_20deg.dxf,copied
Product/Reference_Models/MicroHydroV1_Shapr3D_ReferenceModel_v2/DXF_R12/VanePack_Sketch_30deg.dxf,engineering/product/Reference_Models/MicroHydroV1_Shapr3D_ReferenceModel_v2/DXF_R12/VanePack_Sketch_30deg.dxf,copied
Product/Reference_Models/MicroHydroV1_Shapr3D_ReferenceModel_v2/Docs/Parametric_Values.md,engineering/product/Reference_Models/MicroHydroV1_Shapr3D_ReferenceModel_v2/Docs/Parametric_Values.md,copied
Product/Reference_Models/MicroHydroV1_Shapr3D_ReferenceModel_v2/Docs/Shapr3D_Build_Guide.md,engineering/product/Reference_Models/MicroHydroV1_Shapr3D_ReferenceModel_v2/Docs/Shapr3D_Build_Guide.md,copied
Product/Reference_Models/MicroHydroV1_Shapr3D_ReferenceModel_v2/STL_Reference/Diffuser_Reference.stl,engineering/product/Reference_Models/MicroHydroV1_Shapr3D_ReferenceModel_v2/STL_Reference/Diffuser_Reference.stl,copied
Product/Reference_Models/MicroHydroV1_Shapr3D_ReferenceModel_v2/STL_Reference/Nozzle_Reference.stl,engineering/product/Reference_Models/MicroHydroV1_Shapr3D_ReferenceModel_v2/STL_Reference/Nozzle_Reference.stl,copied
Product/Reference_Models/MicroHydroV1_Shapr3D_ReferenceModel_v2/STL_Reference/RetainerCap_HoleTools.stl,engineering/product/Reference_Models/MicroHydroV1_Shapr3D_ReferenceModel_v2/STL_Reference/RetainerCap_HoleTools.stl,copied
Product/Reference_Models/MicroHydroV1_Shapr3D_ReferenceModel_v2/STL_Reference/RetainerCap_Reference_NO_HOLES.stl,engineering/product/Reference_Models/MicroHydroV1_Shapr3D_ReferenceModel_v2/STL_Reference/RetainerCap_Reference_NO_HOLES.stl,copied
Product/Reference_Models/MicroHydroV1_Shapr3D_ReferenceModel_v2/STL_Reference/VanePack_Reference_12x.stl,engineering/product/Reference_Models/MicroHydroV1_Shapr3D_ReferenceModel_v2/STL_Reference/VanePack_Reference_12x.stl,copied
Product/Releases/MicroHydroV1 — Releases/MicroHydroV1_SharePoint_Version_Control_Configuration_Guide_v1.0 (1).docx,engineering/product/Releases/MicroHydroV1 — Releases/MicroHydroV1_SharePoint_Version_Control_Configuration_Guide_v1.0 (1).docx,copied
Product/Releases/MicroHydroV1_Work/MasterIntegrated_Output/00_Admin/RES_MicroHydroV1_Integration_Log.docx,engineering/product/Releases/MicroHydroV1_Work/MasterIntegrated_Output/00_Admin/RES_MicroHydroV1_Integration_Log.docx,copied
Product/Releases/MicroHydroV1_Work/MasterIntegrated_Output/01_SharePoint_Libraries/MicroHydroV1 — SoT/MicroHydroV1/MANIFEST.json,engineering/product/Releases/MicroHydroV1_Work/MasterIntegrated_Output/01_SharePoint_Libraries/MicroHydroV1 — SoT/MicroHydroV1/MANIFEST.json,copied
Product/Releases/MicroHydroV1_Work/MasterIntegrated_Output/01_SharePoint_Libraries/MicroHydroV1 — SoT/MicroHydroV1/MicroHydroV1_Importer_RunID_Patch_v0.3.0/MANIFEST.json,engineering/product/Releases/MicroHydroV1_Work/MasterIntegrated_Output/01_SharePoint_Libraries/MicroHydroV1 — SoT/MicroHydroV1/MicroHydroV1_Importer_RunID_Patch_v0.3.0/MANIFEST.json,copied
Product/Releases/MicroHydroV1_Work/MasterIntegrated_Output/01_SharePoint_Libraries/MicroHydroV1 — SoT/MicroHydroV1/MicroHydroV1_Importer_RunID_Patch_v0.3.0/MicroHydroV1/automation/import_measurements.py,engineering/product/Releases/MicroHydroV1_Work/MasterIntegrated_Output/01_SharePoint_Libraries/MicroHydroV1 — SoT/MicroHydroV1/MicroHydroV1_Importer_RunID_Patch_v0.3.0/MicroHydroV1/automation/import_measurements.py,copied
Product/Releases/MicroHydroV1_Work/MasterIntegrated_Output/01_SharePoint_Libraries/MicroHydroV1 — SoT/MicroHydroV1/MicroHydroV1_Importer_RunID_Patch_v0.3.0/MicroHydroV1/docs/governance/README_Importer_RunID_Patch.md,engineering/product/Releases/MicroHydroV1_Work/MasterIntegrated_Output/01_SharePoint_Libraries/MicroHydroV1 — SoT/MicroHydroV1/MicroHydroV1_Importer_RunID_Patch_v0.3.0/MicroHydroV1/docs/governance/README_Importer_RunID_Patch.md,copied
Product/Releases/MicroHydroV1_Work/MasterIntegrated_Output/01_SharePoint_Libraries/MicroHydroV1 — SoT/MicroHydroV1/MicroHydroV1_RUN3_AutoFill_Evidence_PLUS_Workbook_v0.3.0/MANIFEST.json,engineering/product/Releases/MicroHydroV1_Work/MasterIntegrated_Output/01_SharePoint_Libraries/MicroHydroV1 — SoT/MicroHydroV1/MicroHydroV1_RUN3_AutoFill_Evidence_PLUS_Workbook_v0.3.0/MANIFEST.json,copied
Product/Releases/MicroHydroV1_Work/MasterIntegrated_Output/01_SharePoint_Libraries/MicroHydroV1 — SoT/MicroHydroV1/MicroHydroV1_RUN3_AutoFill_Evidence_PLUS_Workbook_v0.3.0/MicroHydroV1/docs/run3/README_AUTOFILL.md,engineering/product/Releases/MicroHydroV1_Work/MasterIntegrated_Output/01_SharePoint_Libraries/MicroHydroV1 — SoT/MicroHydroV1/MicroHydroV1_RUN3_AutoFill_Evidence_PLUS_Workbook_v0.3.0/MicroHydroV1/docs/run3/README_AUTOFILL.md,copied
Product/Releases/MicroHydroV1_Work/MasterIntegrated_Output/01_SharePoint_Libraries/MicroHydroV1 — SoT/MicroHydroV1/MicroHydroV1_RUN3_AutoFill_Evidence_PLUS_Workbook_v0.3.0/MicroHydroV1/docs/run3/RUN3_Evidence_Template.docx,engineering/product/Releases/MicroHydroV1_Work/MasterIntegrated_Output/01_SharePoint_Libraries/MicroHydroV1 — SoT/MicroHydroV1/MicroHydroV1_RUN3_AutoFill_Evidence_PLUS_Workbook_v0.3.0/MicroHydroV1/docs/run3/RUN3_Evidence_Template.docx,copied
Product/Releases/MicroHydroV1_Work/MasterIntegrated_Output/01_SharePoint_Libraries/MicroHydroV1 — SoT/MicroHydroV1/MicroHydroV1_RUN3_AutoFill_Evidence_PLUS_Workbook_v0.3.0/MicroHydroV1/tools/plots/plot_t002_psd_peakiness.py,engineering/product/Releases/MicroHydroV1_Work/MasterIntegrated_Output/01_SharePoint_Libraries/MicroHydroV1 — SoT/MicroHydroV1/MicroHydroV1_RUN3_AutoFill_Evidence_PLUS_Workbook_v0.3.0/MicroHydroV1/tools/plots/plot_t002_psd_peakiness.py,copied
Product/Releases/MicroHydroV1_Work/MasterIntegrated_Output/01_SharePoint_Libraries/MicroHydroV1 — SoT/MicroHydroV1/MicroHydroV1_RUN3_AutoFill_Evidence_PLUS_Workbook_v0.3.0/MicroHydroV1/tools/workflow/autofill_evidence_doc.py,engineering/product/Releases/MicroHydroV1_Work/MasterIntegrated_Output/01_SharePoint_Libraries/MicroHydroV1 — SoT/MicroHydroV1/MicroHydroV1_RUN3_AutoFill_Evidence_PLUS_Workbook_v0.3.0/MicroHydroV1/tools/workflow/autofill_evidence_doc.py,copied
Product/Releases/MicroHydroV1_Work/MasterIntegrated_Output/01_SharePoint_Libraries/MicroHydroV1 — SoT/MicroHydroV1/MicroHydroV1_RUN3_AutoFill_Evidence_RUNID_BASELINE_v0.3.0/MANIFEST.json,engineering/product/Releases/MicroHydroV1_Work/MasterIntegrated_Output/01_SharePoint_Libraries/MicroHydroV1 — SoT/MicroHydroV1/MicroHydroV1_RUN3_AutoFill_Evidence_RUNID_BASELINE_v0.3.0/MANIFEST.json,copied
Product/Releases/MicroHydroV1_Work/MasterIntegrated_Output/01_SharePoint_Libraries/MicroHydroV1 — SoT/MicroHydroV1/MicroHydroV1_RUN3_AutoFill_Evidence_RUNID_BASELINE_v0.3.0/MicroHydroV1/docs/run3/README_AUTOFILL.md,engineering/product/Releases/MicroHydroV1_Work/MasterIntegrated_Output/01_SharePoint_Libraries/MicroHydroV1 — SoT/MicroHydroV1/MicroHydroV1_RUN3_AutoFill_Evidence_RUNID_BASELINE_v0.3.0/MicroHydroV1/docs/run3/README_AUTOFILL.md,copied
Product/Releases/MicroHydroV1_Work/MasterIntegrated_Output/01_SharePoint_Libraries/MicroHydroV1 — SoT/MicroHydroV1/MicroHydroV1_RUN3_AutoFill_Evidence_RUNID_BASELINE_v0.3.0/MicroHydroV1/tools/workflow/autofill_evidence_doc.py,engineering/product/Releases/MicroHydroV1_Work/MasterIntegrated_Output/01_SharePoint_Libraries/MicroHydroV1 — SoT/MicroHydroV1/MicroHydroV1_RUN3_AutoFill_Evidence_RUNID_BASELINE_v0.3.0/MicroHydroV1/tools/workflow/autofill_evidence_doc.py,copied
Product/Releases/MicroHydroV1_Work/MasterIntegrated_Output/01_SharePoint_Libraries/MicroHydroV1 — SoT/MicroHydroV1/MicroHydroV1_RunID_Migrator_v0.3.0/MANIFEST.json,engineering/product/Releases/MicroHydroV1_Work/MasterIntegrated_Output/01_SharePoint_Libraries/MicroHydroV1 — SoT/MicroHydroV1/MicroHydroV1_RunID_Migrator_v0.3.0/MANIFEST.json,copied
Product/Releases/MicroHydroV1_Work/MasterIntegrated_Output/01_SharePoint_Libraries/MicroHydroV1 — SoT/MicroHydroV1/MicroHydroV1_RunID_Migrator_v0.3.0/MicroHydroV1/docs/governance/README_RunID_Migration.md,engineering/product/Releases/MicroHydroV1_Work/MasterIntegrated_Output/01_SharePoint_Libraries/MicroHydroV1 — SoT/MicroHydroV1/MicroHydroV1_RunID_Migrator_v0.3.0/MicroHydroV1/docs/governance/README_RunID_Migration.md,copied
Product/Releases/MicroHydroV1_Work/MasterIntegrated_Output/01_SharePoint_Libraries/MicroHydroV1 — SoT/MicroHydroV1/MicroHydroV1_RunID_Migrator_v0.3.0/MicroHydroV1/tools/workflow/migrate_add_run_id.py,engineering/product/Releases/MicroHydroV1_Work/MasterIntegrated_Output/01_SharePoint_Libraries/MicroHydroV1 — SoT/MicroHydroV1/MicroHydroV1_RunID_Migrator_v0.3.0/MicroHydroV1/tools/workflow/migrate_add_run_id.py,copied
Product/Releases/MicroHydroV1_Work/MasterIntegrated_Output/01_SharePoint_Libraries/MicroHydroV1 — SoT/MicroHydroV1/README.md,engineering/product/Releases/MicroHydroV1_Work/MasterIntegrated_Output/01_SharePoint_Libraries/MicroHydroV1 — SoT/MicroHydroV1/README.md,copied
Product/Releases/MicroHydroV1_Work/MasterIntegrated_Output/01_SharePoint_Libraries/MicroHydroV1 — SoT/MicroHydroV1/automation/Import_Config.json,engineering/product/Releases/MicroHydroV1_Work/MasterIntegrated_Output/01_SharePoint_Libraries/MicroHydroV1 — SoT/MicroHydroV1/automation/Import_Config.json,copied
Product/Releases/MicroHydroV1_Work/MasterIntegrated_Output/01_SharePoint_Libraries/MicroHydroV1 — SoT/MicroHydroV1/cad/macros/01_Diffuser/build_diffuser.FCMacro,engineering/product/Releases/MicroHydroV1_Work/MasterIntegrated_Output/01_SharePoint_Libraries/MicroHydroV1 — SoT/MicroHydroV1/cad/macros/01_Diffuser/build_diffuser.FCMacro,copied
Product/Releases/MicroHydroV1_Work/MasterIntegrated_Output/01_SharePoint_Libraries/MicroHydroV1 — SoT/MicroHydroV1/cad/macros/02_Nozzle/build_nozzle.FCMacro,engineering/product/Releases/MicroHydroV1_Work/MasterIntegrated_Output/01_SharePoint_Libraries/MicroHydroV1 — SoT/MicroHydroV1/cad/macros/02_Nozzle/build_nozzle.FCMacro,copied
Product/Releases/MicroHydroV1_Work/MasterIntegrated_Output/01_SharePoint_Libraries/MicroHydroV1 — SoT/MicroHydroV1/cad/macros/03_VanePacks/build_vanepacks.FCMacro,engineering/product/Releases/MicroHydroV1_Work/MasterIntegrated_Output/01_SharePoint_Libraries/MicroHydroV1 — SoT/MicroHydroV1/cad/macros/03_VanePacks/build_vanepacks.FCMacro,copied
Product/Releases/MicroHydroV1_Work/MasterIntegrated_Output/01_SharePoint_Libraries/MicroHydroV1 — SoT/MicroHydroV1/cad/macros/04_Retainer/build_retainer.FCMacro,engineering/product/Releases/MicroHydroV1_Work/MasterIntegrated_Output/01_SharePoint_Libraries/MicroHydroV1 — SoT/MicroHydroV1/cad/macros/04_Retainer/build_retainer.FCMacro,copied
Product/Releases/MicroHydroV1_Work/MasterIntegrated_Output/01_SharePoint_Libraries/MicroHydroV1 — SoT/MicroHydroV1/cad/macros/Assembly/build_assembly.FCMacro,engineering/product/Releases/MicroHydroV1_Work/MasterIntegrated_Output/01_SharePoint_Libraries/MicroHydroV1 — SoT/MicroHydroV1/cad/macros/Assembly/build_assembly.FCMacro,copied
Product/Releases/MicroHydroV1_Work/MasterIntegrated_Output/01_SharePoint_Libraries/MicroHydroV1 — SoT/MicroHydroV1/cad/macros/README.txt,engineering/product/Releases/MicroHydroV1_Work/MasterIntegrated_Output/01_SharePoint_Libraries/MicroHydroV1 — SoT/MicroHydroV1/cad/macros/README.txt,copied
Product/Releases/MicroHydroV1_Work/MasterIntegrated_Output/01_SharePoint_Libraries/MicroHydroV1 — SoT/MicroHydroV1/cad/macros/build_all.FCMacro,engineering/product/Releases/MicroHydroV1_Work/MasterIntegrated_Output/01_SharePoint_Libraries/MicroHydroV1 — SoT/MicroHydroV1/cad/macros/build_all.FCMacro,copied
Product/Releases/MicroHydroV1_Work/MasterIntegrated_Output/01_SharePoint_Libraries/MicroHydroV1 — SoT/MicroHydroV1/cad/macros/params.json,engineering/product/Releases/MicroHydroV1_Work/MasterIntegrated_Output/01_SharePoint_Libraries/MicroHydroV1 — SoT/MicroHydroV1/cad/macros/params.json,copied
Product/Releases/MicroHydroV1_Work/MasterIntegrated_Output/01_SharePoint_Libraries/MicroHydroV1 — SoT/MicroHydroV1/cad/macros/scripts/export_batch.FCMacro,engineering/product/Releases/MicroHydroV1_Work/MasterIntegrated_Output/01_SharePoint_Libraries/MicroHydroV1 — SoT/MicroHydroV1/cad/macros/scripts/export_batch.FCMacro,copied
Product/Releases/MicroHydroV1_Work/MasterIntegrated_Output/01_SharePoint_Libraries/MicroHydroV1 — SoT/MicroHydroV1/cad/params/params.json,engineering/product/Releases/MicroHydroV1_Work/MasterIntegrated_Output/01_SharePoint_Libraries/MicroHydroV1 — SoT/MicroHydroV1/cad/params/params.json,copied
Product/Releases/MicroHydroV1_Work/MasterIntegrated_Output/01_SharePoint_Libraries/MicroHydroV1 — SoT/MicroHydroV1/docs/Jet_Coherence_Procedure.docx,engineering/product/Releases/MicroHydroV1_Work/MasterIntegrated_Output/01_SharePoint_Libraries/MicroHydroV1 — SoT/MicroHydroV1/docs/Jet_Coherence_Procedure.docx,copied
Product/Releases/MicroHydroV1_Work/MasterIntegrated_Output/01_SharePoint_Libraries/MicroHydroV1 — SoT/MicroHydroV1/docs/Master_Index.docx,engineering/product/Releases/MicroHydroV1_Work/MasterIntegrated_Output/01_SharePoint_Libraries/MicroHydroV1 — SoT/MicroHydroV1/docs/Master_Index.docx,copied
Product/Releases/MicroHydroV1_Work/MasterIntegrated_Output/01_SharePoint_Libraries/MicroHydroV1 — SoT/MicroHydroV1/docs/PASS_A_FULL_RevA.docx,engineering/product/Releases/MicroHydroV1_Work/MasterIntegrated_Output/01_SharePoint_Libraries/MicroHydroV1 — SoT/MicroHydroV1/docs/PASS_A_FULL_RevA.docx,copied
Product/Releases/MicroHydroV1_Work/MasterIntegrated_Output/01_SharePoint_Libraries/MicroHydroV1 — SoT/MicroHydroV1/docs/Run_of_Show_Checklist.docx,engineering/product/Releases/MicroHydroV1_Work/MasterIntegrated_Output/01_SharePoint_Libraries/MicroHydroV1 — SoT/MicroHydroV1/docs/Run_of_Show_Checklist.docx,copied
Product/Releases/MicroHydroV1_Work/MasterIntegrated_Output/01_SharePoint_Libraries/MicroHydroV1 — SoT/MicroHydroV1/docs/Tank_Ripple_Procedure.docx,engineering/product/Releases/MicroHydroV1_Work/MasterIntegrated_Output/01_SharePoint_Libraries/MicroHydroV1 — SoT/MicroHydroV1/docs/Tank_Ripple_Procedure.docx,copied
Product/Releases/MicroHydroV1_Work/MasterIntegrated_Output/01_SharePoint_Libraries/MicroHydroV1 — SoT/MicroHydroV1/docs/Test_Campaign_Plan.docx,engineering/product/Releases/MicroHydroV1_Work/MasterIntegrated_Output/01_SharePoint_Libraries/MicroHydroV1 — SoT/MicroHydroV1/docs/Test_Campaign_Plan.docx,copied
Product/Releases/MicroHydroV1_Work/MasterIntegrated_Output/01_SharePoint_Libraries/MicroHydroV1 — SoT/MicroHydroV1/docs/architecture_diagram.png,engineering/product/Releases/MicroHydroV1_Work/MasterIntegrated_Output/01_SharePoint_Libraries/MicroHydroV1 — SoT/MicroHydroV1/docs/architecture_diagram.png,copied
Product/Releases/MicroHydroV1_Work/MasterIntegrated_Output/01_SharePoint_Libraries/MicroHydroV1 — SoT/MicroHydroV1/tools/optimize/opt_config.json,engineering/product/Releases/MicroHydroV1_Work/MasterIntegrated_Output/01_SharePoint_Libraries/MicroHydroV1 — SoT/MicroHydroV1/tools/optimize/opt_config.json,copied
Product/Releases/MicroHydroV1_Work/MasterIntegrated_Output/01_SharePoint_Libraries/MicroHydroV1 — SoT/MicroHydroV1/tools/optimize/optimize_params.py,engineering/product/Releases/MicroHydroV1_Work/MasterIntegrated_Output/01_SharePoint_Libraries/MicroHydroV1 — SoT/MicroHydroV1/tools/optimize/optimize_params.py,copied
Product/Releases/MicroHydroV1_Work/MasterIntegrated_Output/01_SharePoint_Libraries/MicroHydroV1 — SoT/MicroHydroV1/tools/release/make_release.py,engineering/product/Releases/MicroHydroV1_Work/MasterIntegrated_Output/01_SharePoint_Libraries/MicroHydroV1 — SoT/MicroHydroV1/tools/release/make_release.py,copied
Product/Releases/MicroHydroV1_Work/MasterIntegrated_Output/01_SharePoint_Libraries/MicroHydroV1 — SoT/MicroHydroV1/tools/run_pipeline.py,engineering/product/Releases/MicroHydroV1_Work/MasterIntegrated_Output/01_SharePoint_Libraries/MicroHydroV1 — SoT/MicroHydroV1/tools/run_pipeline.py,copied
Product/Releases/MicroHydroV1_Work/MasterIntegrated_Output/01_SharePoint_Libraries/MicroHydroV1 — SoT/MicroHydroV1/tools/validate/validate_repo.py,engineering/product/Releases/MicroHydroV1_Work/MasterIntegrated_Output/01_SharePoint_Libraries/MicroHydroV1 — SoT/MicroHydroV1/tools/validate/validate_repo.py,copied
Product/Releases/MicroHydroV1_Work/MasterIntegrated_Output/02_Canonical_Working_Tree/MicroHydroV1/MANIFEST.json,engineering/product/Releases/MicroHydroV1_Work/MasterIntegrated_Output/02_Canonical_Working_Tree/MicroHydroV1/MANIFEST.json,copied
Product/Releases/MicroHydroV1_Work/MasterIntegrated_Output/02_Canonical_Working_Tree/MicroHydroV1/README.md,engineering/product/Releases/MicroHydroV1_Work/MasterIntegrated_Output/02_Canonical_Working_Tree/MicroHydroV1/README.md,copied
Product/Releases/MicroHydroV1_Work/MasterIntegrated_Output/02_Canonical_Working_Tree/MicroHydroV1/docs/automation/PowerAutomate_Flows_SoT_to_Release.md,engineering/product/Releases/MicroHydroV1_Work/MasterIntegrated_Output/02_Canonical_Working_Tree/MicroHydroV1/docs/automation/PowerAutomate_Flows_SoT_to_Release.md,copied
Product/Releases/MicroHydroV1_Work/MasterIntegrated_Output/02_Canonical_Working_Tree/MicroHydroV1/docs/automation/README_Calibration_and_AutoEmbed.md,engineering/product/Releases/MicroHydroV1_Work/MasterIntegrated_Output/02_Canonical_Working_Tree/MicroHydroV1/docs/automation/README_Calibration_and_AutoEmbed.md,copied
Product/Releases/MicroHydroV1_Work/MasterIntegrated_Output/02_Canonical_Working_Tree/MicroHydroV1/docs/automation/README_DO_ALL.md,engineering/product/Releases/MicroHydroV1_Work/MasterIntegrated_Output/02_Canonical_Working_Tree/MicroHydroV1/docs/automation/README_DO_ALL.md,copied
Product/Releases/MicroHydroV1_Work/MasterIntegrated_Output/02_Canonical_Working_Tree/MicroHydroV1/docs/run3/README_AUTOFILL.md,engineering/product/Releases/MicroHydroV1_Work/MasterIntegrated_Output/02_Canonical_Working_Tree/MicroHydroV1/docs/run3/README_AUTOFILL.md,copied
Product/Releases/MicroHydroV1_Work/MasterIntegrated_Output/02_Canonical_Working_Tree/MicroHydroV1/docs/run3/RUN3_Evidence_Template.md,engineering/product/Releases/MicroHydroV1_Work/MasterIntegrated_Output/02_Canonical_Working_Tree/MicroHydroV1/docs/run3/RUN3_Evidence_Template.md,copied
Product/Releases/MicroHydroV1_Work/MasterIntegrated_Output/02_Canonical_Working_Tree/MicroHydroV1/docs/run3/RUN3_Operator_Card.md,engineering/product/Releases/MicroHydroV1_Work/MasterIntegrated_Output/02_Canonical_Working_Tree/MicroHydroV1/docs/run3/RUN3_Operator_Card.md,copied
Product/Releases/MicroHydroV1_Work/MasterIntegrated_Output/02_Canonical_Working_Tree/MicroHydroV1/tools/cad/apply_optimized_params.py,engineering/product/Releases/MicroHydroV1_Work/MasterIntegrated_Output/02_Canonical_Working_Tree/MicroHydroV1/tools/cad/apply_optimized_params.py,copied
Product/Releases/MicroHydroV1_Work/MasterIntegrated_Output/02_Canonical_Working_Tree/MicroHydroV1/tools/cad/build_all_use_optimized.FCMacro,engineering/product/Releases/MicroHydroV1_Work/MasterIntegrated_Output/02_Canonical_Working_Tree/MicroHydroV1/tools/cad/build_all_use_optimized.FCMacro,copied
Product/Releases/MicroHydroV1_Work/MasterIntegrated_Output/02_Canonical_Working_Tree/MicroHydroV1/tools/optimize/optimize_params.py,engineering/product/Releases/MicroHydroV1_Work/MasterIntegrated_Output/02_Canonical_Working_Tree/MicroHydroV1/tools/optimize/optimize_params.py,copied
Product/Releases/MicroHydroV1_Work/MasterIntegrated_Output/02_Canonical_Working_Tree/MicroHydroV1/tools/validate/validate_repo.py,engineering/product/Releases/MicroHydroV1_Work/MasterIntegrated_Output/02_Canonical_Working_Tree/MicroHydroV1/tools/validate/validate_repo.py,copied
Product/Releases/MicroHydroV1_Work/MasterIntegrated_Output/02_Canonical_Working_Tree/MicroHydroV1/tools/workflow/autofill_evidence_doc.py,engineering/product/Releases/MicroHydroV1_Work/MasterIntegrated_Output/02_Canonical_Working_Tree/MicroHydroV1/tools/workflow/autofill_evidence_doc.py,copied
Product/Releases/MicroHydroV1_Work/MasterIntegrated_Output/02_Canonical_Working_Tree/MicroHydroV1/tools/workflow/run_closed_loop.py,engineering/product/Releases/MicroHydroV1_Work/MasterIntegrated_Output/02_Canonical_Working_Tree/MicroHydroV1/tools/workflow/run_closed_loop.py,copied
Product/Releases/MicroHydroV1_Work/MasterIntegrated_Output/04_Reports/canonical_conflicts.json,engineering/product/Releases/MicroHydroV1_Work/MasterIntegrated_Output/04_Reports/canonical_conflicts.json,copied
Product/Releases/MicroHydroV1_Work/MasterIntegrated_Output/04_Reports/duplicates_by_sha256.csv,engineering/product/Releases/MicroHydroV1_Work/MasterIntegrated_Output/04_Reports/duplicates_by_sha256.csv,copied
Product/Releases/MicroHydroV1_Work/MasterIntegrated_Output/04_Reports/inventory_all_files.csv,engineering/product/Releases/MicroHydroV1_Work/MasterIntegrated_Output/04_Reports/inventory_all_files.csv,copied
Product/Releases/MicroHydroV1_Work/MasterIntegrated_Output/04_Reports/inventory_all_files.json,engineering/product/Releases/MicroHydroV1_Work/MasterIntegrated_Output/04_Reports/inventory_all_files.json,copied
Product/Releases/MicroHydroV1_Work/MasterIntegrated_Output/04_Reports/summary.json,engineering/product/Releases/MicroHydroV1_Work/MasterIntegrated_Output/04_Reports/summary.json,copied
Product/Releases/MicroHydroV1_Work/MasterIntegrated_Output/05_Tools/microhydro_master_integrator.py,engineering/product/Releases/MicroHydroV1_Work/MasterIntegrated_Output/05_Tools/microhydro_master_integrator.py,copied
Product/Releases/MicroHydroV1_Work/MasterIntegrated_Output/05_Tools/policy_config.json,engineering/product/Releases/MicroHydroV1_Work/MasterIntegrated_Output/05_Tools/policy_config.json,copied
Product/Releases/MicroHydroV1_Work/tools/README.md,engineering/product/Releases/MicroHydroV1_Work/tools/README.md,copied
Implementation/MicroHydroV1/.github/workflows/validate.yml,engineering/microhydro-v1/.github/workflows/validate.yml,copied
Implementation/MicroHydroV1/.gitignore,engineering/microhydro-v1/.gitignore,copied
Implementation/MicroHydroV1/README.md,engineering/microhydro-v1/README.md,copied
Implementation/MicroHydroV1/automation/README.md,engineering/microhydro-v1/automation/README.md,copied
Implementation/MicroHydroV1/cad/README.md,engineering/microhydro-v1/cad/README.md,copied
Implementation/MicroHydroV1/data/README.md,engineering/microhydro-v1/data/README.md,copied
Implementation/MicroHydroV1/tests/README.md,engineering/microhydro-v1/tests/README.md,copied
Implementation/MicroHydroV1/tools/validate/validate_repo.py,engineering/microhydro-v1/tools/validate/validate_repo.py,copied
Implementation/MicroHydroV1 — SoT/MicroHydroV1/automation/Measurements_Import_Template.csv,engineering/microhydro-v1-sot/MicroHydroV1/automation/Measurements_Import_Template.csv,copied
Implementation/MicroHydroV1 — SoT/MicroHydroV1/automation/MicroHydroV1_RnD_Export.xlsx,engineering/microhydro-v1-sot/MicroHydroV1/automation/MicroHydroV1_RnD_Export.xlsx,copied
Implementation/MicroHydroV1 — SoT/MicroHydroV1/docs/addons/zips/MicroHydroV1_Calibration_AutoEmbed_AddOn_v0.3.0 (1).zip,engineering/microhydro-v1-sot/MicroHydroV1/docs/addons/zips/MicroHydroV1_Calibration_AutoEmbed_AddOn_v0.3.0 (1).zip,copied
Implementation/MicroHydroV1 — SoT/MicroHydroV1/docs/addons/zips/MicroHydroV1_DO_ALL_AddOn_v0.3.0 (1).zip,engineering/microhydro-v1-sot/MicroHydroV1/docs/addons/zips/MicroHydroV1_DO_ALL_AddOn_v0.3.0 (1).zip,copied
Implementation/MicroHydroV1 — SoT/MicroHydroV1/docs/addons/zips/MicroHydroV1_RUN3_AutoFill_Evidence_PLUS_Workbook_T002_v0.3.0.zip,engineering/microhydro-v1-sot/MicroHydroV1/docs/addons/zips/MicroHydroV1_RUN3_AutoFill_Evidence_PLUS_Workbook_T002_v0.3.0.zip,copied
Implementation/MicroHydroV1 — SoT/MicroHydroV1/docs/addons/zips/MicroHydroV1_RUN3_AutoFill_Evidence_v0.3.0.zip,engineering/microhydro-v1-sot/MicroHydroV1/docs/addons/zips/MicroHydroV1_RUN3_AutoFill_Evidence_v0.3.0.zip,copied
Implementation/MicroHydroV1 — SoT/MicroHydroV1/docs/addons/zips/MicroHydroV1_RUN3_DoAll_Templates_Plots (1).zip,engineering/microhydro-v1-sot/MicroHydroV1/docs/addons/zips/MicroHydroV1_RUN3_DoAll_Templates_Plots (1).zip,copied
Implementation/MicroHydroV1 — SoT/MicroHydroV1/docs/addons/zips/MicroHydroV1_v0.3.0_FULL_LOCKED_PressurePa (1).zip,engineering/microhydro-v1-sot/MicroHydroV1/docs/addons/zips/MicroHydroV1_v0.3.0_FULL_LOCKED_PressurePa (1).zip,copied
Implementation/MicroHydroV1 — SoT/MicroHydroV1/docs/templates/DAQ_Logger_Config_RUN3.xlsx,engineering/microhydro-v1-sot/MicroHydroV1/docs/templates/DAQ_Logger_Config_RUN3.xlsx,copied
Implementation/MicroHydroV1 — SoT/MicroHydroV1/docs/templates/PT_Calibration_PressurePa_TimeS_100Hz.xlsx,engineering/microhydro-v1-sot/MicroHydroV1/docs/templates/PT_Calibration_PressurePa_TimeS_100Hz.xlsx,copied
Implementation/MicroHydroV1 — SoT/MicroHydroV1/docs/templates/T002_TankRipple_TimeSeries_Template.csv,engineering/microhydro-v1-sot/MicroHydroV1/docs/templates/T002_TankRipple_TimeSeries_Template.csv,copied
Implementation/MicroHydroV1 — SoT/MicroHydroV1/docs/templates/T003_ELC_Frequency_TimeSeries_Template.csv,engineering/microhydro-v1-sot/MicroHydroV1/docs/templates/T003_ELC_Frequency_TimeSeries_Template.csv,copied
Implementation/MicroHydroV1 — SoT/MicroHydroV1/tests/raw/2026-01-22_Run1_ELCStability/T003_ELCStability_Run1.csv,engineering/microhydro-v1-sot/MicroHydroV1/tests/raw/2026-01-22_Run1_ELCStability/T003_ELCStability_Run1.csv,copied
Implementation/MicroHydroV1 — SoT/MicroHydroV1/tests/raw/2026-01-22_Run1_JetCoherence/T001_JetCoherence_Run1.csv,engineering/microhydro-v1-sot/MicroHydroV1/tests/raw/2026-01-22_Run1_JetCoherence/T001_JetCoherence_Run1.csv,copied
Implementation/MicroHydroV1 — SoT/MicroHydroV1/tests/raw/2026-01-22_Run1_Power/T004_Power_Run1.csv,engineering/microhydro-v1-sot/MicroHydroV1/tests/raw/2026-01-22_Run1_Power/T004_Power_Run1.csv,copied
Implementation/MicroHydroV1 — SoT/MicroHydroV1/tests/raw/2026-01-22_Run1_TankRipple/T002_TankRipple_Run1.csv,engineering/microhydro-v1-sot/MicroHydroV1/tests/raw/2026-01-22_Run1_TankRipple/T002_TankRipple_Run1.csv,copied
Implementation/MicroHydroV1 — SoT/MicroHydroV1_FastTrack_Bundle.zip,engineering/microhydro-v1-sot/MicroHydroV1_FastTrack_Bundle.zip,copied
Implementation/MicroHydroV1 — SoT/MicroHydroV1_Phase3_Automation_Pack_macOS_OpenReleases.zip,engineering/microhydro-v1-sot/MicroHydroV1_Phase3_Automation_Pack_macOS_OpenReleases.zip,copied
Implementation/MicroHydroV1 — SoT/MicroHydroV1_Phase4_SmartRuns_Pack_macOS.zip,engineering/microhydro-v1-sot/MicroHydroV1_Phase4_SmartRuns_Pack_macOS.zip,copied
Implementation/MicroHydroV1 — SoT/MicroHydroV1_RC1.zip,engineering/microhydro-v1-sot/MicroHydroV1_RC1.zip,copied
Implementation/MicroHydroV1 — SoT/MicroHydroV1_RunID_Migrator_v0.3.0.zip,engineering/microhydro-v1-sot/MicroHydroV1_RunID_Migrator_v0.3.0.zip,copied
Implementation/MicroHydroV1 — SoT/MicroHydroV1_SoT_Package.zip,engineering/microhydro-v1-sot/MicroHydroV1_SoT_Package.zip,copied
IT/System_of_Truth/MicroHydroV1 — SoT/MicroHydroV1/docs/CONSOLIDATION_SUMMARY.md,engineering/microhydro-v1-sot/MicroHydroV1/docs/CONSOLIDATION_SUMMARY.md,copied
Engineering/RnD/Protocols/PROTOCOL_001_PHI_TURBINE_DESKTOP_TEST.md,engineering/protocols/Protocols/PROTOCOL_001_PHI_TURBINE_DESKTOP_TEST.md,copied
Engineering/CAD/MicroHydroV1_CAD Archive/MicroHydroV1_Bench_Test_Tracker.xlsx,engineering/cad/MicroHydroV1_CAD Archive/MicroHydroV1_Bench_Test_Tracker.xlsx,copied
Engineering/CAD/MicroHydroV1_CAD Archive/MicroHydroV1_CAD/01_Diffuser/01_Diffuser_build_diffuser.FCMacro,engineering/cad/MicroHydroV1_CAD Archive/MicroHydroV1_CAD/01_Diffuser/01_Diffuser_build_diffuser.FCMacro,copied
Engineering/CAD/MicroHydroV1_CAD Archive/MicroHydroV1_CAD/01_Diffuser/build_diffuser.FCMacro,engineering/cad/MicroHydroV1_CAD Archive/MicroHydroV1_CAD/01_Diffuser/build_diffuser.FCMacro,copied
Engineering/CAD/MicroHydroV1_CAD Archive/MicroHydroV1_CAD/02_Nozzle/02_Nozzle_build_nozzle.FCMacro,engineering/cad/MicroHydroV1_CAD Archive/MicroHydroV1_CAD/02_Nozzle/02_Nozzle_build_nozzle.FCMacro,copied
Engineering/CAD/MicroHydroV1_CAD Archive/MicroHydroV1_CAD/03_VanePacks/03_VanePacks_build_vanepacks.FCMacro,engineering/cad/MicroHydroV1_CAD Archive/MicroHydroV1_CAD/03_VanePacks/03_VanePacks_build_vanepacks.FCMacro,copied
Engineering/CAD/MicroHydroV1_CAD Archive/MicroHydroV1_CAD/04_Retainer/04_Retainer_build_retainer.FCMacro,engineering/cad/MicroHydroV1_CAD Archive/MicroHydroV1_CAD/04_Retainer/04_Retainer_build_retainer.FCMacro,copied
Engineering/CAD/MicroHydroV1_CAD Archive/MicroHydroV1_CAD/MicroHydroV1/CAD/params.json,engineering/cad/MicroHydroV1_CAD Archive/MicroHydroV1_CAD/MicroHydroV1/CAD/params.json,copied
Engineering/CAD/MicroHydroV1_CAD Archive/MicroHydroV1_CAD/MicroHydroV1/InitGui.py,engineering/cad/MicroHydroV1_CAD Archive/MicroHydroV1_CAD/MicroHydroV1/InitGui.py,copied
Engineering/CAD/MicroHydroV1_CAD Archive/MicroHydroV1_CAD/MicroHydroV1/init.py,engineering/cad/MicroHydroV1_CAD Archive/MicroHydroV1_CAD/MicroHydroV1/init.py,copied
Engineering/CAD/MicroHydroV1_CAD Archive/MicroHydroV1_CAD/MicroHydroV1_Addon_macOS.zip,engineering/cad/MicroHydroV1_CAD Archive/MicroHydroV1_CAD/MicroHydroV1_Addon_macOS.zip,copied
Engineering/CAD/MicroHydroV1_CAD Archive/MicroHydroV1_CAD/MicroHydroV1_Complete_Engineering_Package.zip,engineering/cad/MicroHydroV1_CAD Archive/MicroHydroV1_CAD/MicroHydroV1_Complete_Engineering_Package.zip,copied
Engineering/CAD/MicroHydroV1_CAD Archive/MicroHydroV1_CAD/MicroHydroV1_InModule_Installer/InitGui.py,engineering/cad/MicroHydroV1_CAD Archive/MicroHydroV1_CAD/MicroHydroV1_InModule_Installer/InitGui.py,copied
Engineering/CAD/MicroHydroV1_CAD Archive/MicroHydroV1_CAD/MicroHydroV1_InModule_Installer/Install_MicroHydroV1_InModule.command,engineering/cad/MicroHydroV1_CAD Archive/MicroHydroV1_CAD/MicroHydroV1_InModule_Installer/Install_MicroHydroV1_InModule.command,copied
Engineering/CAD/MicroHydroV1_CAD Archive/MicroHydroV1_CAD/MicroHydroV1_InModule_Installer/README.md,engineering/cad/MicroHydroV1_CAD Archive/MicroHydroV1_CAD/MicroHydroV1_InModule_Installer/README.md,copied
Engineering/CAD/MicroHydroV1_CAD Archive/MicroHydroV1_CAD/MicroHydroV1_InModule_Installer.zip,engineering/cad/MicroHydroV1_CAD Archive/MicroHydroV1_CAD/MicroHydroV1_InModule_Installer.zip,copied
Engineering/CAD/MicroHydroV1_CAD Archive/MicroHydroV1_CAD/MicroHydroV1_RnD_FullUpgrade.xlsx,engineering/cad/MicroHydroV1_CAD Archive/MicroHydroV1_CAD/MicroHydroV1_RnD_FullUpgrade.xlsx,copied
Engineering/CAD/MicroHydroV1_CAD Archive/MicroHydroV1_CAD/build_all.FCMacro,engineering/cad/MicroHydroV1_CAD Archive/MicroHydroV1_CAD/build_all.FCMacro,copied
Engineering/CAD/MicroHydroV1_CAD Archive/MicroHydroV1_CAD/params.json,engineering/cad/MicroHydroV1_CAD Archive/MicroHydroV1_CAD/params.json,copied
Engineering/CAD/MicroHydroV1_CAD Archive/MicroHydroV1_CAD/patched_macros_with_params.zip,engineering/cad/MicroHydroV1_CAD Archive/MicroHydroV1_CAD/patched_macros_with_params.zip,copied
Engineering/CAD/MicroHydroV1_CAD Archive/MicroHydroV1_CAD (1)old/01_Diffuser/build_diffuser.FCMacro,engineering/cad/MicroHydroV1_CAD Archive/MicroHydroV1_CAD (1)old/01_Diffuser/build_diffuser.FCMacro,copied
Engineering/CAD/MicroHydroV1_CAD Archive/MicroHydroV1_CAD (1)old/02_Nozzle/build_nozzle.FCMacro,engineering/cad/MicroHydroV1_CAD Archive/MicroHydroV1_CAD (1)old/02_Nozzle/build_nozzle.FCMacro,copied
Engineering/CAD/MicroHydroV1_CAD Archive/MicroHydroV1_CAD (1)old/03_VanePacks/build_vanepacks.FCMacro,engineering/cad/MicroHydroV1_CAD Archive/MicroHydroV1_CAD (1)old/03_VanePacks/build_vanepacks.FCMacro,copied
Engineering/CAD/MicroHydroV1_CAD Archive/MicroHydroV1_CAD (1)old/04_Retainer/build_retainer.FCMacro,engineering/cad/MicroHydroV1_CAD Archive/MicroHydroV1_CAD (1)old/04_Retainer/build_retainer.FCMacro,copied
Engineering/CAD/MicroHydroV1_CAD Archive/MicroHydroV1_CAD (1)old/Assembly/build_assembly.FCMacro,engineering/cad/MicroHydroV1_CAD Archive/MicroHydroV1_CAD (1)old/Assembly/build_assembly.FCMacro,copied
Engineering/CAD/MicroHydroV1_CAD Archive/MicroHydroV1_CAD (1)old/MacroSuite.zip,engineering/cad/MicroHydroV1_CAD Archive/MicroHydroV1_CAD (1)old/MacroSuite.zip,copied
Engineering/CAD/MicroHydroV1_CAD Archive/MicroHydroV1_CAD (1)old/MacroSuiteFull/build_all.FCMacro,engineering/cad/MicroHydroV1_CAD Archive/MicroHydroV1_CAD (1)old/MacroSuiteFull/build_all.FCMacro,copied
Engineering/CAD/MicroHydroV1_CAD Archive/MicroHydroV1_CAD (1)old/MacroSuiteFull/params.json,engineering/cad/MicroHydroV1_CAD Archive/MicroHydroV1_CAD (1)old/MacroSuiteFull/params.json,copied
Engineering/CAD/MicroHydroV1_CAD Archive/MicroHydroV1_CAD (1)old/MacroSuiteFull/scripts/export_batch.FCMacro,engineering/cad/MicroHydroV1_CAD Archive/MicroHydroV1_CAD (1)old/MacroSuiteFull/scripts/export_batch.FCMacro,copied
Engineering/CAD/MicroHydroV1_CAD Archive/MicroHydroV1_CAD (1)old/MacroSuiteFull.zip,engineering/cad/MicroHydroV1_CAD Archive/MicroHydroV1_CAD (1)old/MacroSuiteFull.zip,copied
Engineering/CAD/MicroHydroV1_CAD Archive/MicroHydroV1_CAD (1)old/MicroHydroV1_params.xlsx,engineering/cad/MicroHydroV1_CAD Archive/MicroHydroV1_CAD (1)old/MicroHydroV1_params.xlsx,copied
Engineering/CAD/MicroHydroV1_CAD Archive/MicroHydroV1_CAD (1)old/README_MicroHydroV1_CAD.md,engineering/cad/MicroHydroV1_CAD Archive/MicroHydroV1_CAD (1)old/README_MicroHydroV1_CAD.md,copied
Engineering/CAD/MicroHydroV1_CAD Archive/MicroHydroV1_CAD (1)old/build_all.FCMacro,engineering/cad/MicroHydroV1_CAD Archive/MicroHydroV1_CAD (1)old/build_all.FCMacro,copied
Engineering/CAD/MicroHydroV1_CAD Archive/MicroHydroV1_CAD (1)old/build_all.FCMacro.docx,engineering/cad/MicroHydroV1_CAD Archive/MicroHydroV1_CAD (1)old/build_all.FCMacro.docx,copied
Engineering/CAD/MicroHydroV1_CAD Archive/MicroHydroV1_CAD (1)old/build_all.FCMacro.html,engineering/cad/MicroHydroV1_CAD Archive/MicroHydroV1_CAD (1)old/build_all.FCMacro.html,copied
Engineering/CAD/MicroHydroV1_CAD Archive/MicroHydroV1_CAD (1)old/en.html,engineering/cad/MicroHydroV1_CAD Archive/MicroHydroV1_CAD (1)old/en.html,copied
Engineering/CAD/MicroHydroV1_CAD Archive/MicroHydroV1_CAD_FIXED/build_all.FCMacro,engineering/cad/MicroHydroV1_CAD Archive/MicroHydroV1_CAD_FIXED/build_all.FCMacro,copied
Engineering/CAD/MicroHydroV1_CAD Archive/MicroHydroV1_FULL_Workspace/Automation/Import_Config.json,engineering/cad/MicroHydroV1_CAD Archive/MicroHydroV1_FULL_Workspace/Automation/Import_Config.json,copied
Engineering/CAD/MicroHydroV1_CAD Archive/MicroHydroV1_FULL_Workspace/Automation/import_measurements.py,engineering/cad/MicroHydroV1_CAD Archive/MicroHydroV1_FULL_Workspace/Automation/import_measurements.py,copied
Engineering/CAD/MicroHydroV1_CAD Archive/MicroHydroV1_FULL_Workspace/Master_Package/Go_NoGo_Packet.docx,engineering/cad/MicroHydroV1_CAD Archive/MicroHydroV1_FULL_Workspace/Master_Package/Go_NoGo_Packet.docx,copied
Engineering/CAD/MicroHydroV1_CAD Archive/MicroHydroV1_FULL_Workspace/Master_Package/MicroHydroV1_Master.docx,engineering/cad/MicroHydroV1_CAD Archive/MicroHydroV1_FULL_Workspace/Master_Package/MicroHydroV1_Master.docx,copied
Engineering/CAD/MicroHydroV1_CAD Archive/MicroHydroV1_FULL_Workspace/Master_Package/STW_Matrix.xlsx,engineering/cad/MicroHydroV1_CAD Archive/MicroHydroV1_FULL_Workspace/Master_Package/STW_Matrix.xlsx,copied
Engineering/CAD/MicroHydroV1_CAD Archive/MicroHydroV1_FullUpgrade_All/Governance/README.txt,engineering/cad/MicroHydroV1_CAD Archive/MicroHydroV1_FullUpgrade_All/Governance/README.txt,copied
Engineering/CAD/MicroHydroV1_CAD Archive/MicroHydroV1_FullUpgrade_All/RnD/README.txt,engineering/cad/MicroHydroV1_CAD Archive/MicroHydroV1_FullUpgrade_All/RnD/README.txt,copied
Engineering/CAD/MicroHydroV1_CAD Archive/MicroHydroV1_FullUpgrade_All/StageB/README.txt,engineering/cad/MicroHydroV1_CAD Archive/MicroHydroV1_FullUpgrade_All/StageB/README.txt,copied
Engineering/CAD/MicroHydroV1_CAD Archive/MicroHydroV1_FullUpgrade_All/TankTests/T001/README.txt,engineering/cad/MicroHydroV1_CAD Archive/MicroHydroV1_FullUpgrade_All/TankTests/T001/README.txt,copied
Engineering/CAD/MicroHydroV1_CAD Archive/MicroHydroV1_FullUpgrade_All/TankTests/T002/README.txt,engineering/cad/MicroHydroV1_CAD Archive/MicroHydroV1_FullUpgrade_All/TankTests/T002/README.txt,copied
Engineering/CAD/MicroHydroV1_CAD Archive/MicroHydroV1_Full_Package/GoNoGo_Packet.docx,engineering/cad/MicroHydroV1_CAD Archive/MicroHydroV1_Full_Package/GoNoGo_Packet.docx,copied
Engineering/CAD/MicroHydroV1_CAD Archive/MicroHydroV1_Full_Package/STW_vNext_Matrix.docx,engineering/cad/MicroHydroV1_CAD Archive/MicroHydroV1_Full_Package/STW_vNext_Matrix.docx,copied
Engineering/CAD/MicroHydroV1_CAD Archive/MicroHydroV1_Full_Package/StageB_DataLog_Synthetic.csv,engineering/cad/MicroHydroV1_CAD Archive/MicroHydroV1_Full_Package/StageB_DataLog_Synthetic.csv,copied
Engineering/CAD/MicroHydroV1_CAD Archive/MicroHydroV1_Full_Package/Stakeholder_vNext.pptx,engineering/cad/MicroHydroV1_CAD Archive/MicroHydroV1_Full_Package/Stakeholder_vNext.pptx,copied
Engineering/CAD/MicroHydroV1_CAD Archive/MicroHydroV1_Full_Package/T001_JetCoherence_Run1.csv,engineering/cad/MicroHydroV1_CAD Archive/MicroHydroV1_Full_Package/T001_JetCoherence_Run1.csv,copied
Engineering/CAD/MicroHydroV1_CAD Archive/MicroHydroV1_Full_Package/T002_TankRipple_Run1.csv,engineering/cad/MicroHydroV1_CAD Archive/MicroHydroV1_Full_Package/T002_TankRipple_Run1.csv,copied
Engineering/CAD/MicroHydroV1_CAD Archive/MicroHydroV1_Full_Package/T003_ELCStability_Run1.csv,engineering/cad/MicroHydroV1_CAD Archive/MicroHydroV1_Full_Package/T003_ELCStability_Run1.csv,copied
Engineering/CAD/MicroHydroV1_CAD Archive/MicroHydroV1_Full_Package/T004_Power_Run1.csv,engineering/cad/MicroHydroV1_CAD Archive/MicroHydroV1_Full_Package/T004_Power_Run1.csv,copied
Engineering/CAD/MicroHydroV1_CAD Archive/MicroHydroV1_ReorgToolkit/README_REORG.md,engineering/cad/MicroHydroV1_CAD Archive/MicroHydroV1_ReorgToolkit/README_REORG.md,copied
Engineering/CAD/MicroHydroV1_CAD Archive/MicroHydroV1_ReorgToolkit/reorg_from_zip.py,engineering/cad/MicroHydroV1_CAD Archive/MicroHydroV1_ReorgToolkit/reorg_from_zip.py,copied
Engineering/CAD/MicroHydroV1_CAD Archive/MicroHydroV1_RnD_Export (1).xlsx,engineering/cad/MicroHydroV1_CAD Archive/MicroHydroV1_RnD_Export (1).xlsx,copied
Engineering/CAD/MicroHydroV1_CAD Archive/MicroHydroV1_RnD_Export_SYNTH.xlsx,engineering/cad/MicroHydroV1_CAD Archive/MicroHydroV1_RnD_Export_SYNTH.xlsx,copied
Engineering/CAD/MicroHydroV1_CAD Archive/MicroHydroV1_StageB_Package.zip,engineering/cad/MicroHydroV1_CAD Archive/MicroHydroV1_StageB_Package.zip,copied
Engineering/CAD/MicroHydroV1_CAD Archive/MicroHydroV1_SyntheticPackage/GoNoGo.txt,engineering/cad/MicroHydroV1_CAD Archive/MicroHydroV1_SyntheticPackage/GoNoGo.txt,copied
Engineering/CAD/MicroHydroV1_CAD Archive/MicroHydroV1_SyntheticPackage/README.txt,engineering/cad/MicroHydroV1_CAD Archive/MicroHydroV1_SyntheticPackage/README.txt,copied
Engineering/CAD/MicroHydroV1_CAD Archive/MicroHydroV1_SyntheticPackage/RnD_Synthetic.txt,engineering/cad/MicroHydroV1_CAD Archive/MicroHydroV1_SyntheticPackage/RnD_Synthetic.txt,copied
Engineering/CAD/MicroHydroV1_CAD Archive/MicroHydroV1_SyntheticPackage/STW_Matrix.txt,engineering/cad/MicroHydroV1_CAD Archive/MicroHydroV1_SyntheticPackage/STW_Matrix.txt,copied
Engineering/CAD/MicroHydroV1_CAD Archive/MicroHydroV1_SyntheticPackage/StageC_Readout.txt,engineering/cad/MicroHydroV1_CAD Archive/MicroHydroV1_SyntheticPackage/StageC_Readout.txt,copied
Engineering/CAD/MicroHydroV1_CAD Archive/MicroHydroV1_SyntheticPackage/Stakeholder_Deck.txt,engineering/cad/MicroHydroV1_CAD Archive/MicroHydroV1_SyntheticPackage/Stakeholder_Deck.txt,copied
Engineering/CAD/MicroHydroV1_CAD Archive/MicroHydroV1_Tank_Ripple_Test_Procedure_WITH_TOC.docx,engineering/cad/MicroHydroV1_CAD Archive/MicroHydroV1_Tank_Ripple_Test_Procedure_WITH_TOC.docx,copied
Engineering/CAD/cad/macros/01_Diffuser/build_diffuser.FCMacro,engineering/cad/cad/macros/01_Diffuser/build_diffuser.FCMacro,copied
Engineering/CAD/cad/macros/02_Nozzle/build_nozzle.FCMacro,engineering/cad/cad/macros/02_Nozzle/build_nozzle.FCMacro,copied
Engineering/CAD/cad/macros/03_VanePacks/build_vanepacks.FCMacro,engineering/cad/cad/macros/03_VanePacks/build_vanepacks.FCMacro,copied
Engineering/CAD/cad/macros/04_Retainer/build_retainer.FCMacro,engineering/cad/cad/macros/04_Retainer/build_retainer.FCMacro,copied
Engineering/CAD/cad/macros/Assembly/build_assembly.FCMacro,engineering/cad/cad/macros/Assembly/build_assembly.FCMacro,copied
Engineering/CAD/cad/macros/build_all.FCMacro,engineering/cad/cad/macros/build_all.FCMacro,copied
Engineering/CAD/cad/macros/scripts/export_batch.FCMacro,engineering/cad/cad/macros/scripts/export_batch.FCMacro,copied
Engineering/CAD/cad/params/params.json,engineering/cad/cad/params/params.json,copied
Engineering/CAD/test.txt,engineering/cad/test.txt,copied
Engineering/Agents/automation_agent.py,tools/agents/engineering/automation_agent.py,copied
Engineering/Agents/chief_agent.py,tools/agents/engineering/chief_agent.py,copied
Engineering/Agents/data_agent.py,tools/agents/engineering/data_agent.py,copied
Engineering/Agents/documentation_agent.py,tools/agents/engineering/documentation_agent.py,copied
Engineering/Agents/optimization_agent.py,tools/agents/engineering/optimization_agent.py,copied
Engineering/Agents/research_agent.py,tools/agents/engineering/research_agent.py,copied
Engineering/Agents/simulation_agent.py,tools/agents/engineering/simulation_agent.py,copied
Engineering/Agents/testing_agent.py,tools/agents/engineering/testing_agent.py,copied
Engineering/Agents/tool_builder_agent.py,tools/agents/engineering/tool_builder_agent.py,copied
Engineering/ALL_AGENTS_READY.md,engineering/division/ALL_AGENTS_READY.md,copied
Engineering/Automation/automation/Import_Config.json,engineering/division/Automation/automation/Import_Config.json,copied
Engineering/Automation/automation/import_measurements.py,engineering/division/Automation/automation/import_measurements.py,copied
Engineering/CAPABILITIES_MATRIX.md,engineering/division/CAPABILITIES_MATRIX.md,copied
Engineering/DEPLOY_NOW.ps1,engineering/division/DEPLOY_NOW.ps1,copied
Engineering/QUICK_START.md,engineering/division/QUICK_START.md,copied
Engineering/TODO_IMMEDIATE.md,engineering/division/TODO_IMMEDIATE.md,copied
Engineering/Tools/MicroHydroV1_InitGui_PATCH/README.txt,engineering/division/Tools/MicroHydroV1_InitGui_PATCH/README.txt,copied
Engineering/Tools/tools/efficiency_calculator.py,engineering/division/Tools/tools/efficiency_calculator.py,copied
Engineering/Tools/tools/release/make_release.py,engineering/division/Tools/tools/release/make_release.py,copied
Engineering/Tools/tools/validate/validate_repo.py,engineering/division/Tools/tools/validate/validate_repo.py,copied
Engineering/agent_hub.py,engineering/division/agent_hub.py,copied
Engineering/deploy.py,engineering/division/deploy.py,copied
FlowCube/Design/flow_cube_v1_technical_spec.md,engineering/specs/flowcube/Design/flow_cube_v1_technical_spec.md,copied
FlowCube/Marketing/flow_cube_marketing_strategy.md,engineering/specs/flowcube/Marketing/flow_cube_marketing_strategy.md,copied
FlowCube/Prototyping/supplier_outreach_plan.md,engineering/specs/flowcube/Prototyping/supplier_outreach_plan.md,copied
MicroHydroV1_FastTrack_Bundle/Evidence_Doc_Example.txt,tools/sharepoint/Evidence_Doc_Example.txt,copied
MicroHydroV1_FastTrack_Bundle/Operator_Card.txt,tools/sharepoint/Operator_Card.txt,copied
MicroHydroV1_FastTrack_Bundle/PowerAutomate_Flows.txt,tools/sharepoint/PowerAutomate_Flows.txt,copied
MicroHydroV1_FastTrack_Bundle/SOP.txt,tools/sharepoint/SOP.txt,copied
MicroHydroV1_FastTrack_Bundle/SharePoint_Config.txt,tools/sharepoint/SharePoint_Config.txt,copied
04_Technology/01_Hydraulics/HYDRAULICS_PRIMER.md,engineering/specs/technology/01_Hydraulics/HYDRAULICS_PRIMER.md,empty-stub
04_Technology/02_Hydram/HYDRAM_GUIDE.md,engineering/specs/technology/02_Hydram/HYDRAM_GUIDE.md,empty-stub
04_Technology/03_Turbine_Generator/CROSSFLOW_TURBINE.md,engineering/specs/technology/03_Turbine_Generator/CROSSFLOW_TURBINE.md,empty-stub
04_Technology/04_Electrical_Protection/PROTECTION_OVERVIEW.md,engineering/specs/technology/04_Electrical_Protection/PROTECTION_OVERVIEW.md,empty-stub
04_Technology/05_Battery_PV_Wind/COST_BENCHMARKS.md,engineering/specs/technology/05_Battery_PV_Wind/COST_BENCHMARKS.md,empty-stub
04_Technology/06_Control_SCADA/BLACKSTART_CONCEPT.md,engineering/specs/technology/06_Control_SCADA/BLACKSTART_CONCEPT.md,empty-stub
04_Technology/TECH_SPEC.md,engineering/specs/technology/TECH_SPEC.md,copied
04_Technology/handbooks/HB-01_Turbine_Selection/contexts/CONTEXT_OVERLAYS.md,engineering/specs/technology/handbooks/HB-01_Turbine_Selection/contexts/CONTEXT_OVERLAYS.md,empty-stub
04_Technology/handbooks/HB-01_Turbine_Selection/exports/HB-01_Turbine_Selection_Doctrine_(Crossflow-first).pdf,engineering/specs/technology/handbooks/HB-01_Turbine_Selection/exports/HB-01_Turbine_Selection_Doctrine_(Crossflow-first).pdf,empty-stub
04_Technology/handbooks/HB-01_Turbine_Selection/handbook.md,engineering/specs/technology/handbooks/HB-01_Turbine_Selection/handbook.md,empty-stub
04_Technology/handbooks/HB-02_Intake_Debris/contexts/CONTEXT_OVERLAYS.md,engineering/specs/technology/handbooks/HB-02_Intake_Debris/contexts/CONTEXT_OVERLAYS.md,empty-stub
"04_Technology/handbooks/HB-02_Intake_Debris/exports/HB-02_Intake_&_Debris_Management_(Run-of-River,_Water-kind).pdf","engineering/specs/technology/handbooks/HB-02_Intake_Debris/exports/HB-02_Intake_&_Debris_Management_(Run-of-River,_Water-kind).pdf",empty-stub
04_Technology/handbooks/HB-02_Intake_Debris/handbook.md,engineering/specs/technology/handbooks/HB-02_Intake_Debris/handbook.md,empty-stub
04_Technology/handbooks/HB-03_Penstock_Headloss/contexts/CONTEXT_OVERLAYS.md,engineering/specs/technology/handbooks/HB-03_Penstock_Headloss/contexts/CONTEXT_OVERLAYS.md,empty-stub
04_Technology/handbooks/HB-03_Penstock_Headloss/exports/HB-03_Penstock_&_Headloss_Design_(≤10%_Loss_Standard).pdf,engineering/specs/technology/handbooks/HB-03_Penstock_Headloss/exports/HB-03_Penstock_&_Headloss_Design_(≤10%_Loss_Standard).pdf,empty-stub
04_Technology/handbooks/HB-03_Penstock_Headloss/handbook.md,engineering/specs/technology/handbooks/HB-03_Penstock_Headloss/handbook.md,empty-stub
04_Technology/handbooks/HB-04_Hydram_Tuning/contexts/CONTEXT_OVERLAYS.md,engineering/specs/technology/handbooks/HB-04_Hydram_Tuning/contexts/CONTEXT_OVERLAYS.md,empty-stub
04_Technology/handbooks/HB-04_Hydram_Tuning/exports/HB-04_Hydraulic_Ram_Pump_Design_&_Tuning.pdf,engineering/specs/technology/handbooks/HB-04_Hydram_Tuning/exports/HB-04_Hydraulic_Ram_Pump_Design_&_Tuning.pdf,empty-stub
04_Technology/handbooks/HB-04_Hydram_Tuning/handbook.md,engineering/specs/technology/handbooks/HB-04_Hydram_Tuning/handbook.md,empty-stub
04_Technology/handbooks/HB-05_Controls_SCADA/contexts/CONTEXT_OVERLAYS.md,engineering/specs/technology/handbooks/HB-05_Controls_SCADA/contexts/CONTEXT_OVERLAYS.md,empty-stub
"04_Technology/handbooks/HB-05_Controls_SCADA/exports/HB-05_Controls,_Blackstart_&_SCADA_(Microgrid_Backbone).pdf","engineering/specs/technology/handbooks/HB-05_Controls_SCADA/exports/HB-05_Controls,_Blackstart_&_SCADA_(Microgrid_Backbone).pdf",empty-stub
04_Technology/handbooks/HB-05_Controls_SCADA/handbook.md,engineering/specs/technology/handbooks/HB-05_Controls_SCADA/handbook.md,empty-stub
04_Technology/handbooks/HB-06_Commissioning_FAT_SAT/contexts/CONTEXT_OVERLAYS.md,engineering/specs/technology/handbooks/HB-06_Commissioning_FAT_SAT/contexts/CONTEXT_OVERLAYS.md,empty-stub
04_Technology/handbooks/HB-06_Commissioning_FAT_SAT/exports/HB-06_Commissioning_&_Acceptance_Testing_(FAT_→_SAT).pdf,engineering/specs/technology/handbooks/HB-06_Commissioning_FAT_SAT/exports/HB-06_Commissioning_&_Acceptance_Testing_(FAT_→_SAT).pdf,empty-stub
04_Technology/handbooks/HB-06_Commissioning_FAT_SAT/handbook.md,engineering/specs/technology/handbooks/HB-06_Commissioning_FAT_SAT/handbook.md,empty-stub
04_Technology/handbooks/_shared/CONTEXT_MATRIX.md,engineering/specs/technology/handbooks/_shared/CONTEXT_MATRIX.md,empty-stub
04_Technology/handbooks/_shared/COVER_TEMPLATE.md,engineering/specs/technology/handbooks/_shared/COVER_TEMPLATE.md,empty-stub
04_Technology/handbooks/_shared/DEFAULT_CONTEXTS.md,engineering/specs/technology/handbooks/_shared/DEFAULT_CONTEXTS.md,empty-stub
04_Technology/handbooks/_shared/DISCLAIMER.md,engineering/specs/technology/handbooks/_shared/DISCLAIMER.md,empty-stub
04_Technology/handbooks/_shared/handbook_style.json,engineering/specs/technology/handbooks/_shared/handbook_style.json,empty-stub
05_RnD/03_Advanced_Intake_Vortex/IAHR_VORTEX_INTAKES.md,engineering/specs/rnd/03_Advanced_Intake_Vortex/IAHR_VORTEX_INTAKES.md,empty-stub
05_RnD/04_Coherent_Geometry/SOURCES.md,engineering/specs/rnd/04_Coherent_Geometry/SOURCES.md,empty-stub
05_RnD/annex_winter_phase_coherence/DISCLAIMER.md,engineering/specs/rnd/annex_winter_phase_coherence/DISCLAIMER.md,empty-stub
05_RnD/experiment_registry/EXP-000_TEMPLATE.md,engineering/specs/rnd/experiment_registry/EXP-000_TEMPLATE.md,empty-stub
00_MASTER_PLAN/DECISION_LOG.md,docs/strategy/master-plan/DECISION_LOG.md,empty-stub
00_MASTER_PLAN/FILE_STRUCTURE_MAP.md,docs/strategy/master-plan/FILE_STRUCTURE_MAP.md,empty-stub
00_MASTER_PLAN/IMPLEMENTATION_GUIDE.md,docs/strategy/master-plan/IMPLEMENTATION_GUIDE.md,copied
00_MASTER_PLAN/MASTER_PLAN.md,docs/strategy/master-plan/MASTER_PLAN.md,empty-stub
00_MASTER_PLAN/POPULATION_ROADMAP.md,docs/strategy/master-plan/POPULATION_ROADMAP.md,empty-stub
01_Company/BRAND_IDENTITY.md,docs/strategy/company/BRAND_IDENTITY.md,copied
01_Company/FOUNDING_STATEMENT.md,docs/strategy/company/FOUNDING_STATEMENT.md,empty-stub
01_Company/NORTH_STAR_METRICS.md,docs/strategy/company/NORTH_STAR_METRICS.md,empty-stub
01_Company/VISION_MISSION_VALUES.md,docs/strategy/company/VISION_MISSION_VALUES.md,empty-stub
01_Executive_Summary/EXEC_SUMMARY.md,docs/strategy/executive-summary/EXEC_SUMMARY.md,empty-stub
02_Vision_Ethics_Founders/VISIONARY_FRAMEWORK.md,docs/strategy/vision-ethics-founders/VISIONARY_FRAMEWORK.md,copied
02_Vision_Ethics_Founders/VISION_FOUNDATION.md,docs/strategy/vision-ethics-founders/VISION_FOUNDATION.md,empty-stub
branding/DECISIONS_AND_TODOS.md,docs/strategy/branding/DECISIONS_AND_TODOS.md,empty-stub
branding/taglines/TAGLINES_MASTER.md,docs/strategy/branding/taglines/TAGLINES_MASTER.md,empty-stub
03_Market_Scenarios/Scenario1_Indigenous_Microgrid/SCENARIO.md,docs/market/scenarios/Scenario1_Indigenous_Microgrid/SCENARIO.md,empty-stub
03_Market_Scenarios/Scenario2_Irrigation_Canal/SCENARIO.md,docs/market/scenarios/Scenario2_Irrigation_Canal/SCENARIO.md,empty-stub
03_Market_Scenarios/Scenario3_Industrial_Outfall/SCENARIO.md,docs/market/scenarios/Scenario3_Industrial_Outfall/SCENARIO.md,empty-stub
03_Market_Scenarios/Scenario4_EcoResort_Campus/SCENARIO.md,docs/market/scenarios/Scenario4_EcoResort_Campus/SCENARIO.md,empty-stub
03_Market_Scenarios/Scenario5_Resilience_Hub/SCENARIO.md,docs/market/scenarios/Scenario5_Resilience_Hub/SCENARIO.md,empty-stub
Site_Scouting/Agents/economic_analyst.py,docs/market/site-scouting/Agents/economic_analyst.py,copied
Site_Scouting/Agents/environmental_assessor.py,docs/market/site-scouting/Agents/environmental_assessor.py,copied
Site_Scouting/Agents/grid_connection.py,docs/market/site-scouting/Agents/grid_connection.py,copied
Site_Scouting/Agents/hydro_mapper.py,docs/market/site-scouting/Agents/hydro_mapper.py,copied
Site_Scouting/Agents/land_access.py,docs/market/site-scouting/Agents/land_access.py,copied
Site_Scouting/Agents/regulatory_scout.py,docs/market/site-scouting/Agents/regulatory_scout.py,copied
Site_Scouting/Agents/report_generator.py,docs/market/site-scouting/Agents/report_generator.py,copied
Site_Scouting/site_scouting_hub.py,docs/market/site-scouting/site_scouting_hub.py,copied
Funding/Agents/deal_terms_analyst.py,tools/agents/funding/deal_terms_analyst.py,copied
Funding/Agents/financial_modeler.py,tools/agents/funding/financial_modeler.py,copied
Funding/Agents/grant_scout.py,tools/agents/funding/grant_scout.py,copied
Funding/Agents/grant_writer.py,tools/agents/funding/grant_writer.py,copied
Funding/Agents/investor_targeting.py,tools/agents/funding/investor_targeting.py,copied
Funding/Agents/pitch_deck_generator.py,tools/agents/funding/pitch_deck_generator.py,copied
Funding/funding_hub.py,docs/business/funding/funding_hub.py,copied
Partnerships/Agents/deal_optimizer.py,tools/agents/partnerships/deal_optimizer.py,copied
Partnerships/Agents/outreach_manager.py,tools/agents/partnerships/outreach_manager.py,copied
Partnerships/Agents/partnership_scout.py,tools/agents/partnerships/partnership_scout.py,copied
Partnerships/Agents/proposal_writer.py,tools/agents/partnerships/proposal_writer.py,copied
Partnerships/Agents/relationship_manager.py,tools/agents/partnerships/relationship_manager.py,copied
Partnerships/partnership_hub.py,docs/business/partnerships/partnership_hub.py,copied
Sales_Marketing/Agents/brand_strategy.py,tools/agents/sales-marketing/brand_strategy.py,copied
Sales_Marketing/Agents/content_marketing.py,tools/agents/sales-marketing/content_marketing.py,copied
Sales_Marketing/Agents/customer_success.py,tools/agents/sales-marketing/customer_success.py,copied
Sales_Marketing/Agents/lead_generation.py,tools/agents/sales-marketing/lead_generation.py,copied
Sales_Marketing/Agents/sales_scripts.py,tools/agents/sales-marketing/sales_scripts.py,copied
Sales_Marketing/Agents/seo_specialist.py,tools/agents/sales-marketing/seo_specialist.py,copied
Sales_Marketing/sales_marketing_hub.py,docs/business/sales-marketing/sales_marketing_hub.py,copied
IP/Agents/fto_checker.py,tools/agents/ip/fto_checker.py,copied
IP/Agents/international_filer.py,tools/agents/ip/international_filer.py,copied
IP/Agents/ip_valuator.py,tools/agents/ip/ip_valuator.py,copied
IP/Agents/licensing_strategist.py,tools/agents/ip/licensing_strategist.py,copied
IP/Agents/patent_drafter.py,tools/agents/ip/patent_drafter.py,copied
IP/Agents/portfolio_manager.py,tools/agents/ip/portfolio_manager.py,copied
IP/IP_DIVISION_COMPLETE.md,docs/business/ip/IP_DIVISION_COMPLETE.md,copied
IP/ip_hub.py,docs/business/ip/ip_hub.py,copied
Operations/Agents/OPERATIONS_AGENT_ACTIVATION_PLAN.md,tools/agents/operations/OPERATIONS_AGENT_ACTIVATION_PLAN.md,copied
Operations/Agents/incident_response.py,tools/agents/operations/incident_response.py,copied
Operations/Agents/maintenance_management.py,tools/agents/operations/maintenance_management.py,copied
Operations/Agents/operations_dashboard.py,tools/agents/operations/operations_dashboard.py,copied
Operations/Agents/process_automation.py,tools/agents/operations/process_automation.py,copied
Operations/Agents/quality_control.py,tools/agents/operations/quality_control.py,copied
Operations/Agents/resource_allocation.py,tools/agents/operations/resource_allocation.py,copied
Operations/Daily_Monitoring/MONITORING/DAILY_CHECK_COMMAND.txt,docs/business/operations/Daily_Monitoring/MONITORING/DAILY_CHECK_COMMAND.txt,copied
Operations/Procedures/PHASES/PHASE_SUMMARY.md,docs/business/operations/Procedures/PHASES/PHASE_SUMMARY.md,copied
Governance/Compliance/REFERENCE/STORAGE_STRATEGY_SUMMARY.md,docs/business/governance/Compliance/REFERENCE/STORAGE_STRATEGY_SUMMARY.md,copied
Governance/Decisions/TIERS/TIER_1_OVERVIEW.md,docs/business/governance/Decisions/TIERS/TIER_1_OVERVIEW.md,copied
Governance/Decisions/TIERS/TIER_2_OVERVIEW.md,docs/business/governance/Decisions/TIERS/TIER_2_OVERVIEW.md,copied
Governance/Decisions/TIERS/TIER_3_OVERVIEW.md,docs/business/governance/Decisions/TIERS/TIER_3_OVERVIEW.md,copied
12_Admin_Governance/BOARD_CHARTER.md,docs/business/governance/BOARD_CHARTER.md,empty-stub
DECISIONS/TIER_1_DECISION_TEMPLATE.md,docs/business/decisions/TIER_1_DECISION_TEMPLATE.md,copied
DECISIONS/TIER_2_DECISION_TEMPLATE.md,docs/business/decisions/TIER_2_DECISION_TEMPLATE.md,copied
DECISIONS/TIER_3_DECISION_TEMPLATE.md,docs/business/decisions/TIER_3_DECISION_TEMPLATE.md,copied
99_Operations/Visionary_Intelligence/00_Admin/Citation_Rules.md,research/visionary/Visionary_Intelligence/00_Admin/Citation_Rules.md,empty-stub
99_Operations/Visionary_Intelligence/00_Admin/Contribution_Guide.md,research/visionary/Visionary_Intelligence/00_Admin/Contribution_Guide.md,empty-stub
99_Operations/Visionary_Intelligence/00_Admin/Conventions.md,research/visionary/Visionary_Intelligence/00_Admin/Conventions.md,empty-stub
99_Operations/Visionary_Intelligence/00_Admin/License_Policy.md,research/visionary/Visionary_Intelligence/00_Admin/License_Policy.md,empty-stub
99_Operations/Visionary_Intelligence/00_Admin/Naming_Standards.md,research/visionary/Visionary_Intelligence/00_Admin/Naming_Standards.md,empty-stub
99_Operations/Visionary_Intelligence/01_Master_Index/Crosslink_Map.md,research/visionary/Visionary_Intelligence/01_Master_Index/Crosslink_Map.md,empty-stub
99_Operations/Visionary_Intelligence/01_Master_Index/Tag_Taxonomy.md,research/visionary/Visionary_Intelligence/01_Master_Index/Tag_Taxonomy.md,empty-stub
99_Operations/Visionary_Intelligence/01_Master_Index/Visionary_Comparative_Matrix.md,research/visionary/Visionary_Intelligence/01_Master_Index/Visionary_Comparative_Matrix.md,empty-stub
99_Operations/Visionary_Intelligence/01_Master_Index/Visionary_Master_Index.md,research/visionary/Visionary_Intelligence/01_Master_Index/Visionary_Master_Index.md,empty-stub
99_Operations/Visionary_Intelligence/02_Founder_Collections/Dan_Winter/Dan_Winter_Annex_NonMainstream_Disclaimer.md,research/visionary/Visionary_Intelligence/02_Founder_Collections/Dan_Winter/Dan_Winter_Annex_NonMainstream_Disclaimer.md,empty-stub
99_Operations/Visionary_Intelligence/02_Founder_Collections/Dan_Winter/Dan_Winter_Profile.md,research/visionary/Visionary_Intelligence/02_Founder_Collections/Dan_Winter/Dan_Winter_Profile.md,empty-stub
99_Operations/Visionary_Intelligence/02_Founder_Collections/Dan_Winter/Dan_Winter_Total_Work_Index.md,research/visionary/Visionary_Intelligence/02_Founder_Collections/Dan_Winter/Dan_Winter_Total_Work_Index.md,empty-stub
99_Operations/Visionary_Intelligence/02_Founder_Collections/Schauberger/Schauberger_Patent_Compendium.md,research/visionary/Visionary_Intelligence/02_Founder_Collections/Schauberger/Schauberger_Patent_Compendium.md,empty-stub
99_Operations/Visionary_Intelligence/02_Founder_Collections/Schauberger/Schauberger_Profile.md,research/visionary/Visionary_Intelligence/02_Founder_Collections/Schauberger/Schauberger_Profile.md,empty-stub
99_Operations/Visionary_Intelligence/02_Founder_Collections/Schauberger/Schauberger_Works_Index.md,research/visionary/Visionary_Intelligence/02_Founder_Collections/Schauberger/Schauberger_Works_Index.md,empty-stub
99_Operations/Visionary_Intelligence/02_Founder_Collections/Tesla/Tesla_Patent_Compendium.md,research/visionary/Visionary_Intelligence/02_Founder_Collections/Tesla/Tesla_Patent_Compendium.md,empty-stub
99_Operations/Visionary_Intelligence/02_Founder_Collections/Tesla/Tesla_Profile.md,research/visionary/Visionary_Intelligence/02_Founder_Collections/Tesla/Tesla_Profile.md,empty-stub
99_Operations/Visionary_Intelligence/02_Founder_Collections/Tesla/Tesla_Works_Index.md,research/visionary/Visionary_Intelligence/02_Founder_Collections/Tesla/Tesla_Works_Index.md,empty-stub
99_Operations/Visionary_Intelligence/03_Visionary_Profiles/00_Profile_Template.md,research/visionary/Visionary_Intelligence/03_Visionary_Profiles/00_Profile_Template.md,empty-stub
99_Operations/Visionary_Intelligence/04_Artifacts/Schauberger/images/INDEX.json,research/visionary/Visionary_Intelligence/04_Artifacts/Schauberger/images/INDEX.json,empty-stub
99_Operations/Visionary_Intelligence/04_Artifacts/Schauberger/patents/INDEX.json,research/visionary/Visionary_Intelligence/04_Artifacts/Schauberger/patents/INDEX.json,empty-stub
99_Operations/Visionary_Intelligence/04_Artifacts/Schauberger/publications/INDEX.json,research/visionary/Visionary_Intelligence/04_Artifacts/Schauberger/publications/INDEX.json,empty-stub
99_Operations/Visionary_Intelligence/04_Artifacts/Shared/diagrams/INDEX.json,research/visionary/Visionary_Intelligence/04_Artifacts/Shared/diagrams/INDEX.json,empty-stub
99_Operations/Visionary_Intelligence/04_Artifacts/Shared/figures/INDEX.json,research/visionary/Visionary_Intelligence/04_Artifacts/Shared/figures/INDEX.json,empty-stub
99_Operations/Visionary_Intelligence/04_Artifacts/Shared/historical_images/INDEX.json,research/visionary/Visionary_Intelligence/04_Artifacts/Shared/historical_images/INDEX.json,empty-stub
99_Operations/Visionary_Intelligence/04_Artifacts/Tesla/images/INDEX.json,research/visionary/Visionary_Intelligence/04_Artifacts/Tesla/images/INDEX.json,empty-stub
99_Operations/Visionary_Intelligence/04_Artifacts/Tesla/patents/INDEX.json,research/visionary/Visionary_Intelligence/04_Artifacts/Tesla/patents/INDEX.json,empty-stub
99_Operations/Visionary_Intelligence/04_Artifacts/Tesla/publications/INDEX.json,research/visionary/Visionary_Intelligence/04_Artifacts/Tesla/publications/INDEX.json,empty-stub
99_Operations/Visionary_Intelligence/04_Artifacts/schemas/INDEX.schema.json,research/visionary/Visionary_Intelligence/04_Artifacts/schemas/INDEX.schema.json,empty-stub
99_Operations/Visionary_Intelligence/04_Artifacts/schemas/LICENSE.schema.json,research/visionary/Visionary_Intelligence/04_Artifacts/schemas/LICENSE.schema.json,empty-stub
99_Operations/Visionary_Intelligence/05_Doctrine_Output/markdown/Crossflow_Setup_Tuning.md,research/visionary/Visionary_Intelligence/05_Doctrine_Output/markdown/Crossflow_Setup_Tuning.md,empty-stub
99_Operations/Visionary_Intelligence/05_Doctrine_Output/markdown/Intake_Vortex_Prevention.md,research/visionary/Visionary_Intelligence/05_Doctrine_Output/markdown/Intake_Vortex_Prevention.md,empty-stub
99_Operations/Visionary_Intelligence/05_Doctrine_Output/markdown/Penstock_Headloss_Rules.md,research/visionary/Visionary_Intelligence/05_Doctrine_Output/markdown/Penstock_Headloss_Rules.md,empty-stub
99_Operations/Visionary_Intelligence/05_Doctrine_Output/markdown/Turbine_Selection_Doctrine.md,research/visionary/Visionary_Intelligence/05_Doctrine_Output/markdown/Turbine_Selection_Doctrine.md,empty-stub
99_Operations/Visionary_Intelligence/06_Tools/crosslinking/scenario_linker_rules.md,research/visionary/Visionary_Intelligence/06_Tools/crosslinking/scenario_linker_rules.md,empty-stub
99_Operations/Visionary_Intelligence/06_Tools/hydraulics/hydraulics_friction_calculator.py,research/visionary/Visionary_Intelligence/06_Tools/hydraulics/hydraulics_friction_calculator.py,empty-stub
99_Operations/Visionary_Intelligence/06_Tools/hydraulics/sample_inputs/example_site_01.json,research/visionary/Visionary_Intelligence/06_Tools/hydraulics/sample_inputs/example_site_01.json,empty-stub
99_Operations/Visionary_Intelligence/06_Tools/hydraulics/sample_inputs/example_site_02.json,research/visionary/Visionary_Intelligence/06_Tools/hydraulics/sample_inputs/example_site_02.json,empty-stub
99_Operations/Visionary_Intelligence/07_Scenario_Traceability/Scenario_Crosslinks/Scenario1.md,research/visionary/Visionary_Intelligence/07_Scenario_Traceability/Scenario_Crosslinks/Scenario1.md,empty-stub
99_Operations/Visionary_Intelligence/07_Scenario_Traceability/Scenario_Crosslinks/Scenario2.md,research/visionary/Visionary_Intelligence/07_Scenario_Traceability/Scenario_Crosslinks/Scenario2.md,empty-stub
99_Operations/Visionary_Intelligence/07_Scenario_Traceability/Scenario_Crosslinks/Scenario3.md,research/visionary/Visionary_Intelligence/07_Scenario_Traceability/Scenario_Crosslinks/Scenario3.md,empty-stub
99_Operations/Visionary_Intelligence/07_Scenario_Traceability/Scenario_Crosslinks/Scenario4.md,research/visionary/Visionary_Intelligence/07_Scenario_Traceability/Scenario_Crosslinks/Scenario4.md,empty-stub
99_Operations/Visionary_Intelligence/07_Scenario_Traceability/Scenario_Crosslinks/Scenario5.md,research/visionary/Visionary_Intelligence/07_Scenario_Traceability/Scenario_Crosslinks/Scenario5.md,empty-stub
99_Operations/Visionary_Intelligence/07_Scenario_Traceability/Traceability_Matrix.md,research/visionary/Visionary_Intelligence/07_Scenario_Traceability/Traceability_Matrix.md,empty-stub
99_Operations/Visionary_Intelligence/08_Review_and_Promotion/Merge_Map_To_Company_Tree.md,research/visionary/Visionary_Intelligence/08_Review_and_Promotion/Merge_Map_To_Company_Tree.md,empty-stub
99_Operations/Visionary_Intelligence/08_Review_and_Promotion/Promotion_Checklist.md,research/visionary/Visionary_Intelligence/08_Review_and_Promotion/Promotion_Checklist.md,empty-stub
99_Operations/Visionary_Intelligence/08_Review_and_Promotion/QA_Checklist.md,research/visionary/Visionary_Intelligence/08_Review_and_Promotion/QA_Checklist.md,empty-stub
99_Operations/Visionary_Intelligence/08_Review_and_Promotion/Release_Notes_Template.md,research/visionary/Visionary_Intelligence/08_Review_and_Promotion/Release_Notes_Template.md,empty-stub
99_Operations/Visionary_Intelligence/SCOPE.md,research/visionary/Visionary_Intelligence/SCOPE.md,empty-stub
99_Operations/Visionary_Intelligence/STATUS.md,research/visionary/Visionary_Intelligence/STATUS.md,empty-stub
99_Operations 2/Visionary_Intelligence/00_Admin/Citation_Rules.md,research/visionary/Visionary_Intelligence/00_Admin/Citation_Rules.md,empty-stub
99_Operations 2/Visionary_Intelligence/00_Admin/Contribution_Guide.md,research/visionary/Visionary_Intelligence/00_Admin/Contribution_Guide.md,empty-stub
99_Operations 2/Visionary_Intelligence/00_Admin/Conventions.md,research/visionary/Visionary_Intelligence/00_Admin/Conventions.md,empty-stub
99_Operations 2/Visionary_Intelligence/00_Admin/License_Policy.md,research/visionary/Visionary_Intelligence/00_Admin/License_Policy.md,empty-stub
99_Operations 2/Visionary_Intelligence/00_Admin/Naming_Standards.md,research/visionary/Visionary_Intelligence/00_Admin/Naming_Standards.md,empty-stub
99_Operations 2/Visionary_Intelligence/01_Master_Index/Crosslink_Map.md,research/visionary/Visionary_Intelligence/01_Master_Index/Crosslink_Map.md,empty-stub
99_Operations 2/Visionary_Intelligence/01_Master_Index/Tag_Taxonomy.md,research/visionary/Visionary_Intelligence/01_Master_Index/Tag_Taxonomy.md,empty-stub
99_Operations 2/Visionary_Intelligence/01_Master_Index/Visionary_Comparative_Matrix.md,research/visionary/Visionary_Intelligence/01_Master_Index/Visionary_Comparative_Matrix.md,empty-stub
99_Operations 2/Visionary_Intelligence/01_Master_Index/Visionary_Master_Index.md,research/visionary/Visionary_Intelligence/01_Master_Index/Visionary_Master_Index.md,empty-stub
99_Operations 2/Visionary_Intelligence/02_Founder_Collections/Dan_Winter/Dan_Winter_Annex_NonMainstream_Disclaimer.md,research/visionary/Visionary_Intelligence/02_Founder_Collections/Dan_Winter/Dan_Winter_Annex_NonMainstream_Disclaimer.md,empty-stub
99_Operations 2/Visionary_Intelligence/02_Founder_Collections/Dan_Winter/Dan_Winter_Profile.md,research/visionary/Visionary_Intelligence/02_Founder_Collections/Dan_Winter/Dan_Winter_Profile.md,empty-stub
99_Operations 2/Visionary_Intelligence/02_Founder_Collections/Dan_Winter/Dan_Winter_Total_Work_Index.md,research/visionary/Visionary_Intelligence/02_Founder_Collections/Dan_Winter/Dan_Winter_Total_Work_Index.md,empty-stub
99_Operations 2/Visionary_Intelligence/02_Founder_Collections/Schauberger/Schauberger_Patent_Compendium.md,research/visionary/Visionary_Intelligence/02_Founder_Collections/Schauberger/Schauberger_Patent_Compendium.md,empty-stub
99_Operations 2/Visionary_Intelligence/02_Founder_Collections/Schauberger/Schauberger_Profile.md,research/visionary/Visionary_Intelligence/02_Founder_Collections/Schauberger/Schauberger_Profile.md,empty-stub
99_Operations 2/Visionary_Intelligence/02_Founder_Collections/Schauberger/Schauberger_Works_Index.md,research/visionary/Visionary_Intelligence/02_Founder_Collections/Schauberger/Schauberger_Works_Index.md,empty-stub
99_Operations 2/Visionary_Intelligence/02_Founder_Collections/Tesla/Tesla_Patent_Compendium.md,research/visionary/Visionary_Intelligence/02_Founder_Collections/Tesla/Tesla_Patent_Compendium.md,empty-stub
99_Operations 2/Visionary_Intelligence/02_Founder_Collections/Tesla/Tesla_Profile.md,research/visionary/Visionary_Intelligence/02_Founder_Collections/Tesla/Tesla_Profile.md,empty-stub
99_Operations 2/Visionary_Intelligence/02_Founder_Collections/Tesla/Tesla_Works_Index.md,research/visionary/Visionary_Intelligence/02_Founder_Collections/Tesla/Tesla_Works_Index.md,empty-stub
99_Operations 2/Visionary_Intelligence/03_Visionary_Profiles/00_Profile_Template.md,research/visionary/Visionary_Intelligence/03_Visionary_Profiles/00_Profile_Template.md,empty-stub
99_Operations 2/Visionary_Intelligence/04_Artifacts/Schauberger/images/INDEX.json,research/visionary/Visionary_Intelligence/04_Artifacts/Schauberger/images/INDEX.json,empty-stub
99_Operations 2/Visionary_Intelligence/04_Artifacts/Schauberger/patents/INDEX.json,research/visionary/Visionary_Intelligence/04_Artifacts/Schauberger/patents/INDEX.json,empty-stub
99_Operations 2/Visionary_Intelligence/04_Artifacts/Schauberger/publications/INDEX.json,research/visionary/Visionary_Intelligence/04_Artifacts/Schauberger/publications/INDEX.json,empty-stub
99_Operations 2/Visionary_Intelligence/04_Artifacts/Shared/diagrams/INDEX.json,research/visionary/Visionary_Intelligence/04_Artifacts/Shared/diagrams/INDEX.json,empty-stub
99_Operations 2/Visionary_Intelligence/04_Artifacts/Shared/figures/INDEX.json,research/visionary/Visionary_Intelligence/04_Artifacts/Shared/figures/INDEX.json,empty-stub
99_Operations 2/Visionary_Intelligence/04_Artifacts/Shared/historical_images/INDEX.json,research/visionary/Visionary_Intelligence/04_Artifacts/Shared/historical_images/INDEX.json,empty-stub
99_Operations 2/Visionary_Intelligence/04_Artifacts/Tesla/images/INDEX.json,research/visionary/Visionary_Intelligence/04_Artifacts/Tesla/images/INDEX.json,empty-stub
99_Operations 2/Visionary_Intelligence/04_Artifacts/Tesla/patents/INDEX.json,research/visionary/Visionary_Intelligence/04_Artifacts/Tesla/patents/INDEX.json,empty-stub
99_Operations 2/Visionary_Intelligence/04_Artifacts/Tesla/publications/INDEX.json,research/visionary/Visionary_Intelligence/04_Artifacts/Tesla/publications/INDEX.json,empty-stub
99_Operations 2/Visionary_Intelligence/04_Artifacts/schemas/INDEX.schema.json,research/visionary/Visionary_Intelligence/04_Artifacts/schemas/INDEX.schema.json,empty-stub
99_Operations 2/Visionary_Intelligence/04_Artifacts/schemas/LICENSE.schema.json,research/visionary/Visionary_Intelligence/04_Artifacts/schemas/LICENSE.schema.json,empty-stub
99_Operations 2/Visionary_Intelligence/05_Doctrine_Output/markdown/Crossflow_Setup_Tuning.md,research/visionary/Visionary_Intelligence/05_Doctrine_Output/markdown/Crossflow_Setup_Tuning.md,empty-stub
99_Operations 2/Visionary_Intelligence/05_Doctrine_Output/markdown/Intake_Vortex_Prevention.md,research/visionary/Visionary_Intelligence/05_Doctrine_Output/markdown/Intake_Vortex_Prevention.md,empty-stub
99_Operations 2/Visionary_Intelligence/05_Doctrine_Output/markdown/Penstock_Headloss_Rules.md,research/visionary/Visionary_Intelligence/05_Doctrine_Output/markdown/Penstock_Headloss_Rules.md,empty-stub
99_Operations 2/Visionary_Intelligence/05_Doctrine_Output/markdown/Turbine_Selection_Doctrine.md,research/visionary/Visionary_Intelligence/05_Doctrine_Output/markdown/Turbine_Selection_Doctrine.md,empty-stub
99_Operations 2/Visionary_Intelligence/06_Tools/crosslinking/scenario_linker_rules.md,research/visionary/Visionary_Intelligence/06_Tools/crosslinking/scenario_linker_rules.md,empty-stub
99_Operations 2/Visionary_Intelligence/06_Tools/hydraulics/hydraulics_friction_calculator.py,research/visionary/Visionary_Intelligence/06_Tools/hydraulics/hydraulics_friction_calculator.py,empty-stub
99_Operations 2/Visionary_Intelligence/06_Tools/hydraulics/sample_inputs/example_site_01.json,research/visionary/Visionary_Intelligence/06_Tools/hydraulics/sample_inputs/example_site_01.json,empty-stub
99_Operations 2/Visionary_Intelligence/06_Tools/hydraulics/sample_inputs/example_site_02.json,research/visionary/Visionary_Intelligence/06_Tools/hydraulics/sample_inputs/example_site_02.json,empty-stub
99_Operations 2/Visionary_Intelligence/07_Scenario_Traceability/Scenario_Crosslinks/Scenario1.md,research/visionary/Visionary_Intelligence/07_Scenario_Traceability/Scenario_Crosslinks/Scenario1.md,empty-stub
99_Operations 2/Visionary_Intelligence/07_Scenario_Traceability/Scenario_Crosslinks/Scenario2.md,research/visionary/Visionary_Intelligence/07_Scenario_Traceability/Scenario_Crosslinks/Scenario2.md,empty-stub
99_Operations 2/Visionary_Intelligence/07_Scenario_Traceability/Scenario_Crosslinks/Scenario3.md,research/visionary/Visionary_Intelligence/07_Scenario_Traceability/Scenario_Crosslinks/Scenario3.md,empty-stub
99_Operations 2/Visionary_Intelligence/07_Scenario_Traceability/Scenario_Crosslinks/Scenario4.md,research/visionary/Visionary_Intelligence/07_Scenario_Traceability/Scenario_Crosslinks/Scenario4.md,empty-stub
99_Operations 2/Visionary_Intelligence/07_Scenario_Traceability/Scenario_Crosslinks/Scenario5.md,research/visionary/Visionary_Intelligence/07_Scenario_Traceability/Scenario_Crosslinks/Scenario5.md,empty-stub
99_Operations 2/Visionary_Intelligence/07_Scenario_Traceability/Traceability_Matrix.md,research/visionary/Visionary_Intelligence/07_Scenario_Traceability/Traceability_Matrix.md,empty-stub
99_Operations 2/Visionary_Intelligence/08_Review_and_Promotion/Merge_Map_To_Company_Tree.md,research/visionary/Visionary_Intelligence/08_Review_and_Promotion/Merge_Map_To_Company_Tree.md,empty-stub
99_Operations 2/Visionary_Intelligence/08_Review_and_Promotion/Promotion_Checklist.md,research/visionary/Visionary_Intelligence/08_Review_and_Promotion/Promotion_Checklist.md,empty-stub
99_Operations 2/Visionary_Intelligence/08_Review_and_Promotion/QA_Checklist.md,research/visionary/Visionary_Intelligence/08_Review_and_Promotion/QA_Checklist.md,empty-stub
99_Operations 2/Visionary_Intelligence/08_Review_and_Promotion/Release_Notes_Template.md,research/visionary/Visionary_Intelligence/08_Review_and_Promotion/Release_Notes_Template.md,empty-stub
99_Operations 2/Visionary_Intelligence/SCOPE.md,research/visionary/Visionary_Intelligence/SCOPE.md,empty-stub
99_Operations 2/Visionary_Intelligence/STATUS.md,research/visionary/Visionary_Intelligence/STATUS.md,empty-stub
99_Operations 3/Visionary_Intelligence/00_Admin/Citation_Rules.md,research/visionary/Visionary_Intelligence/00_Admin/Citation_Rules.md,empty-stub
99_Operations 3/Visionary_Intelligence/00_Admin/Contribution_Guide.md,research/visionary/Visionary_Intelligence/00_Admin/Contribution_Guide.md,empty-stub
99_Operations 3/Visionary_Intelligence/00_Admin/Conventions.md,research/visionary/Visionary_Intelligence/00_Admin/Conventions.md,empty-stub
99_Operations 3/Visionary_Intelligence/00_Admin/License_Policy.md,research/visionary/Visionary_Intelligence/00_Admin/License_Policy.md,empty-stub
99_Operations 3/Visionary_Intelligence/00_Admin/Naming_Standards.md,research/visionary/Visionary_Intelligence/00_Admin/Naming_Standards.md,empty-stub
99_Operations 3/Visionary_Intelligence/01_Master_Index/Crosslink_Map.md,research/visionary/Visionary_Intelligence/01_Master_Index/Crosslink_Map.md,empty-stub
99_Operations 3/Visionary_Intelligence/01_Master_Index/Tag_Taxonomy.md,research/visionary/Visionary_Intelligence/01_Master_Index/Tag_Taxonomy.md,empty-stub
99_Operations 3/Visionary_Intelligence/01_Master_Index/Visionary_Comparative_Matrix.md,research/visionary/Visionary_Intelligence/01_Master_Index/Visionary_Comparative_Matrix.md,empty-stub
99_Operations 3/Visionary_Intelligence/01_Master_Index/Visionary_Master_Index.md,research/visionary/Visionary_Intelligence/01_Master_Index/Visionary_Master_Index.md,empty-stub
99_Operations 3/Visionary_Intelligence/02_Founder_Collections/Dan_Winter/Dan_Winter_Annex_NonMainstream_Disclaimer.md,research/visionary/Visionary_Intelligence/02_Founder_Collections/Dan_Winter/Dan_Winter_Annex_NonMainstream_Disclaimer.md,empty-stub
99_Operations 3/Visionary_Intelligence/02_Founder_Collections/Dan_Winter/Dan_Winter_Profile.md,research/visionary/Visionary_Intelligence/02_Founder_Collections/Dan_Winter/Dan_Winter_Profile.md,empty-stub
99_Operations 3/Visionary_Intelligence/02_Founder_Collections/Dan_Winter/Dan_Winter_Total_Work_Index.md,research/visionary/Visionary_Intelligence/02_Founder_Collections/Dan_Winter/Dan_Winter_Total_Work_Index.md,empty-stub
99_Operations 3/Visionary_Intelligence/02_Founder_Collections/Schauberger/Schauberger_Patent_Compendium.md,research/visionary/Visionary_Intelligence/02_Founder_Collections/Schauberger/Schauberger_Patent_Compendium.md,empty-stub
99_Operations 3/Visionary_Intelligence/02_Founder_Collections/Schauberger/Schauberger_Profile.md,research/visionary/Visionary_Intelligence/02_Founder_Collections/Schauberger/Schauberger_Profile.md,empty-stub
99_Operations 3/Visionary_Intelligence/02_Founder_Collections/Schauberger/Schauberger_Works_Index.md,research/visionary/Visionary_Intelligence/02_Founder_Collections/Schauberger/Schauberger_Works_Index.md,empty-stub
99_Operations 3/Visionary_Intelligence/02_Founder_Collections/Tesla/Tesla_Patent_Compendium.md,research/visionary/Visionary_Intelligence/02_Founder_Collections/Tesla/Tesla_Patent_Compendium.md,empty-stub
99_Operations 3/Visionary_Intelligence/02_Founder_Collections/Tesla/Tesla_Profile.md,research/visionary/Visionary_Intelligence/02_Founder_Collections/Tesla/Tesla_Profile.md,empty-stub
99_Operations 3/Visionary_Intelligence/02_Founder_Collections/Tesla/Tesla_Works_Index.md,research/visionary/Visionary_Intelligence/02_Founder_Collections/Tesla/Tesla_Works_Index.md,empty-stub
99_Operations 3/Visionary_Intelligence/03_Visionary_Profiles/00_Profile_Template.md,research/visionary/Visionary_Intelligence/03_Visionary_Profiles/00_Profile_Template.md,empty-stub
99_Operations 3/Visionary_Intelligence/04_Artifacts/Schauberger/images/INDEX.json,research/visionary/Visionary_Intelligence/04_Artifacts/Schauberger/images/INDEX.json,empty-stub
99_Operations 3/Visionary_Intelligence/04_Artifacts/Schauberger/patents/INDEX.json,research/visionary/Visionary_Intelligence/04_Artifacts/Schauberger/patents/INDEX.json,empty-stub
99_Operations 3/Visionary_Intelligence/04_Artifacts/Schauberger/publications/INDEX.json,research/visionary/Visionary_Intelligence/04_Artifacts/Schauberger/publications/INDEX.json,empty-stub
99_Operations 3/Visionary_Intelligence/04_Artifacts/Shared/diagrams/INDEX.json,research/visionary/Visionary_Intelligence/04_Artifacts/Shared/diagrams/INDEX.json,empty-stub
99_Operations 3/Visionary_Intelligence/04_Artifacts/Shared/figures/INDEX.json,research/visionary/Visionary_Intelligence/04_Artifacts/Shared/figures/INDEX.json,empty-stub
99_Operations 3/Visionary_Intelligence/04_Artifacts/Shared/historical_images/INDEX.json,research/visionary/Visionary_Intelligence/04_Artifacts/Shared/historical_images/INDEX.json,empty-stub
99_Operations 3/Visionary_Intelligence/04_Artifacts/Tesla/images/INDEX.json,research/visionary/Visionary_Intelligence/04_Artifacts/Tesla/images/INDEX.json,empty-stub
99_Operations 3/Visionary_Intelligence/04_Artifacts/Tesla/patents/INDEX.json,research/visionary/Visionary_Intelligence/04_Artifacts/Tesla/patents/INDEX.json,empty-stub
99_Operations 3/Visionary_Intelligence/04_Artifacts/Tesla/publications/INDEX.json,research/visionary/Visionary_Intelligence/04_Artifacts/Tesla/publications/INDEX.json,empty-stub
99_Operations 3/Visionary_Intelligence/04_Artifacts/schemas/INDEX.schema.json,research/visionary/Visionary_Intelligence/04_Artifacts/schemas/INDEX.schema.json,empty-stub
99_Operations 3/Visionary_Intelligence/04_Artifacts/schemas/LICENSE.schema.json,research/visionary/Visionary_Intelligence/04_Artifacts/schemas/LICENSE.schema.json,empty-stub
99_Operations 3/Visionary_Intelligence/05_Doctrine_Output/markdown/Crossflow_Setup_Tuning.md,research/visionary/Visionary_Intelligence/05_Doctrine_Output/markdown/Crossflow_Setup_Tuning.md,empty-stub
99_Operations 3/Visionary_Intelligence/05_Doctrine_Output/markdown/Intake_Vortex_Prevention.md,research/visionary/Visionary_Intelligence/05_Doctrine_Output/markdown/Intake_Vortex_Prevention.md,empty-stub
99_Operations 3/Visionary_Intelligence/05_Doctrine_Output/markdown/Penstock_Headloss_Rules.md,research/visionary/Visionary_Intelligence/05_Doctrine_Output/markdown/Penstock_Headloss_Rules.md,empty-stub
99_Operations 3/Visionary_Intelligence/05_Doctrine_Output/markdown/Turbine_Selection_Doctrine.md,research/visionary/Visionary_Intelligence/05_Doctrine_Output/markdown/Turbine_Selection_Doctrine.md,empty-stub
99_Operations 3/Visionary_Intelligence/06_Tools/crosslinking/scenario_linker_rules.md,research/visionary/Visionary_Intelligence/06_Tools/crosslinking/scenario_linker_rules.md,empty-stub
99_Operations 3/Visionary_Intelligence/06_Tools/hydraulics/hydraulics_friction_calculator.py,research/visionary/Visionary_Intelligence/06_Tools/hydraulics/hydraulics_friction_calculator.py,empty-stub
99_Operations 3/Visionary_Intelligence/06_Tools/hydraulics/sample_inputs/example_site_01.json,research/visionary/Visionary_Intelligence/06_Tools/hydraulics/sample_inputs/example_site_01.json,empty-stub
99_Operations 3/Visionary_Intelligence/06_Tools/hydraulics/sample_inputs/example_site_02.json,research/visionary/Visionary_Intelligence/06_Tools/hydraulics/sample_inputs/example_site_02.json,empty-stub
99_Operations 3/Visionary_Intelligence/07_Scenario_Traceability/Scenario_Crosslinks/Scenario1.md,research/visionary/Visionary_Intelligence/07_Scenario_Traceability/Scenario_Crosslinks/Scenario1.md,empty-stub
99_Operations 3/Visionary_Intelligence/07_Scenario_Traceability/Scenario_Crosslinks/Scenario2.md,research/visionary/Visionary_Intelligence/07_Scenario_Traceability/Scenario_Crosslinks/Scenario2.md,empty-stub
99_Operations 3/Visionary_Intelligence/07_Scenario_Traceability/Scenario_Crosslinks/Scenario3.md,research/visionary/Visionary_Intelligence/07_Scenario_Traceability/Scenario_Crosslinks/Scenario3.md,empty-stub
99_Operations 3/Visionary_Intelligence/07_Scenario_Traceability/Scenario_Crosslinks/Scenario4.md,research/visionary/Visionary_Intelligence/07_Scenario_Traceability/Scenario_Crosslinks/Scenario4.md,empty-stub
99_Operations 3/Visionary_Intelligence/07_Scenario_Traceability/Scenario_Crosslinks/Scenario5.md,research/visionary/Visionary_Intelligence/07_Scenario_Traceability/Scenario_Crosslinks/Scenario5.md,empty-stub
99_Operations 3/Visionary_Intelligence/07_Scenario_Traceability/Traceability_Matrix.md,research/visionary/Visionary_Intelligence/07_Scenario_Traceability/Traceability_Matrix.md,empty-stub
99_Operations 3/Visionary_Intelligence/08_Review_and_Promotion/Merge_Map_To_Company_Tree.md,research/visionary/Visionary_Intelligence/08_Review_and_Promotion/Merge_Map_To_Company_Tree.md,empty-stub
99_Operations 3/Visionary_Intelligence/08_Review_and_Promotion/Promotion_Checklist.md,research/visionary/Visionary_Intelligence/08_Review_and_Promotion/Promotion_Checklist.md,empty-stub
99_Operations 3/Visionary_Intelligence/08_Review_and_Promotion/QA_Checklist.md,research/visionary/Visionary_Intelligence/08_Review_and_Promotion/QA_Checklist.md,empty-stub
99_Operations 3/Visionary_Intelligence/08_Review_and_Promotion/Release_Notes_Template.md,research/visionary/Visionary_Intelligence/08_Review_and_Promotion/Release_Notes_Template.md,empty-stub
99_Operations 3/Visionary_Intelligence/SCOPE.md,research/visionary/Visionary_Intelligence/SCOPE.md,empty-stub
99_Operations 3/Visionary_Intelligence/STATUS.md,research/visionary/Visionary_Intelligence/STATUS.md,empty-stub
Visionary_Board/board_activation_summary.md,research/visionary/board/board_activation_summary.md,copied
Visionary_Board/board_members_complete.md,research/visionary/board/board_members_complete.md,copied
Visionary_Board/schauberger_avatar_agent.md,research/visionary/board/schauberger_avatar_agent.md,copied
Visionary_Board/tesla_avatar_agent.md,research/visionary/board/tesla_avatar_agent.md,copied
Visionary_Board/visionary_board_charter.md,research/visionary/board/visionary_board_charter.md,copied
Visionary_Board/winter_avatar_agent.md,research/visionary/board/winter_avatar_agent.md,copied
Research/MASTER_PRODUCTION_PACKAGE 2/02_Targeted_Design_RnD/Requirements_Traceabillity.docx,research/topics/MASTER_PRODUCTION_PACKAGE 2/02_Targeted_Design_RnD/Requirements_Traceabillity.docx,copied
Research/MASTER_PRODUCTION_PACKAGE 2/02_Targeted_Design_RnD/STW_Design_Matrix_PASSB.docx,research/topics/MASTER_PRODUCTION_PACKAGE 2/02_Targeted_Design_RnD/STW_Design_Matrix_PASSB.docx,copied
Research/MASTER_PRODUCTION_PACKAGE 2/02_Targeted_Design_RnD/STW_Design_vNext.docx,research/topics/MASTER_PRODUCTION_PACKAGE 2/02_Targeted_Design_RnD/STW_Design_vNext.docx,copied
Research/MASTER_PRODUCTION_PACKAGE 2/04_Hydram_Research_Unit/HYDRAM_RUN2_Overview.docx,research/topics/MASTER_PRODUCTION_PACKAGE 2/04_Hydram_Research_Unit/HYDRAM_RUN2_Overview.docx,copied
Research/MASTER_PRODUCTION_PACKAGE 2/04_Hydram_Research_Unit/TANK_Ripple_Model.xlsx,research/topics/MASTER_PRODUCTION_PACKAGE 2/04_Hydram_Research_Unit/TANK_Ripple_Model.xlsx,copied
Research/MASTER_PRODUCTION_PACKAGE 2/05_Tank_Hydraulics_Unit/MicroHydroV1_Bench_Test_Tracker.xlsx,research/topics/MASTER_PRODUCTION_PACKAGE 2/05_Tank_Hydraulics_Unit/MicroHydroV1_Bench_Test_Tracker.xlsx,copied
Research/MASTER_PRODUCTION_PACKAGE 2/05_Tank_Hydraulics_Unit/TANK_Inlet_Comparison_RUN2.docx,research/topics/MASTER_PRODUCTION_PACKAGE 2/05_Tank_Hydraulics_Unit/TANK_Inlet_Comparison_RUN2.docx,copied
Research/MASTER_PRODUCTION_PACKAGE 2/05_Tank_Hydraulics_Unit/TANK_Ripple_Model.xlsx,research/topics/MASTER_PRODUCTION_PACKAGE 2/05_Tank_Hydraulics_Unit/TANK_Ripple_Model.xlsx,copied
Research/MASTER_PRODUCTION_PACKAGE 2/06_Penstock_Flow_Unit/PENSTOCK_FLOW_DATA.xlsx,research/topics/MASTER_PRODUCTION_PACKAGE 2/06_Penstock_Flow_Unit/PENSTOCK_FLOW_DATA.xlsx,copied
Research/MASTER_PRODUCTION_PACKAGE 2/06_Penstock_Flow_Unit/PENSTOCK_Selection_RUN2.docx,research/topics/MASTER_PRODUCTION_PACKAGE 2/06_Penstock_Flow_Unit/PENSTOCK_Selection_RUN2.docx,copied
Research/MASTER_PRODUCTION_PACKAGE 2/07_Turbine_Optimization_Unit/NOZZLE_DATA_RUN2.xlsx,research/topics/MASTER_PRODUCTION_PACKAGE 2/07_Turbine_Optimization_Unit/NOZZLE_DATA_RUN2.xlsx,copied
Research/MASTER_PRODUCTION_PACKAGE 2/07_Turbine_Optimization_Unit/NOZZLE_Sweep_RUN2.docx,research/topics/MASTER_PRODUCTION_PACKAGE 2/07_Turbine_Optimization_Unit/NOZZLE_Sweep_RUN2.docx,copied
Research/MASTER_PRODUCTION_PACKAGE 2/08_Electrical_Control_Unit/ELC_Frequency_Response.xlsx,research/topics/MASTER_PRODUCTION_PACKAGE 2/08_Electrical_Control_Unit/ELC_Frequency_Response.xlsx,copied
Research/MASTER_PRODUCTION_PACKAGE 2/08_Electrical_Control_Unit/ELC_Inverter_Tuning_RUN2.docx,research/topics/MASTER_PRODUCTION_PACKAGE 2/08_Electrical_Control_Unit/ELC_Inverter_Tuning_RUN2.docx,copied
Research/MASTER_PRODUCTION_PACKAGE 2/09_Intergrated_System_Modeling/INTEGRATED_RUN2.docx,research/topics/MASTER_PRODUCTION_PACKAGE 2/09_Intergrated_System_Modeling/INTEGRATED_RUN2.docx,copied
Research/MASTER_PRODUCTION_PACKAGE 2/09_Intergrated_System_Modeling/INTEGRATED_RUN2_Data.xlsx,research/topics/MASTER_PRODUCTION_PACKAGE 2/09_Intergrated_System_Modeling/INTEGRATED_RUN2_Data.xlsx,copied
Research/MASTER_PRODUCTION_PACKAGE 2/09_Intergrated_System_Modeling/System_Architecture.md.docx,research/topics/MASTER_PRODUCTION_PACKAGE 2/09_Intergrated_System_Modeling/System_Architecture.md.docx,copied
Research/MASTER_PRODUCTION_PACKAGE 2/10_Design_VNext/01_Tank_Inlet_Hyperbolic/Engineering_Rationale_Hyperbolic_Inlet.docx,research/topics/MASTER_PRODUCTION_PACKAGE 2/10_Design_VNext/01_Tank_Inlet_Hyperbolic/Engineering_Rationale_Hyperbolic_Inlet.docx,copied
Research/MASTER_PRODUCTION_PACKAGE 2/10_Design_VNext/01_Tank_Inlet_Hyperbolic/Hyberbolic_Inlet_Design.docx,research/topics/MASTER_PRODUCTION_PACKAGE 2/10_Design_VNext/01_Tank_Inlet_Hyperbolic/Hyberbolic_Inlet_Design.docx,copied
Research/MASTER_PRODUCTION_PACKAGE 2/10_Design_VNext/01_Tank_Inlet_Hyperbolic/Hyperbolic_Inlet_BOM.xlsx,research/topics/MASTER_PRODUCTION_PACKAGE 2/10_Design_VNext/01_Tank_Inlet_Hyperbolic/Hyperbolic_Inlet_BOM.xlsx,copied
Research/MASTER_PRODUCTION_PACKAGE 2/10_Design_VNext/01_Tank_Inlet_Hyperbolic/Hyperbolic_Inlet_Drawing.svg.docx,research/topics/MASTER_PRODUCTION_PACKAGE 2/10_Design_VNext/01_Tank_Inlet_Hyperbolic/Hyperbolic_Inlet_Drawing.svg.docx,copied
Research/MASTER_PRODUCTION_PACKAGE 2/10_Design_VNext/02_Nozzle_9mm_PreSwirl/Engineering_Rational_Nozzle_9mm_.docx,research/topics/MASTER_PRODUCTION_PACKAGE 2/10_Design_VNext/02_Nozzle_9mm_PreSwirl/Engineering_Rational_Nozzle_9mm_.docx,copied
Research/MASTER_PRODUCTION_PACKAGE 2/10_Design_VNext/02_Nozzle_9mm_PreSwirl/Nozzle_9mm_PreSwirl_Design.docx,research/topics/MASTER_PRODUCTION_PACKAGE 2/10_Design_VNext/02_Nozzle_9mm_PreSwirl/Nozzle_9mm_PreSwirl_Design.docx,copied
Research/MASTER_PRODUCTION_PACKAGE 2/10_Design_VNext/02_Nozzle_9mm_PreSwirl/Nozzle_9mm_PreSwirl_Drawing.svg.docx,research/topics/MASTER_PRODUCTION_PACKAGE 2/10_Design_VNext/02_Nozzle_9mm_PreSwirl/Nozzle_9mm_PreSwirl_Drawing.svg.docx,copied
Research/MASTER_PRODUCTION_PACKAGE 2/10_Design_VNext/02_Nozzle_9mm_PreSwirl/Nozzle_PreSwirl_BOM.xlsx,research/topics/MASTER_PRODUCTION_PACKAGE 2/10_Design_VNext/02_Nozzle_9mm_PreSwirl/Nozzle_PreSwirl_BOM.xlsx,copied
Research/MASTER_PRODUCTION_PACKAGE 2/10_Design_VNext/MicroHydroV1_Design_vNext_Readout_Stages_A-D.docx,research/topics/MASTER_PRODUCTION_PACKAGE 2/10_Design_VNext/MicroHydroV1_Design_vNext_Readout_Stages_A-D.docx,copied
Research/MASTER_PRODUCTION_PACKAGE 2/11_Bench_Test_Pack/Bench_Test_Results_Summary.docx,research/topics/MASTER_PRODUCTION_PACKAGE 2/11_Bench_Test_Pack/Bench_Test_Results_Summary.docx,copied
Research/MASTER_PRODUCTION_PACKAGE 2/11_Bench_Test_Pack/Bench_Test_Tracker.xlsx,research/topics/MASTER_PRODUCTION_PACKAGE 2/11_Bench_Test_Pack/Bench_Test_Tracker.xlsx,copied
Research/MASTER_PRODUCTION_PACKAGE 2/11_Bench_Test_Pack/Jet_Coherence_Test/Jet_Coherence_Datasheet.xlsx,research/topics/MASTER_PRODUCTION_PACKAGE 2/11_Bench_Test_Pack/Jet_Coherence_Test/Jet_Coherence_Datasheet.xlsx,copied
Research/MASTER_PRODUCTION_PACKAGE 2/11_Bench_Test_Pack/Jet_Coherence_Test/Jet_Coherence_Imaging_Notes.docx,research/topics/MASTER_PRODUCTION_PACKAGE 2/11_Bench_Test_Pack/Jet_Coherence_Test/Jet_Coherence_Imaging_Notes.docx,copied
Research/MASTER_PRODUCTION_PACKAGE 2/11_Bench_Test_Pack/Results_Intake_Template.xlsx,research/topics/MASTER_PRODUCTION_PACKAGE 2/11_Bench_Test_Pack/Results_Intake_Template.xlsx,copied
Research/MASTER_PRODUCTION_PACKAGE 2/11_Bench_Test_Pack/Tank_Ripple_Test/Tank_Ripple_Datasheet.xlsx,research/topics/MASTER_PRODUCTION_PACKAGE 2/11_Bench_Test_Pack/Tank_Ripple_Test/Tank_Ripple_Datasheet.xlsx,copied
Research/MASTER_PRODUCTION_PACKAGE 2/11_Bench_Test_Pack/Tank_Ripple_Test/Tank_Ripple_Sensor_Mounting.svg.docx,research/topics/MASTER_PRODUCTION_PACKAGE 2/11_Bench_Test_Pack/Tank_Ripple_Test/Tank_Ripple_Sensor_Mounting.svg.docx,copied
Research/MASTER_PRODUCTION_PACKAGE 2/12_Patents/PATENT_PASSB_Full.docx,research/topics/MASTER_PRODUCTION_PACKAGE 2/12_Patents/PATENT_PASSB_Full.docx,copied
Research/MASTER_PRODUCTION_PACKAGE 2/12_Patents/Patent_Index.xlsx,research/topics/MASTER_PRODUCTION_PACKAGE 2/12_Patents/Patent_Index.xlsx,copied
Research/MASTER_PRODUCTION_PACKAGE 2/12_Patents/Schauberger_Summaries.docx,research/topics/MASTER_PRODUCTION_PACKAGE 2/12_Patents/Schauberger_Summaries.docx,copied
Research/MASTER_PRODUCTION_PACKAGE 2/12_Patents/Tesla_Summaries.docx,research/topics/MASTER_PRODUCTION_PACKAGE 2/12_Patents/Tesla_Summaries.docx,copied
Research/MASTER_PRODUCTION_PACKAGE 2/12_Patents/Winter_Summaries.docx,research/topics/MASTER_PRODUCTION_PACKAGE 2/12_Patents/Winter_Summaries.docx,copied
Research/MASTER_PRODUCTION_PACKAGE 2/14_Reports/Design_vNext_Readout_FULL.docx,research/topics/MASTER_PRODUCTION_PACKAGE 2/14_Reports/Design_vNext_Readout_FULL.docx,copied
Research/MASTER_PRODUCTION_PACKAGE 2/14_Reports/PASS_A_FULL.docx,research/topics/MASTER_PRODUCTION_PACKAGE 2/14_Reports/PASS_A_FULL.docx,copied
Research/MASTER_PRODUCTION_PACKAGE 2/14_Reports/PASS_A_FULL_Populated_v2.docx,research/topics/MASTER_PRODUCTION_PACKAGE 2/14_Reports/PASS_A_FULL_Populated_v2.docx,copied
Research/MASTER_PRODUCTION_PACKAGE 2/14_Reports/Program_Readout_Executive_Summary.docx,research/topics/MASTER_PRODUCTION_PACKAGE 2/14_Reports/Program_Readout_Executive_Summary.docx,copied
Research/MASTER_PRODUCTION_PACKAGE 2/14_Reports/RUN2_Comapre_PhiWeights.docx,research/topics/MASTER_PRODUCTION_PACKAGE 2/14_Reports/RUN2_Comapre_PhiWeights.docx,copied
Research/MASTER_PRODUCTION_PACKAGE 2/14_Reports/RUN2_Summary.docx,research/topics/MASTER_PRODUCTION_PACKAGE 2/14_Reports/RUN2_Summary.docx,copied
Research/MASTER_PRODUCTION_PACKAGE 2/14_Reports/StageB_TestPlan.txt,research/topics/MASTER_PRODUCTION_PACKAGE 2/14_Reports/StageB_TestPlan.txt,copied
Research/MASTER_PRODUCTION_PACKAGE 2/MASTER_PASS_A_Document.docx,research/topics/MASTER_PRODUCTION_PACKAGE 2/MASTER_PASS_A_Document.docx,copied
Research/MASTER_PRODUCTION_PACKAGE 2/README.md.docx,research/topics/MASTER_PRODUCTION_PACKAGE 2/README.md.docx,copied
Research/MASTER_PRODUCTION_PACKAGE 2/README_IMPORT.md,research/topics/MASTER_PRODUCTION_PACKAGE 2/README_IMPORT.md,copied
Research/MASTER_PRODUCTION_PACKAGE 2/Refinement_Prompts.docx,research/topics/MASTER_PRODUCTION_PACKAGE 2/Refinement_Prompts.docx,copied
Research/MASTER_PRODUCTION_PACKAGE 2/Stakeholder_Presentation.pptx,research/topics/MASTER_PRODUCTION_PACKAGE 2/Stakeholder_Presentation.pptx,copied
Research/MASTER_PRODUCTION_PACKAGE 2/import_measurements.py,research/topics/MASTER_PRODUCTION_PACKAGE 2/import_measurements.py,copied
Research/MASTER_PRODUCTION_PACKAGE 2/index.html.docx,research/topics/MASTER_PRODUCTION_PACKAGE 2/index.html.docx,copied
Research/RnD_Additional/build_all.FCMacro.docx,research/topics/RnD_Additional/build_all.FCMacro.docx,copied
Research/Visionary_Intelligence/00_Admin/Citation_Rules.md,research/topics/Visionary_Intelligence/00_Admin/Citation_Rules.md,empty-stub
Research/Visionary_Intelligence/00_Admin/Contribution_Guide.md,research/topics/Visionary_Intelligence/00_Admin/Contribution_Guide.md,empty-stub
Research/Visionary_Intelligence/00_Admin/Conventions.md,research/topics/Visionary_Intelligence/00_Admin/Conventions.md,empty-stub
Research/Visionary_Intelligence/00_Admin/License_Policy.md,research/topics/Visionary_Intelligence/00_Admin/License_Policy.md,empty-stub
Research/Visionary_Intelligence/00_Admin/Naming_Standards.md,research/topics/Visionary_Intelligence/00_Admin/Naming_Standards.md,empty-stub
Research/Visionary_Intelligence/01_Master_Index/Crosslink_Map.md,research/topics/Visionary_Intelligence/01_Master_Index/Crosslink_Map.md,empty-stub
Research/Visionary_Intelligence/01_Master_Index/Tag_Taxonomy.md,research/topics/Visionary_Intelligence/01_Master_Index/Tag_Taxonomy.md,empty-stub
Research/Visionary_Intelligence/01_Master_Index/Visionary_Comparative_Matrix.md,research/topics/Visionary_Intelligence/01_Master_Index/Visionary_Comparative_Matrix.md,empty-stub
Research/Visionary_Intelligence/01_Master_Index/Visionary_Master_Index.md,research/topics/Visionary_Intelligence/01_Master_Index/Visionary_Master_Index.md,empty-stub
Research/Visionary_Intelligence/02_Founder_Collections/Dan_Winter/Dan_Winter_Annex_NonMainstream_Disclaimer.md,research/topics/Visionary_Intelligence/02_Founder_Collections/Dan_Winter/Dan_Winter_Annex_NonMainstream_Disclaimer.md,empty-stub
Research/Visionary_Intelligence/02_Founder_Collections/Dan_Winter/Dan_Winter_Profile.md,research/topics/Visionary_Intelligence/02_Founder_Collections/Dan_Winter/Dan_Winter_Profile.md,empty-stub
Research/Visionary_Intelligence/02_Founder_Collections/Dan_Winter/Dan_Winter_Total_Work_Index.md,research/topics/Visionary_Intelligence/02_Founder_Collections/Dan_Winter/Dan_Winter_Total_Work_Index.md,empty-stub
Research/Visionary_Intelligence/02_Founder_Collections/Schauberger/Schauberger_Patent_Compendium.md,research/topics/Visionary_Intelligence/02_Founder_Collections/Schauberger/Schauberger_Patent_Compendium.md,empty-stub
Research/Visionary_Intelligence/02_Founder_Collections/Schauberger/Schauberger_Profile.md,research/topics/Visionary_Intelligence/02_Founder_Collections/Schauberger/Schauberger_Profile.md,empty-stub
Research/Visionary_Intelligence/02_Founder_Collections/Schauberger/Schauberger_Works_Index.md,research/topics/Visionary_Intelligence/02_Founder_Collections/Schauberger/Schauberger_Works_Index.md,empty-stub
Research/Visionary_Intelligence/02_Founder_Collections/Tesla/Tesla_Patent_Compendium.md,research/topics/Visionary_Intelligence/02_Founder_Collections/Tesla/Tesla_Patent_Compendium.md,empty-stub
Research/Visionary_Intelligence/02_Founder_Collections/Tesla/Tesla_Profile.md,research/topics/Visionary_Intelligence/02_Founder_Collections/Tesla/Tesla_Profile.md,empty-stub
Research/Visionary_Intelligence/02_Founder_Collections/Tesla/Tesla_Works_Index.md,research/topics/Visionary_Intelligence/02_Founder_Collections/Tesla/Tesla_Works_Index.md,empty-stub
Research/Visionary_Intelligence/03_Visionary_Profiles/00_Profile_Template.md,research/topics/Visionary_Intelligence/03_Visionary_Profiles/00_Profile_Template.md,empty-stub
Research/Visionary_Intelligence/04_Artifacts/Schauberger/images/INDEX.json,research/topics/Visionary_Intelligence/04_Artifacts/Schauberger/images/INDEX.json,empty-stub
Research/Visionary_Intelligence/04_Artifacts/Schauberger/patents/INDEX.json,research/topics/Visionary_Intelligence/04_Artifacts/Schauberger/patents/INDEX.json,empty-stub
Research/Visionary_Intelligence/04_Artifacts/Schauberger/publications/INDEX.json,research/topics/Visionary_Intelligence/04_Artifacts/Schauberger/publications/INDEX.json,empty-stub
Research/Visionary_Intelligence/04_Artifacts/Shared/diagrams/INDEX.json,research/topics/Visionary_Intelligence/04_Artifacts/Shared/diagrams/INDEX.json,empty-stub
Research/Visionary_Intelligence/04_Artifacts/Shared/figures/INDEX.json,research/topics/Visionary_Intelligence/04_Artifacts/Shared/figures/INDEX.json,empty-stub
Research/Visionary_Intelligence/04_Artifacts/Shared/historical_images/INDEX.json,research/topics/Visionary_Intelligence/04_Artifacts/Shared/historical_images/INDEX.json,empty-stub
Research/Visionary_Intelligence/04_Artifacts/Tesla/images/INDEX.json,research/topics/Visionary_Intelligence/04_Artifacts/Tesla/images/INDEX.json,empty-stub
Research/Visionary_Intelligence/04_Artifacts/Tesla/patents/INDEX.json,research/topics/Visionary_Intelligence/04_Artifacts/Tesla/patents/INDEX.json,empty-stub
Research/Visionary_Intelligence/04_Artifacts/Tesla/publications/INDEX.json,research/topics/Visionary_Intelligence/04_Artifacts/Tesla/publications/INDEX.json,empty-stub
Research/Visionary_Intelligence/04_Artifacts/schemas/INDEX.schema.json,research/topics/Visionary_Intelligence/04_Artifacts/schemas/INDEX.schema.json,empty-stub
Research/Visionary_Intelligence/04_Artifacts/schemas/LICENSE.schema.json,research/topics/Visionary_Intelligence/04_Artifacts/schemas/LICENSE.schema.json,empty-stub
Research/Visionary_Intelligence/05_Doctrine_Output/markdown/Crossflow_Setup_Tuning.md,research/topics/Visionary_Intelligence/05_Doctrine_Output/markdown/Crossflow_Setup_Tuning.md,empty-stub
Research/Visionary_Intelligence/05_Doctrine_Output/markdown/Intake_Vortex_Prevention.md,research/topics/Visionary_Intelligence/05_Doctrine_Output/markdown/Intake_Vortex_Prevention.md,empty-stub
Research/Visionary_Intelligence/05_Doctrine_Output/markdown/Penstock_Headloss_Rules.md,research/topics/Visionary_Intelligence/05_Doctrine_Output/markdown/Penstock_Headloss_Rules.md,empty-stub
Research/Visionary_Intelligence/05_Doctrine_Output/markdown/Turbine_Selection_Doctrine.md,research/topics/Visionary_Intelligence/05_Doctrine_Output/markdown/Turbine_Selection_Doctrine.md,empty-stub
Research/Visionary_Intelligence/06_Tools/crosslinking/scenario_linker_rules.md,research/topics/Visionary_Intelligence/06_Tools/crosslinking/scenario_linker_rules.md,empty-stub
Research/Visionary_Intelligence/06_Tools/hydraulics/hydraulics_friction_calculator.py,research/topics/Visionary_Intelligence/06_Tools/hydraulics/hydraulics_friction_calculator.py,empty-stub
Research/Visionary_Intelligence/06_Tools/hydraulics/sample_inputs/example_site_01.json,research/topics/Visionary_Intelligence/06_Tools/hydraulics/sample_inputs/example_site_01.json,empty-stub
Research/Visionary_Intelligence/06_Tools/hydraulics/sample_inputs/example_site_02.json,research/topics/Visionary_Intelligence/06_Tools/hydraulics/sample_inputs/example_site_02.json,empty-stub
Research/Visionary_Intelligence/07_Scenario_Traceability/Scenario_Crosslinks/Scenario1.md,research/topics/Visionary_Intelligence/07_Scenario_Traceability/Scenario_Crosslinks/Scenario1.md,empty-stub
Research/Visionary_Intelligence/07_Scenario_Traceability/Scenario_Crosslinks/Scenario2.md,research/topics/Visionary_Intelligence/07_Scenario_Traceability/Scenario_Crosslinks/Scenario2.md,empty-stub
Research/Visionary_Intelligence/07_Scenario_Traceability/Scenario_Crosslinks/Scenario3.md,research/topics/Visionary_Intelligence/07_Scenario_Traceability/Scenario_Crosslinks/Scenario3.md,empty-stub
Research/Visionary_Intelligence/07_Scenario_Traceability/Scenario_Crosslinks/Scenario4.md,research/topics/Visionary_Intelligence/07_Scenario_Traceability/Scenario_Crosslinks/Scenario4.md,empty-stub
Research/Visionary_Intelligence/07_Scenario_Traceability/Scenario_Crosslinks/Scenario5.md,research/topics/Visionary_Intelligence/07_Scenario_Traceability/Scenario_Crosslinks/Scenario5.md,empty-stub
Research/Visionary_Intelligence/07_Scenario_Traceability/Traceability_Matrix.md,research/topics/Visionary_Intelligence/07_Scenario_Traceability/Traceability_Matrix.md,empty-stub
Research/Visionary_Intelligence/08_Review_and_Promotion/Merge_Map_To_Company_Tree.md,research/topics/Visionary_Intelligence/08_Review_and_Promotion/Merge_Map_To_Company_Tree.md,empty-stub
Research/Visionary_Intelligence/08_Review_and_Promotion/Promotion_Checklist.md,research/topics/Visionary_Intelligence/08_Review_and_Promotion/Promotion_Checklist.md,empty-stub
Research/Visionary_Intelligence/08_Review_and_Promotion/QA_Checklist.md,research/topics/Visionary_Intelligence/08_Review_and_Promotion/QA_Checklist.md,empty-stub
Research/Visionary_Intelligence/08_Review_and_Promotion/Release_Notes_Template.md,research/topics/Visionary_Intelligence/08_Review_and_Promotion/Release_Notes_Template.md,empty-stub
Research/Visionary_Intelligence/SCOPE.md,research/topics/Visionary_Intelligence/SCOPE.md,empty-stub
Research/Visionary_Intelligence/STATUS.md,research/topics/Visionary_Intelligence/STATUS.md,empty-stub
research/microhydro_az_assistant.py,research/site-analysis/microhydro_az_assistant.py,copied
research/microhydro_matrix_monitor.py,research/site-analysis/microhydro_matrix_monitor.py,copied
research/microhydro_site_optimization_engine.py,research/site-analysis/microhydro_site_optimization_engine.py,copied
11_References/MASTER_REFERENCES.md,research/references/MASTER_REFERENCES.md,empty-stub
OffGrid_Renewables_Cleantech_Engineering_Manual_V2/01_Volume_A_System_Engineering/Volume_A_System_Engineering.md,research/reference-library/engineering-manual-v2/01_Volume_A_System_Engineering/Volume_A_System_Engineering.md,empty-stub
OffGrid_Renewables_Cleantech_Engineering_Manual_V2/02_Volume_B_Generation_Tech/Bioenergy_Biogas/Volume_B4_Biogas.md,research/reference-library/engineering-manual-v2/02_Volume_B_Generation_Tech/Bioenergy_Biogas/Volume_B4_Biogas.md,empty-stub
OffGrid_Renewables_Cleantech_Engineering_Manual_V2/02_Volume_B_Generation_Tech/Hydrogen/Volume_B5_Hydrogen.md,research/reference-library/engineering-manual-v2/02_Volume_B_Generation_Tech/Hydrogen/Volume_B5_Hydrogen.md,empty-stub
OffGrid_Renewables_Cleantech_Engineering_Manual_V2/02_Volume_B_Generation_Tech/Microhydro/Volume_B3_Microhydro.md,research/reference-library/engineering-manual-v2/02_Volume_B_Generation_Tech/Microhydro/Volume_B3_Microhydro.md,empty-stub
OffGrid_Renewables_Cleantech_Engineering_Manual_V2/02_Volume_B_Generation_Tech/Solar_PV/Volume_B1_Solar_PV.md,research/reference-library/engineering-manual-v2/02_Volume_B_Generation_Tech/Solar_PV/Volume_B1_Solar_PV.md,empty-stub
OffGrid_Renewables_Cleantech_Engineering_Manual_V2/02_Volume_B_Generation_Tech/Wind/Volume_B2_Wind.md,research/reference-library/engineering-manual-v2/02_Volume_B_Generation_Tech/Wind/Volume_B2_Wind.md,empty-stub
OffGrid_Renewables_Cleantech_Engineering_Manual_V2/03_Volume_C_Storage_and_Power_Electronics/Volume_C_Storage_and_Power_Electronics.md,research/reference-library/engineering-manual-v2/03_Volume_C_Storage_and_Power_Electronics/Volume_C_Storage_and_Power_Electronics.md,empty-stub
OffGrid_Renewables_Cleantech_Engineering_Manual_V2/04_Volume_D_Microgrids_and_Controls/Volume_D_Microgrids_and_Controls.md,research/reference-library/engineering-manual-v2/04_Volume_D_Microgrids_and_Controls/Volume_D_Microgrids_and_Controls.md,empty-stub
OffGrid_Renewables_Cleantech_Engineering_Manual_V2/05_Volume_E_Safety_Codes_Standards/Volume_E_Safety_Codes_Standards.md,research/reference-library/engineering-manual-v2/05_Volume_E_Safety_Codes_Standards/Volume_E_Safety_Codes_Standards.md,empty-stub
OffGrid_Renewables_Cleantech_Engineering_Manual_V2/06_Volume_F_Economics_and_Costs/Volume_F_Economics_and_Costs.md,research/reference-library/engineering-manual-v2/06_Volume_F_Economics_and_Costs/Volume_F_Economics_and_Costs.md,empty-stub
OffGrid_Renewables_Cleantech_Engineering_Manual_V2/07_Volume_G_Resonance_RamPump_to_Turbine_Generator/Volume_G_Resonance_RamPump_to_Turbine_Generator.md,research/reference-library/engineering-manual-v2/07_Volume_G_Resonance_RamPump_to_Turbine_Generator/Volume_G_Resonance_RamPump_to_Turbine_Generator.md,empty-stub
OffGrid_Renewables_Cleantech_Engineering_Manual_V2/08_Tools_Templates/Hydro_Site_Survey.md,research/reference-library/engineering-manual-v2/08_Tools_Templates/Hydro_Site_Survey.md,empty-stub
OffGrid_Renewables_Cleantech_Engineering_Manual_V2/08_Tools_Templates/Load_Audit_Template.md,research/reference-library/engineering-manual-v2/08_Tools_Templates/Load_Audit_Template.md,empty-stub
OffGrid_Renewables_Cleantech_Engineering_Manual_V2/09_Reference_Library/references.json,research/reference-library/engineering-manual-v2/09_Reference_Library/references.json,empty-stub
OffGrid_Renewables_Cleantech_Engineering_Manual_V2/09_Reference_Library/references.md,research/reference-library/engineering-manual-v2/09_Reference_Library/references.md,empty-stub
OffGrid_Renewables_Cleantech_Engineering_Manual_V2/DOCX_Versions/Volume_A_System_Engineering.docx,research/reference-library/engineering-manual-v2/DOCX_Versions/Volume_A_System_Engineering.docx,empty-stub
OffGrid_Renewables_Cleantech_Engineering_Manual_V2/DOCX_Versions/Volume_B1_Solar_PV.docx,research/reference-library/engineering-manual-v2/DOCX_Versions/Volume_B1_Solar_PV.docx,empty-stub
OffGrid_Renewables_Cleantech_Engineering_Manual_V2/DOCX_Versions/Volume_B2_Wind.docx,research/reference-library/engineering-manual-v2/DOCX_Versions/Volume_B2_Wind.docx,empty-stub
OffGrid_Renewables_Cleantech_Engineering_Manual_V2/DOCX_Versions/Volume_B3_Microhydro.docx,research/reference-library/engineering-manual-v2/DOCX_Versions/Volume_B3_Microhydro.docx,empty-stub
OffGrid_Renewables_Cleantech_Engineering_Manual_V2/DOCX_Versions/Volume_B4_Biogas.docx,research/reference-library/engineering-manual-v2/DOCX_Versions/Volume_B4_Biogas.docx,empty-stub
OffGrid_Renewables_Cleantech_Engineering_Manual_V2/DOCX_Versions/Volume_B5_Hydrogen.docx,research/reference-library/engineering-manual-v2/DOCX_Versions/Volume_B5_Hydrogen.docx,empty-stub
OffGrid_Renewables_Cleantech_Engineering_Manual_V2/DOCX_Versions/Volume_C_Storage_and_Power_Electronics.docx,research/reference-library/engineering-manual-v2/DOCX_Versions/Volume_C_Storage_and_Power_Electronics.docx,empty-stub
OffGrid_Renewables_Cleantech_Engineering_Manual_V2/DOCX_Versions/Volume_D_Microgrids_and_Controls.docx,research/reference-library/engineering-manual-v2/DOCX_Versions/Volume_D_Microgrids_and_Controls.docx,empty-stub
OffGrid_Renewables_Cleantech_Engineering_Manual_V2/DOCX_Versions/Volume_E_Safety_Codes_Standards.docx,research/reference-library/engineering-manual-v2/DOCX_Versions/Volume_E_Safety_Codes_Standards.docx,empty-stub
OffGrid_Renewables_Cleantech_Engineering_Manual_V2/DOCX_Versions/Volume_F_Economics_and_Costs.docx,research/reference-library/engineering-manual-v2/DOCX_Versions/Volume_F_Economics_and_Costs.docx,empty-stub
OffGrid_Renewables_Cleantech_Engineering_Manual_V2/DOCX_Versions/Volume_G_Resonance_RamPump_to_Turbine_Generator.docx,research/reference-library/engineering-manual-v2/DOCX_Versions/Volume_G_Resonance_RamPump_to_Turbine_Generator.docx,empty-stub
OffGrid_Renewables_Cleantech_Reference_Library/01_Executive_Summary/OffGrid_Renewables_Report.md,research/reference-library/reference-library/01_Executive_Summary/OffGrid_Renewables_Report.md,empty-stub
OffGrid_Renewables_Cleantech_Reference_Library/08_Tools_Checklists/Design_Checklists.md,research/reference-library/reference-library/08_Tools_Checklists/Design_Checklists.md,empty-stub
OffGrid_Renewables_Cleantech_Reference_Library/09_Reference_Index/references.json,research/reference-library/reference-library/09_Reference_Index/references.json,empty-stub
OffGrid_Renewables_Cleantech_Reference_Library/09_Reference_Index/references.md,research/reference-library/reference-library/09_Reference_Index/references.md,empty-stub
Tools/README.txt,tools/backup/README.txt,copied
Tools/backup_config.json,tools/backup/backup_config.json,empty-stub
Tools/backup_engine.py,tools/backup/backup_engine.py,empty-stub
Tools/daily_fast.command,tools/backup/daily_fast.command,empty-stub
Tools/dry_run.command,tools/backup/dry_run.command,empty-stub
Tools/fix_permissions.command,tools/backup/fix_permissions.command,empty-stub
Tools/monthly_repack.command,tools/backup/monthly_repack.command,empty-stub
Tools/restore.command,tools/backup/restore.command,empty-stub
Tools/restore.py,tools/backup/restore.py,empty-stub
Tools/weekly_hash.command,tools/backup/weekly_hash.command,empty-stub
Tools Folder Kit/Backup_Resonance.command,tools/backup-kit/Backup_Resonance.command,empty-stub
Tools Folder Kit/Backup_Resonance_DRYRUN.command,tools/backup-kit/Backup_Resonance_DRYRUN.command,empty-stub
Tools Folder Kit/Backup_Resonance_HASH.command,tools/backup-kit/Backup_Resonance_HASH.command,empty-stub
Tools Folder Kit/Backup_Resonance_REPACK.command,tools/backup-kit/Backup_Resonance_REPACK.command,empty-stub
Tools Folder Kit/RESONANCE_PROJECT_ROOT.txt,tools/backup-kit/RESONANCE_PROJECT_ROOT.txt,empty-stub
Tools Folder Kit/backup_resonance_incremental.py,tools/backup-kit/backup_resonance_incremental.py,empty-stub
scripts/automate_handbooks.py,tools/scripts/automate_handbooks.py,empty-stub
scripts/build_all.py,tools/scripts/build_all.py,empty-stub
scripts/build_all_guarded.py,tools/scripts/build_all_guarded.py,empty-stub
scripts/consolidate_workspace.py,tools/scripts/consolidate_workspace.py,copied
scripts/context_for_chat.py,tools/scripts/context_for_chat.py,empty-stub
scripts/copy_context_to_clipboard.sh,tools/scripts/copy_context_to_clipboard.sh,empty-stub
scripts/one_click_bootstrap.py,tools/scripts/one_click_bootstrap.py,empty-stub
scripts/one_click_full_build.py,tools/scripts/one_click_full_build.py,empty-stub
scripts/one_click_installer.py,tools/scripts/one_click_installer.py,empty-stub
scripts/preflight_handbooks.py,tools/scripts/preflight_handbooks.py,empty-stub
scripts/render_handbooks.py,tools/scripts/render_handbooks.py,empty-stub
scripts/render_handbooks_guarded.py,tools/scripts/render_handbooks_guarded.py,empty-stub
scripts/workspace_disk_guard.py,tools/scripts/workspace_disk_guard.py,empty-stub
scripts/zip_repo_safe.py,tools/scripts/zip_repo_safe.py,empty-stub
scripts/zip_repo_safe_guarded.py,tools/scripts/zip_repo_safe_guarded.py,empty-stub
IT/Integrations/NextChat_Package/chat_log.txt,tools/it-integrations/NextChat_Package/chat_log.txt,copied
IT/Integrations/NextChat_Package/docs/next_steps.md,tools/it-integrations/NextChat_Package/docs/next_steps.md,copied
IT/Integrations/NextChat_Package/freecad_addon/PUT_MicroHydroV1_Addon_macOS.zip_here.txt,tools/it-integrations/NextChat_Package/freecad_addon/PUT_MicroHydroV1_Addon_macOS.zip_here.txt,copied
IT/Integrations/NextChat_Package/workspace_placeholders/PUT_MicroHydroV1_workspace_zip_here.txt,tools/it-integrations/NextChat_Package/workspace_placeholders/PUT_MicroHydroV1_workspace_zip_here.txt,copied
automation_logs/automation_20260213_165724.log,archive/automation/logs/automation_20260213_165724.log,copied
automation_logs/automation_20260213_165753.log,archive/automation/logs/automation_20260213_165753.log,copied
automation_logs/automation_20260213_165823.log,archive/automation/logs/automation_20260213_165823.log,copied
automation_logs/automation_20260213_165908.log,archive/automation/logs/automation_20260213_165908.log,copied
automation_logs/automation_20260213_193516.log,archive/automation/logs/automation_20260213_193516.log,copied
automation_logs/automation_20260213_193837.log,archive/automation/logs/automation_20260213_193837.log,copied
automation_logs/automation_20260213_194222.log,archive/automation/logs/automation_20260213_194222.log,copied
automation_logs/automation_20260213_195514.log,archive/automation/logs/automation_20260213_195514.log,copied
docs/MircoHydro_Export_20260125/100_INSIGHTS_MILESTONE.md,archive/exports/docs-export/MircoHydro_Export_20260125/100_INSIGHTS_MILESTONE.md,copied
docs/MircoHydro_Export_20260125/160_VISIONARIES_COMPLETE_FRAMEWORK.md,archive/exports/docs-export/MircoHydro_Export_20260125/160_VISIONARIES_COMPLETE_FRAMEWORK.md,copied
docs/MircoHydro_Export_20260125/BRANDING_LOGO_CONCEPT.md,archive/exports/docs-export/MircoHydro_Export_20260125/BRANDING_LOGO_CONCEPT.md,copied
docs/MircoHydro_Export_20260125/COMPLETE_DELIVERABLES.md,archive/exports/docs-export/MircoHydro_Export_20260125/COMPLETE_DELIVERABLES.md,copied
docs/MircoHydro_Export_20260125/EXPANSION_COMPLETE_SUMMARY.md,archive/exports/docs-export/MircoHydro_Export_20260125/EXPANSION_COMPLETE_SUMMARY.md,copied
docs/MircoHydro_Export_20260125/MASTER_EXECUTION_PLAN.md,archive/exports/docs-export/MircoHydro_Export_20260125/MASTER_EXECUTION_PLAN.md,copied
docs/MircoHydro_Export_20260125/PHASE_1_VISIONARY_EXECUTIVE_SUMMARY.md,archive/exports/docs-export/MircoHydro_Export_20260125/PHASE_1_VISIONARY_EXECUTIVE_SUMMARY.md,copied
docs/MircoHydro_Export_20260125/PROJECT_COMPLETION_SUMMARY.md,archive/exports/docs-export/MircoHydro_Export_20260125/PROJECT_COMPLETION_SUMMARY.md,copied
docs/MircoHydro_Export_20260125/README.md,archive/exports/docs-export/MircoHydro_Export_20260125/README.md,copied
docs/MircoHydro_Export_20260125/VISIONARY_INSIGHTS_SYNTHESIS_PHASE1.md,archive/exports/docs-export/MircoHydro_Export_20260125/VISIONARY_INSIGHTS_SYNTHESIS_PHASE1.md,copied
docs/MircoHydro_Export_20260125/VISIONARY_RESEARCH_EXPANSION_SUMMARY.md,archive/exports/docs-export/MircoHydro_Export_20260125/VISIONARY_RESEARCH_EXPANSION_SUMMARY.md,copied
docs/MircoHydro_Export_20260125/VISIONARY_RESEARCH_FOUNDATION.md,archive/exports/docs-export/MircoHydro_Export_20260125/VISIONARY_RESEARCH_FOUNDATION.md,copied
artifacts/ResonanceEnergy_Enterprise_20260122_193803/01_Executive_Summary/EXEC_SUMMARY.md,archive/exports/artifacts/ResonanceEnergy_Enterprise_20260122_193803/01_Executive_Summary/EXEC_SUMMARY.md,empty-stub
artifacts/ResonanceEnergy_Enterprise_20260122_193803/02_Vision_Ethics_Founders/VISION_FOUNDATION.md,archive/exports/artifacts/ResonanceEnergy_Enterprise_20260122_193803/02_Vision_Ethics_Founders/VISION_FOUNDATION.md,empty-stub
artifacts/ResonanceEnergy_Enterprise_20260122_193803/03_Market_Scenarios/Scenario1_Indigenous_Microgrid/SCENARIO.md,archive/exports/artifacts/ResonanceEnergy_Enterprise_20260122_193803/03_Market_Scenarios/Scenario1_Indigenous_Microgrid/SCENARIO.md,empty-stub
artifacts/ResonanceEnergy_Enterprise_20260122_193803/03_Market_Scenarios/Scenario2_Irrigation_Canal/SCENARIO.md,archive/exports/artifacts/ResonanceEnergy_Enterprise_20260122_193803/03_Market_Scenarios/Scenario2_Irrigation_Canal/SCENARIO.md,empty-stub
artifacts/ResonanceEnergy_Enterprise_20260122_193803/03_Market_Scenarios/Scenario3_Industrial_Outfall/SCENARIO.md,archive/exports/artifacts/ResonanceEnergy_Enterprise_20260122_193803/03_Market_Scenarios/Scenario3_Industrial_Outfall/SCENARIO.md,empty-stub
artifacts/ResonanceEnergy_Enterprise_20260122_193803/03_Market_Scenarios/Scenario4_EcoResort_Campus/SCENARIO.md,archive/exports/artifacts/ResonanceEnergy_Enterprise_20260122_193803/03_Market_Scenarios/Scenario4_EcoResort_Campus/SCENARIO.md,empty-stub
artifacts/ResonanceEnergy_Enterprise_20260122_193803/03_Market_Scenarios/Scenario5_Resilience_Hub/SCENARIO.md,archive/exports/artifacts/ResonanceEnergy_Enterprise_20260122_193803/03_Market_Scenarios/Scenario5_Resilience_Hub/SCENARIO.md,empty-stub
artifacts/ResonanceEnergy_Enterprise_20260122_193803/04_Technology/01_Hydraulics/HYDRAULICS_PRIMER.md,archive/exports/artifacts/ResonanceEnergy_Enterprise_20260122_193803/04_Technology/01_Hydraulics/HYDRAULICS_PRIMER.md,empty-stub
artifacts/ResonanceEnergy_Enterprise_20260122_193803/04_Technology/02_Hydram/HYDRAM_GUIDE.md,archive/exports/artifacts/ResonanceEnergy_Enterprise_20260122_193803/04_Technology/02_Hydram/HYDRAM_GUIDE.md,empty-stub
artifacts/ResonanceEnergy_Enterprise_20260122_193803/04_Technology/03_Turbine_Generator/CROSSFLOW_TURBINE.md,archive/exports/artifacts/ResonanceEnergy_Enterprise_20260122_193803/04_Technology/03_Turbine_Generator/CROSSFLOW_TURBINE.md,empty-stub
artifacts/ResonanceEnergy_Enterprise_20260122_193803/04_Technology/04_Electrical_Protection/PROTECTION_OVERVIEW.md,archive/exports/artifacts/ResonanceEnergy_Enterprise_20260122_193803/04_Technology/04_Electrical_Protection/PROTECTION_OVERVIEW.md,empty-stub
artifacts/ResonanceEnergy_Enterprise_20260122_193803/04_Technology/05_Battery_PV_Wind/COST_BENCHMARKS.md,archive/exports/artifacts/ResonanceEnergy_Enterprise_20260122_193803/04_Technology/05_Battery_PV_Wind/COST_BENCHMARKS.md,empty-stub
artifacts/ResonanceEnergy_Enterprise_20260122_193803/04_Technology/06_Control_SCADA/BLACKSTART_CONCEPT.md,archive/exports/artifacts/ResonanceEnergy_Enterprise_20260122_193803/04_Technology/06_Control_SCADA/BLACKSTART_CONCEPT.md,empty-stub
artifacts/ResonanceEnergy_Enterprise_20260122_193803/04_Technology/handbooks/HB-01_Turbine_Selection/contexts/CONTEXT_OVERLAYS.md,archive/exports/artifacts/ResonanceEnergy_Enterprise_20260122_193803/04_Technology/handbooks/HB-01_Turbine_Selection/contexts/CONTEXT_OVERLAYS.md,empty-stub
artifacts/ResonanceEnergy_Enterprise_20260122_193803/04_Technology/handbooks/HB-01_Turbine_Selection/handbook.md,archive/exports/artifacts/ResonanceEnergy_Enterprise_20260122_193803/04_Technology/handbooks/HB-01_Turbine_Selection/handbook.md,empty-stub
artifacts/ResonanceEnergy_Enterprise_20260122_193803/04_Technology/handbooks/HB-02_Intake_Debris/contexts/CONTEXT_OVERLAYS.md,archive/exports/artifacts/ResonanceEnergy_Enterprise_20260122_193803/04_Technology/handbooks/HB-02_Intake_Debris/contexts/CONTEXT_OVERLAYS.md,empty-stub
artifacts/ResonanceEnergy_Enterprise_20260122_193803/04_Technology/handbooks/HB-02_Intake_Debris/handbook.md,archive/exports/artifacts/ResonanceEnergy_Enterprise_20260122_193803/04_Technology/handbooks/HB-02_Intake_Debris/handbook.md,empty-stub
artifacts/ResonanceEnergy_Enterprise_20260122_193803/04_Technology/handbooks/HB-03_Penstock_Headloss/contexts/CONTEXT_OVERLAYS.md,archive/exports/artifacts/ResonanceEnergy_Enterprise_20260122_193803/04_Technology/handbooks/HB-03_Penstock_Headloss/contexts/CONTEXT_OVERLAYS.md,empty-stub
artifacts/ResonanceEnergy_Enterprise_20260122_193803/04_Technology/handbooks/HB-03_Penstock_Headloss/handbook.md,archive/exports/artifacts/ResonanceEnergy_Enterprise_20260122_193803/04_Technology/handbooks/HB-03_Penstock_Headloss/handbook.md,empty-stub
artifacts/ResonanceEnergy_Enterprise_20260122_193803/04_Technology/handbooks/HB-04_Hydram_Tuning/contexts/CONTEXT_OVERLAYS.md,archive/exports/artifacts/ResonanceEnergy_Enterprise_20260122_193803/04_Technology/handbooks/HB-04_Hydram_Tuning/contexts/CONTEXT_OVERLAYS.md,empty-stub
artifacts/ResonanceEnergy_Enterprise_20260122_193803/04_Technology/handbooks/HB-04_Hydram_Tuning/handbook.md,archive/exports/artifacts/ResonanceEnergy_Enterprise_20260122_193803/04_Technology/handbooks/HB-04_Hydram_Tuning/handbook.md,empty-stub
artifacts/ResonanceEnergy_Enterprise_20260122_193803/04_Technology/handbooks/HB-05_Controls_SCADA/contexts/CONTEXT_OVERLAYS.md,archive/exports/artifacts/ResonanceEnergy_Enterprise_20260122_193803/04_Technology/handbooks/HB-05_Controls_SCADA/contexts/CONTEXT_OVERLAYS.md,empty-stub
artifacts/ResonanceEnergy_Enterprise_20260122_193803/04_Technology/handbooks/HB-05_Controls_SCADA/handbook.md,archive/exports/artifacts/ResonanceEnergy_Enterprise_20260122_193803/04_Technology/handbooks/HB-05_Controls_SCADA/handbook.md,empty-stub
artifacts/ResonanceEnergy_Enterprise_20260122_193803/04_Technology/handbooks/HB-06_Commissioning_FAT_SAT/contexts/CONTEXT_OVERLAYS.md,archive/exports/artifacts/ResonanceEnergy_Enterprise_20260122_193803/04_Technology/handbooks/HB-06_Commissioning_FAT_SAT/contexts/CONTEXT_OVERLAYS.md,empty-stub
artifacts/ResonanceEnergy_Enterprise_20260122_193803/04_Technology/handbooks/HB-06_Commissioning_FAT_SAT/handbook.md,archive/exports/artifacts/ResonanceEnergy_Enterprise_20260122_193803/04_Technology/handbooks/HB-06_Commissioning_FAT_SAT/handbook.md,empty-stub
artifacts/ResonanceEnergy_Enterprise_20260122_193803/04_Technology/handbooks/_shared/CONTEXT_MATRIX.md,archive/exports/artifacts/ResonanceEnergy_Enterprise_20260122_193803/04_Technology/handbooks/_shared/CONTEXT_MATRIX.md,empty-stub
artifacts/ResonanceEnergy_Enterprise_20260122_193803/04_Technology/handbooks/_shared/COVER_TEMPLATE.md,archive/exports/artifacts/ResonanceEnergy_Enterprise_20260122_193803/04_Technology/handbooks/_shared/COVER_TEMPLATE.md,empty-stub
artifacts/ResonanceEnergy_Enterprise_20260122_193803/04_Technology/handbooks/_shared/DEFAULT_CONTEXTS.md,archive/exports/artifacts/ResonanceEnergy_Enterprise_20260122_193803/04_Technology/handbooks/_shared/DEFAULT_CONTEXTS.md,empty-stub
artifacts/ResonanceEnergy_Enterprise_20260122_193803/04_Technology/handbooks/_shared/DISCLAIMER.md,archive/exports/artifacts/ResonanceEnergy_Enterprise_20260122_193803/04_Technology/handbooks/_shared/DISCLAIMER.md,empty-stub
artifacts/ResonanceEnergy_Enterprise_20260122_193803/04_Technology/handbooks/_shared/handbook_style.json,archive/exports/artifacts/ResonanceEnergy_Enterprise_20260122_193803/04_Technology/handbooks/_shared/handbook_style.json,empty-stub
artifacts/ResonanceEnergy_Enterprise_20260122_193803/05_RnD/03_Advanced_Intake_Vortex/IAHR_VORTEX_INTAKES.md,archive/exports/artifacts/ResonanceEnergy_Enterprise_20260122_193803/05_RnD/03_Advanced_Intake_Vortex/IAHR_VORTEX_INTAKES.md,empty-stub
artifacts/ResonanceEnergy_Enterprise_20260122_193803/05_RnD/04_Coherent_Geometry/SOURCES.md,archive/exports/artifacts/ResonanceEnergy_Enterprise_20260122_193803/05_RnD/04_Coherent_Geometry/SOURCES.md,empty-stub
artifacts/ResonanceEnergy_Enterprise_20260122_193803/11_References/MASTER_REFERENCES.md,archive/exports/artifacts/ResonanceEnergy_Enterprise_20260122_193803/11_References/MASTER_REFERENCES.md,empty-stub
artifacts/ResonanceEnergy_Enterprise_20260122_193803/12_Admin_Governance/BOARD_CHARTER.md,archive/exports/artifacts/ResonanceEnergy_Enterprise_20260122_193803/12_Admin_Governance/BOARD_CHARTER.md,empty-stub
artifacts/ResonanceEnergy_Enterprise_20260122_193803/artifacts/handbook_automation_report.md,archive/exports/artifacts/ResonanceEnergy_Enterprise_20260122_193803/artifacts/handbook_automation_report.md,empty-stub
artifacts/ResonanceEnergy_Enterprise_20260122_193803/scripts/automate_handbooks.py,archive/exports/artifacts/ResonanceEnergy_Enterprise_20260122_193803/scripts/automate_handbooks.py,empty-stub
artifacts/ResonanceEnergy_Enterprise_20260122_193803/scripts/one_click_installer.py,archive/exports/artifacts/ResonanceEnergy_Enterprise_20260122_193803/scripts/one_click_installer.py,empty-stub
artifacts/ResonanceEnergy_Enterprise_20260122_193803/scripts/render_handbooks.py,archive/exports/artifacts/ResonanceEnergy_Enterprise_20260122_193803/scripts/render_handbooks.py,empty-stub
artifacts/ResonanceEnergy_Enterprise_20260122_193803/scripts/zip_repo_safe.py,archive/exports/artifacts/ResonanceEnergy_Enterprise_20260122_193803/scripts/zip_repo_safe.py,empty-stub
artifacts/ResonanceEnergy_Enterprise_20260122_193803.zip,archive/exports/artifacts/ResonanceEnergy_Enterprise_20260122_193803.zip,empty-stub
artifacts/ResonanceEnergy_Enterprise_20260122_194438.zip,archive/exports/artifacts/ResonanceEnergy_Enterprise_20260122_194438.zip,empty-stub
artifacts/ResonanceEnergy_Enterprise_20260122_210052.zip,archive/exports/artifacts/ResonanceEnergy_Enterprise_20260122_210052.zip,empty-stub
artifacts/bootstrap_report.md,archive/exports/artifacts/bootstrap_report.md,empty-stub
artifacts/build_all_report.md,archive/exports/artifacts/build_all_report.md,empty-stub
artifacts/chat_context/CHAT_CONTEXT.md,archive/exports/artifacts/chat_context/CHAT_CONTEXT.md,empty-stub
artifacts/handbook_automation_report.md,archive/exports/artifacts/handbook_automation_report.md,empty-stub
artifacts/preflight_report.md,archive/exports/artifacts/preflight_report.md,empty-stub
ARCHIVE/00_START_HERE_2026-02-11.md,archive/audits/00_START_HERE_2026-02-11.md,copied
ARCHIVE/AUDIT_DEDUPLICATION_ROADMAP_2026-02-11.md,archive/audits/AUDIT_DEDUPLICATION_ROADMAP_2026-02-11.md,copied
ARCHIVE/AUDIT_FRAMEWORK_2026-02-11.md,archive/audits/AUDIT_FRAMEWORK_2026-02-11.md,copied
ARCHIVE/AUDIT_MASTER_REPORT.md,archive/audits/AUDIT_MASTER_REPORT.md,copied
ARCHIVE/AUDIT_QUICK_REFERENCE_2026-02-11.md,archive/audits/AUDIT_QUICK_REFERENCE_2026-02-11.md,copied
ARCHIVE/BRANDING_LOGO_CONCEPT_2026-02-11.md,archive/audits/BRANDING_LOGO_CONCEPT_2026-02-11.md,copied
ARCHIVE/BRAND_GUIDELINES_2026-02-11.md,archive/audits/BRAND_GUIDELINES_2026-02-11.md,copied
ARCHIVE/COMPLETE_DELIVERABLES_2026-02-11.md,archive/audits/COMPLETE_DELIVERABLES_2026-02-11.md,copied
ARCHIVE/CONSOLIDATED_SOURCES/160_VISIONARIES_COMPLETE_FRAMEWORK.md,archive/audits/CONSOLIDATED_SOURCES/160_VISIONARIES_COMPLETE_FRAMEWORK.md,copied
ARCHIVE/CONSOLIDATED_SOURCES/ACCELERATED_MIGRATION_PLAN_9_MONTHS.md,archive/audits/CONSOLIDATED_SOURCES/ACCELERATED_MIGRATION_PLAN_9_MONTHS.md,copied
ARCHIVE/CONSOLIDATED_SOURCES/CRITICAL_DESIGN_ANALYSIS_GAPS_IMPROVEMENTS.md,archive/audits/CONSOLIDATED_SOURCES/CRITICAL_DESIGN_ANALYSIS_GAPS_IMPROVEMENTS.md,copied
ARCHIVE/CONSOLIDATED_SOURCES/EXPANSION_COMPLETE_SUMMARY.md,archive/audits/CONSOLIDATED_SOURCES/EXPANSION_COMPLETE_SUMMARY.md,copied
ARCHIVE/CONSOLIDATED_SOURCES/HYBRID_SYSTEM_SPECIFICATION_v2.0.md,archive/audits/CONSOLIDATED_SOURCES/HYBRID_SYSTEM_SPECIFICATION_v2.0.md,copied
ARCHIVE/CONSOLIDATED_SOURCES/OPTIMAL_DESIGN_FUNCTIONS_FRAMEWORK.md,archive/audits/CONSOLIDATED_SOURCES/OPTIMAL_DESIGN_FUNCTIONS_FRAMEWORK.md,copied
ARCHIVE/CONSOLIDATED_SOURCES/OVERVIEW_5MIN.md,archive/audits/CONSOLIDATED_SOURCES/OVERVIEW_5MIN.md,copied
ARCHIVE/CONSOLIDATED_SOURCES/PRODUCT_DEVELOPMENT_ROADMAP.md,archive/audits/CONSOLIDATED_SOURCES/PRODUCT_DEVELOPMENT_ROADMAP.md,copied
ARCHIVE/CONSOLIDATED_SOURCES/PROJECT_COMPLETION_SUMMARY.md,archive/audits/CONSOLIDATED_SOURCES/PROJECT_COMPLETION_SUMMARY.md,copied
ARCHIVE/CONSOLIDATED_SOURCES/RND_PRIORITIZATION_SYNTHESIS.md,archive/audits/CONSOLIDATED_SOURCES/RND_PRIORITIZATION_SYNTHESIS.md,copied
ARCHIVE/CONSOLIDATED_SOURCES/STRUCTURE.md,archive/audits/CONSOLIDATED_SOURCES/STRUCTURE.md,copied
ARCHIVE/CONSOLIDATED_SOURCES/VISIONARY_RESEARCH_FOUNDATION.md,archive/audits/CONSOLIDATED_SOURCES/VISIONARY_RESEARCH_FOUNDATION.md,copied
ARCHIVE/CONSOLIDATED_SOURCES/WORKING_DESIGN_SPECIFICATION_v1.0.md,archive/audits/CONSOLIDATED_SOURCES/WORKING_DESIGN_SPECIFICATION_v1.0.md,copied
ARCHIVE/CONSOLIDATION_ANALYSIS_2026-02-11.md,archive/audits/CONSOLIDATION_ANALYSIS_2026-02-11.md,copied
ARCHIVE/CONSOLIDATION_COMPLETE_2026-02-11.md,archive/audits/CONSOLIDATION_COMPLETE_2026-02-11.md,copied
ARCHIVE/CONSOLIDATION_EXECUTION_REPORT_2026-02-11.md,archive/audits/CONSOLIDATION_EXECUTION_REPORT_2026-02-11.md,copied
ARCHIVE/DAILY_EXECUTION_CHECKLIST_2026-02-11.md,archive/audits/DAILY_EXECUTION_CHECKLIST_2026-02-11.md,copied
ARCHIVE/DEDUPLICATION_STRATEGY_2026-02-11.md,archive/audits/DEDUPLICATION_STRATEGY_2026-02-11.md,copied
ARCHIVE/EXECUTION_SUMMARY.md,archive/audits/EXECUTION_SUMMARY.md,copied
ARCHIVE/IMPLEMENTATION_PLAN_2026-02-11.md,archive/audits/IMPLEMENTATION_PLAN_2026-02-11.md,copied
ARCHIVE/JOHANN_GRANDER_30_INSIGHTS_WATER_REVITALIZATION_2026-02-11.md,archive/audits/JOHANN_GRANDER_30_INSIGHTS_WATER_REVITALIZATION_2026-02-11.md,copied
ARCHIVE/KICKOFF_MEETING_AGENDA_2026-02-11.md,archive/audits/KICKOFF_MEETING_AGENDA_2026-02-11.md,copied
ARCHIVE/MASTER_AUDIT_SUMMARY.md,archive/audits/MASTER_AUDIT_SUMMARY.md,copied
ARCHIVE/MASTER_EXECUTION_GUIDE_2026-02-11.md,archive/audits/MASTER_EXECUTION_GUIDE_2026-02-11.md,copied
ARCHIVE/MASTER_TODO_LIST_2026-02-11.md,archive/audits/MASTER_TODO_LIST_2026-02-11.md,copied
ARCHIVE/OVERALL_SYSTEM_DESIGN.md,archive/audits/OVERALL_SYSTEM_DESIGN.md,copied
ARCHIVE/PHASE_1_TEAM_COMMUNICATION_2026-02-11.md,archive/audits/PHASE_1_TEAM_COMMUNICATION_2026-02-11.md,copied
ARCHIVE/PHASE_2_DEDUP_EXECUTION_2026-02-11.md,archive/audits/PHASE_2_DEDUP_EXECUTION_2026-02-11.md,copied
ARCHIVE/PHASE_3_DOCUMENTATION_EXECUTION_2026-02-11.md,archive/audits/PHASE_3_DOCUMENTATION_EXECUTION_2026-02-11.md,copied
ARCHIVE/PHASE_3_DOCUMENTATION_UPDATES_2026-02-11.md,archive/audits/PHASE_3_DOCUMENTATION_UPDATES_2026-02-11.md,copied
ARCHIVE/PHASE_4_LONGTERM_STRATEGY_2026-02-11.md,archive/audits/PHASE_4_LONGTERM_STRATEGY_2026-02-11.md,copied
ARCHIVE/PHASE_4_LONGTERM_STRATEGY_EXECUTION_2026-02-11.md,archive/audits/PHASE_4_LONGTERM_STRATEGY_EXECUTION_2026-02-11.md,copied
ARCHIVE/PHILIP_CALLAHAN_PARAMAGNETISM_INSIGHTS_2026-02-11.md,archive/audits/PHILIP_CALLAHAN_PARAMAGNETISM_INSIGHTS_2026-02-11.md,copied
ARCHIVE/README_AUDIT_INDEX_2026-02-11.md,archive/audits/README_AUDIT_INDEX_2026-02-11.md,copied
ARCHIVE/RFP_TEMPLATE_2026-02-11.md,archive/audits/RFP_TEMPLATE_2026-02-11.md,copied
ARCHIVE/SOT_CONSOLIDATION_ANALYSIS_2026-02-11.md,archive/audits/SOT_CONSOLIDATION_ANALYSIS_2026-02-11.md,copied
ARCHIVE/SOT_CONSOLIDATION_CHECKLIST_2026-02-11.md,archive/audits/SOT_CONSOLIDATION_CHECKLIST_2026-02-11.md,copied
ARCHIVE/SOT_CONSOLIDATION_DELIVERABLES_2026-02-11.md,archive/audits/SOT_CONSOLIDATION_DELIVERABLES_2026-02-11.md,copied
ARCHIVE/SOT_CONSOLIDATION_EXECUTION_PLAN_2026-02-11.md,archive/audits/SOT_CONSOLIDATION_EXECUTION_PLAN_2026-02-11.md,copied
ARCHIVE/SOT_CONSOLIDATION_INDEX_2026-02-11.md,archive/audits/SOT_CONSOLIDATION_INDEX_2026-02-11.md,copied
ARCHIVE/SOT_CONSOLIDATION_README_2026-02-11.md,archive/audits/SOT_CONSOLIDATION_README_2026-02-11.md,copied
ARCHIVE/SOT_CONSOLIDATION_SUMMARY_2026-02-11.md,archive/audits/SOT_CONSOLIDATION_SUMMARY_2026-02-11.md,copied
ARCHIVE/SOT_PATH_REFERENCES_ANALYSIS_2026-02-11.md,archive/audits/SOT_PATH_REFERENCES_ANALYSIS_2026-02-11.md,copied
ARCHIVE/START_HERE_EXECUTION_2026-02-11.md,archive/audits/START_HERE_EXECUTION_2026-02-11.md,copied
ARCHIVE/START_SoT_CONSOLIDATION_2026-02-11.md,archive/audits/START_SoT_CONSOLIDATION_2026-02-11.md,copied
ARCHIVE/SUPPLIER_SETUP_2026-02-11.md,archive/audits/SUPPLIER_SETUP_2026-02-11.md,copied
ARCHIVE/SoT_CONSOLIDATION_COMPLETE_2026-02-11.md,archive/audits/SoT_CONSOLIDATION_COMPLETE_2026-02-11.md,copied
ARCHIVE/TIER1_DEDUP_CORRECTION_SUMMARY_2026-02-11.md,archive/audits/TIER1_DEDUP_CORRECTION_SUMMARY_2026-02-11.md,copied
ARCHIVE/TIER2_PARALLEL_EXECUTION_PLAN_2026-02-11.md,archive/audits/TIER2_PARALLEL_EXECUTION_PLAN_2026-02-11.md,copied
ARCHIVE/TIER_2_DEDUP_ANALYSIS_2026-02-11.md,archive/audits/TIER_2_DEDUP_ANALYSIS_2026-02-11.md,copied
ARCHIVE/TIER_3_DEDUP_ANALYSIS_2026-02-11.md,archive/audits/TIER_3_DEDUP_ANALYSIS_2026-02-11.md,copied
ARCHIVE/TIER_3_INVENTORY_AND_REVIEW_2026-02-11.md,archive/audits/TIER_3_INVENTORY_AND_REVIEW_2026-02-11.md,copied
ARCHIVE/VISIONARY_INSIGHTS_MASTER_2026-02-11.md,archive/audits/VISIONARY_INSIGHTS_MASTER_2026-02-11.md,copied
ARCHIVE/VISIONARY_INSIGHTS_SYNTHESIS_PHASE2_2026-02-11.md,archive/audits/VISIONARY_INSIGHTS_SYNTHESIS_PHASE2_2026-02-11.md,copied
ARCHIVE/VISIONARY_INSIGHTS_SYNTHESIS_WEEK2_2026-02-11.md,archive/audits/VISIONARY_INSIGHTS_SYNTHESIS_WEEK2_2026-02-11.md,copied
IT/System_of_Truth/MicroHydroV1 — SoT.zip,archive/legacy/it-misc/System_of_Truth/MicroHydroV1 — SoT.zip,copied
Implementation/Contents/Info.plist,archive/legacy/implementation-misc/Contents/Info.plist,copied
Implementation/Contents/MacOS/Install_MicroHydroV1,archive/legacy/implementation-misc/Contents/MacOS/Install_MicroHydroV1,copied
Implementation/Install_MicroHydroV1.command,archive/legacy/implementation-misc/Install_MicroHydroV1.command,copied
Implementation/Install_MicroHydroV1.sh,archive/legacy/implementation-misc/Install_MicroHydroV1.sh,copied
Implementation/MICRO HYDRO - OLD/RnD/MASTER_PRODUCTION_PACKAGE/Install_MicroHydroV1_AppBundle.zip,archive/legacy/implementation-misc/MICRO HYDRO - OLD/RnD/MASTER_PRODUCTION_PACKAGE/Install_MicroHydroV1_AppBundle.zip,copied
Implementation/MICRO HYDRO - OLD/RnD/MASTER_PRODUCTION_PACKAGE/MicroHydroV1_CAD Archive.zip,archive/legacy/implementation-misc/MICRO HYDRO - OLD/RnD/MASTER_PRODUCTION_PACKAGE/MicroHydroV1_CAD Archive.zip,copied
Implementation/MICRO HYDRO - OLD/RnD/MASTER_PRODUCTION_PACKAGE/MicroHydroV1_Rebuilt_Clean_Repo_20260122_002842Z.zip,archive/legacy/implementation-misc/MICRO HYDRO - OLD/RnD/MASTER_PRODUCTION_PACKAGE/MicroHydroV1_Rebuilt_Clean_Repo_20260122_002842Z.zip,copied
Implementation/MICRO HYDRO - OLD/RnD/MASTER_PRODUCTION_PACKAGE/New Folder With Items.zip,archive/legacy/implementation-misc/MICRO HYDRO - OLD/RnD/MASTER_PRODUCTION_PACKAGE/New Folder With Items.zip,copied
Implementation/MICRO HYDRO - OLD/RnD/MASTER_PRODUCTION_PACKAGE 2/MicroHydroV1_/03_Data/intake_raw/T001_JetCoherence_Run1.csv,archive/legacy/implementation-misc/MICRO HYDRO - OLD/RnD/MASTER_PRODUCTION_PACKAGE 2/MicroHydroV1_/03_Data/intake_raw/T001_JetCoherence_Run1.csv,copied
Implementation/MICRO HYDRO - OLD/RnD/MASTER_PRODUCTION_PACKAGE 2/MicroHydroV1_/03_Data/intake_raw/T002_TankRipple_Run1.csv,archive/legacy/implementation-misc/MICRO HYDRO - OLD/RnD/MASTER_PRODUCTION_PACKAGE 2/MicroHydroV1_/03_Data/intake_raw/T002_TankRipple_Run1.csv,copied
Implementation/MICRO HYDRO - OLD/RnD/MASTER_PRODUCTION_PACKAGE 2/MicroHydroV1_/03_Data/intake_raw/T003_ELCStability_Run1.csv,archive/legacy/implementation-misc/MICRO HYDRO - OLD/RnD/MASTER_PRODUCTION_PACKAGE 2/MicroHydroV1_/03_Data/intake_raw/T003_ELCStability_Run1.csv,copied
Implementation/MICRO HYDRO - OLD/RnD/MASTER_PRODUCTION_PACKAGE 2/MicroHydroV1_/03_Data/intake_raw/T004_Power_Run1.csv,archive/legacy/implementation-misc/MICRO HYDRO - OLD/RnD/MASTER_PRODUCTION_PACKAGE 2/MicroHydroV1_/03_Data/intake_raw/T004_Power_Run1.csv,copied
Implementation/MICRO HYDRO - OLD/RnD/MASTER_PRODUCTION_PACKAGE 2/MicroHydroV1_/manifest.json,archive/legacy/implementation-misc/MICRO HYDRO - OLD/RnD/MASTER_PRODUCTION_PACKAGE 2/MicroHydroV1_/manifest.json,copied
Implementation/MICRO HYDRO - OLD/RnD/MASTER_PRODUCTION_PACKAGE.zip,archive/legacy/implementation-misc/MICRO HYDRO - OLD/RnD/MASTER_PRODUCTION_PACKAGE.zip,copied
Implementation/MICRO HYDRO - OLD/RnD/zipppittt/MICRO HYDRO.zip,archive/legacy/implementation-misc/MICRO HYDRO - OLD/RnD/zipppittt/MICRO HYDRO.zip,copied
Implementation/MICRO HYDRO - OLD/RnD/zipppittt/MICRO_HYDRO_Enterprise_Package_2026-01-21_Rebuild/00_Manifest/manifest.json,archive/legacy/implementation-misc/MICRO HYDRO - OLD/RnD/zipppittt/MICRO_HYDRO_Enterprise_Package_2026-01-21_Rebuild/00_Manifest/manifest.json,copied
Implementation/MICRO HYDRO - OLD/RnD/zipppittt/MICRO_HYDRO_Enterprise_Package_2026-01-21_Rebuild/07_Source_Archive/MICRO HYDRO.zip,archive/legacy/implementation-misc/MICRO HYDRO - OLD/RnD/zipppittt/MICRO_HYDRO_Enterprise_Package_2026-01-21_Rebuild/07_Source_Archive/MICRO HYDRO.zip,copied
Implementation/MICRO HYDRO - OLD/RnD/zipppittt/MICRO_HYDRO_Enterprise_Package_2026-01-21_Rebuild.zip,archive/legacy/implementation-misc/MICRO HYDRO - OLD/RnD/zipppittt/MICRO_HYDRO_Enterprise_Package_2026-01-21_Rebuild.zip,copied
Implementation/MICRO HYDRO - OLD/RnD/zipppittt/MicroHydroV1_ReorgToolkit.zip,archive/legacy/implementation-misc/MICRO HYDRO - OLD/RnD/zipppittt/MicroHydroV1_ReorgToolkit.zip,copied
Implementation/MICRO HYDRO - OLD.zip,archive/legacy/implementation-misc/MICRO HYDRO - OLD.zip,copied
Implementation/MICRO HYDRO NEW.zip,archive/legacy/implementation-misc/MICRO HYDRO NEW.zip,copied
Implementation/MicroHydroV1_ASAP_Timeline (1).xlsx,archive/legacy/implementation-misc/MicroHydroV1_ASAP_Timeline (1).xlsx,copied
Implementation/MicroHydroV1_ASAP_Timeline.xlsx,archive/legacy/implementation-misc/MicroHydroV1_ASAP_Timeline.xlsx,empty-stub
Implementation/MicroHydroV1_Bench_Tech_Checklist.pdf,archive/legacy/implementation-misc/MicroHydroV1_Bench_Tech_Checklist.pdf,copied
Implementation/MicroHydroV1_GoNoGo_ASAP_Draft (1).docx,archive/legacy/implementation-misc/MicroHydroV1_GoNoGo_ASAP_Draft (1).docx,copied
Implementation/MicroHydroV1_GoNoGo_ASAP_Draft.docx,archive/legacy/implementation-misc/MicroHydroV1_GoNoGo_ASAP_Draft.docx,copied
Implementation/MicroHydroV1_InitGui_PATCH.zip,archive/legacy/implementation-misc/MicroHydroV1_InitGui_PATCH.zip,copied
Implementation/MicroHydroV1_Integrated_Organized_Tree.zip,archive/legacy/implementation-misc/MicroHydroV1_Integrated_Organized_Tree.zip,copied
Implementation/MicroHydroV1_MasterIntegrated_Output.zip,archive/legacy/implementation-misc/MicroHydroV1_MasterIntegrated_Output.zip,copied
Implementation/MicroHydroV1_MasterIntegrator_Toolkit (1).zip,archive/legacy/implementation-misc/MicroHydroV1_MasterIntegrator_Toolkit (1).zip,copied
Implementation/MicroHydroV1_MasterIntegrator_Toolkit.zip,archive/legacy/implementation-misc/MicroHydroV1_MasterIntegrator_Toolkit.zip,empty-stub
Implementation/MicroHydroV1_Shapr3D_Import.zip,archive/legacy/implementation-misc/MicroHydroV1_Shapr3D_Import.zip,copied
Implementation/MicroHydroV1_Shapr3D_ReferenceModel.zip,archive/legacy/implementation-misc/MicroHydroV1_Shapr3D_ReferenceModel.zip,copied
Implementation/MicroHydroV1_repo_skeleton.zip,archive/legacy/implementation-misc/MicroHydroV1_repo_skeleton.zip,copied
Implementation/Microsoft Copilot Chat Files.zip,archive/legacy/implementation-misc/Microsoft Copilot Chat Files.zip,copied
Implementation/STW_vNext_Matrix_Filled.xlsx,archive/legacy/implementation-misc/STW_vNext_Matrix_Filled.xlsx,copied
Implementation/mhv1_oneclick_pipeline.command,archive/legacy/implementation-misc/mhv1_oneclick_pipeline.command,copied
Implementation/mhv1_pipeline.py,archive/legacy/implementation-misc/mhv1_pipeline.py,copied
MicroHydroV1_Phase3_Automation_Pack_macOS_OpenReleases/RELEASES_URL_SAMPLE.txt,archive/legacy/phase3-automation-pack/RELEASES_URL_SAMPLE.txt,copied
MicroHydroV1_Phase3_Automation_Pack_macOS_OpenReleases/docs/POWER_AUTOMATE_EXTENSIONS.md,archive/legacy/phase3-automation-pack/docs/POWER_AUTOMATE_EXTENSIONS.md,copied
MicroHydroV1_Phase3_Automation_Pack_macOS_OpenReleases/launch_mac.sh,archive/legacy/phase3-automation-pack/launch_mac.sh,copied
MicroHydroV1_Phase3_Automation_Pack_macOS_OpenReleases/requirements.txt,archive/legacy/phase3-automation-pack/requirements.txt,copied
MicroHydroV1_Phase3_Automation_Pack_macOS_OpenReleases/scripts/new_run.py,archive/legacy/phase3-automation-pack/scripts/new_run.py,copied
MicroHydroV1_Phase3_Automation_Pack_macOS_OpenReleases/scripts/preflight_t002.py,archive/legacy/phase3-automation-pack/scripts/preflight_t002.py,copied
MicroHydroV1_Phase3_Automation_Pack_macOS_OpenReleases/scripts/run_one_command.py,archive/legacy/phase3-automation-pack/scripts/run_one_command.py,copied
