status,file,source_or_variants
filled,99_Operations 3/Visionary_Intelligence/CHANGELOG.md,Product/Change_Logs/CHANGELOG.md
filled,Implementation/MicroHydroV1_MasterIntegrator_Toolkit (1).zip,Archive/Legacy/MICRO HYDRO NEW/MicroHydroV1_MasterIntegrator_Toolkit (1).zip
filled,Implementation/MicroHydroV1_Integrated_Organized_Tree.zip,Archive/Legacy/MICRO HYDRO NEW/MicroHydroV1_Integrated_Organized_Tree.zip
filled,Implementation/MicroHydroV1_InitGui_PATCH.zip,Archive/Legacy/MICRO HYDRO NEW/MicroHydroV1_InitGui_PATCH.zip
filled,Implementation/MicroHydroV1_Shapr3D_ReferenceModel.zip,Archive/Legacy/MICRO HYDRO NEW/MicroHydroV1_Shapr3D_ReferenceModel.zip
filled,Implementation/MicroHydroV1_Shapr3D_Import.zip,Archive/Legacy/MICRO HYDRO NEW/MicroHydroV1_Shapr3D_Import.zip
filled,Implementation/MicroHydroV1_GoNoGo_ASAP_Draft (1).docx,Archive/Legacy/MICRO HYDRO NEW/MicroHydroV1_GoNoGo_ASAP_Draft (1).docx
filled,Implementation/Install_MicroHydroV1.sh,Archive/Legacy/MICRO HYDRO NEW/Install_MicroHydroV1.sh
filled,Implementation/MicroHydroV1_Bench_Tech_Checklist.pdf,Archive/Legacy/MICRO HYDRO NEW/MicroHydroV1_Bench_Tech_Checklist.pdf
filled,Implementation/Microsoft Copilot Chat Files.zip,Archive/Legacy/MICRO HYDRO NEW/Microsoft Copilot Chat Files.zip
filled,Implementation/mhv1_pipeline.py,Archive/Legacy/MICRO HYDRO NEW/mhv1_pipeline.py
filled,Implementation/MicroHydroV1_ASAP_Timeline (1).xlsx,Archive/Legacy/MICRO HYDRO NEW/MicroHydroV1_ASAP_Timeline (1).xlsx
filled,Implementation/MicroHydroV1 — SoT.zip,IT/System_of_Truth/MicroHydroV1 — SoT.zip
filled,Implementation/MicroHydroV1_MasterIntegrated_Output.zip,Archive/Legacy/MICRO HYDRO NEW/MicroHydroV1_MasterIntegrated_Output.zip
filled,Implementation/MicroHydroV1_repo_skeleton.zip,Archive/Legacy/MICRO HYDRO NEW/MicroHydroV1_repo_skeleton.zip
filled,Implementation/MicroHydroV1_SharePoint_Version_Control_Configuration_Guide_v1.0.docx,Archive/Legacy/MICRO HYDRO NEW/MicroHydroV1_SharePoint_Version_Control_Configuration_Guide_v1.0.docx
filled,Implementation/MICRO HYDRO - OLD.zip,Archive/Legacy/MICRO HYDRO NEW/MICRO HYDRO - OLD.zip
filled,Implementation/MICRO HYDRO NEW.zip,Archive/Legacy/MICRO HYDRO NEW/MICRO HYDRO NEW.zip
filled,Implementation/MicroHydroV1_GoNoGo_ASAP_Draft.docx,Archive/Legacy/MICRO HYDRO NEW/MicroHydroV1_GoNoGo_ASAP_Draft.docx
filled,Implementation/STW_vNext_Matrix_Filled.xlsx,Archive/Legacy/MICRO HYDRO NEW/STW_vNext_Matrix_Filled.xlsx
filled,Implementation/mhv1_oneclick_pipeline.command,Archive/Legacy/MICRO HYDRO NEW/mhv1_oneclick_pipeline.command
filled,Implementation/Install_MicroHydroV1.command,Archive/Legacy/MICRO HYDRO NEW/Install_MicroHydroV1.command
filled,Implementation/Contents/Info.plist,Archive/Legacy/MASTER_PRODUCTION_PACKAGE/Contents 2/Info.plist
filled,Implementation/Contents/MacOS/Install_MicroHydroV1,Archive/Legacy/MASTER_PRODUCTION_PACKAGE/Contents 2/MacOS/Install_MicroHydroV1
filled,Implementation/MicroHydroV1/CHANGELOG.md,Product/Change_Logs/CHANGELOG.md
filled,Implementation/MicroHydroV1/automation/import_measurements.py,IT/System_of_Truth/MicroHydroV1 — SoT/MicroHydroV1/MicroHydroV1_Importer_RunID_Patch_v0.3.0/MicroHydroV1/automation/import_measurements.py
filled,Implementation/MicroHydroV1/automation/Import_Config.json,IT/System_of_Truth/MicroHydroV1 — SoT/MicroHydroV1/automation/Import_Config.json
filled,Implementation/MicroHydroV1/.github/workflows/validate.yml,Archive/Legacy/MICRO HYDRO NEW/MicroHydroV1/.github/workflows/validate.yml
filled,Implementation/MicroHydroV1/tools/release/make_release.py,IT/System_of_Truth/MicroHydroV1 — SoT/MicroHydroV1/tools/release/make_release.py
filled,Implementation/MicroHydroV1/cad/macros/build_all.FCMacro,IT/System_of_Truth/MicroHydroV1 — SoT/MicroHydroV1/cad/macros/build_all.FCMacro
filled,Implementation/MicroHydroV1/cad/macros/03_VanePacks/build_vanepacks.FCMacro,IT/System_of_Truth/MicroHydroV1 — SoT/MicroHydroV1/cad/macros/03_VanePacks/build_vanepacks.FCMacro
filled,Implementation/MicroHydroV1/cad/macros/04_Retainer/build_retainer.FCMacro,IT/System_of_Truth/MicroHydroV1 — SoT/MicroHydroV1/cad/macros/04_Retainer/build_retainer.FCMacro
filled,Implementation/MicroHydroV1/cad/macros/scripts/export_batch.FCMacro,IT/System_of_Truth/MicroHydroV1 — SoT/MicroHydroV1/cad/macros/scripts/export_batch.FCMacro
filled,Implementation/MicroHydroV1/cad/macros/02_Nozzle/build_nozzle.FCMacro,IT/System_of_Truth/MicroHydroV1 — SoT/MicroHydroV1/cad/macros/02_Nozzle/build_nozzle.FCMacro
filled,Implementation/MicroHydroV1/cad/macros/01_Diffuser/build_diffuser.FCMacro,IT/System_of_Truth/MicroHydroV1 — SoT/MicroHydroV1/cad/macros/01_Diffuser/build_diffuser.FCMacro
filled,Implementation/MicroHydroV1/cad/macros/Assembly/build_assembly.FCMacro,IT/System_of_Truth/MicroHydroV1 — SoT/MicroHydroV1/cad/macros/Assembly/build_assembly.FCMacro
filled,Implementation/MicroHydroV1/cad/params/params.json,IT/System_of_Truth/MicroHydroV1 — SoT/MicroHydroV1/cad/params/params.json
filled,Implementation/MicroHydroV1/docs/governance/REPO_RULES.md,Product/Documentation/docs/governance/REPO_RULES.md
filled,Implementation/MicroHydroV1_Shapr3D_ReferenceModel/Docs/Parametric_Values.md,Product/Reference_Models/MicroHydroV1_Shapr3D_ReferenceModel/Docs/Parametric_Values.md
filled,Implementation/MicroHydroV1_Shapr3D_ReferenceModel/Docs/Shapr3D_Build_Guide.md,Product/Reference_Models/MicroHydroV1_Shapr3D_ReferenceModel/Docs/Shapr3D_Build_Guide.md
filled,Implementation/MicroHydroV1_Shapr3D_ReferenceModel/DXF/VanePack_Sketch_30deg.dxf,Product/Reference_Models/MicroHydroV1_Shapr3D_ReferenceModel/DXF/VanePack_Sketch_30deg.dxf
filled,Implementation/MicroHydroV1_Shapr3D_ReferenceModel/DXF/Nozzle_Profile_Revolve.dxf,Product/Reference_Models/MicroHydroV1_Shapr3D_ReferenceModel/DXF/Nozzle_Profile_Revolve.dxf
filled,Implementation/MicroHydroV1_Shapr3D_ReferenceModel/DXF/VanePack_Sketch_20deg.dxf,Product/Reference_Models/MicroHydroV1_Shapr3D_ReferenceModel/DXF/VanePack_Sketch_20deg.dxf
filled,Implementation/MicroHydroV1_Shapr3D_ReferenceModel/DXF/Diffuser_Profile_Revolve.dxf,Product/Reference_Models/MicroHydroV1_Shapr3D_ReferenceModel/DXF/Diffuser_Profile_Revolve.dxf
filled,Implementation/MicroHydroV1_Shapr3D_ReferenceModel/DXF/RetainerCap_Sketch.dxf,Product/Reference_Models/MicroHydroV1_Shapr3D_ReferenceModel/DXF/RetainerCap_Sketch.dxf
filled,Implementation/MicroHydroV1_Shapr3D_ReferenceModel/DXF/VanePack_Sketch_10deg.dxf,Product/Reference_Models/MicroHydroV1_Shapr3D_ReferenceModel/DXF/VanePack_Sketch_10deg.dxf
filled,Implementation/MICRO HYDRO - OLD/RnD/MASTER_PRODUCTION_PACKAGE 2/index.html.docx,Archive/Legacy/MASTER_PRODUCTION_PACKAGE 2/index.html.docx
filled,Implementation/MICRO HYDRO - OLD/RnD/MASTER_PRODUCTION_PACKAGE 2/README.md.docx,Archive/Legacy/MASTER_PRODUCTION_PACKAGE 2/README.md.docx
filled,Implementation/MICRO HYDRO - OLD/RnD/MASTER_PRODUCTION_PACKAGE 2/Master_Index.docx,Archive/Legacy/MASTER_PRODUCTION_PACKAGE 2/Master_Index.docx
filled,Implementation/MICRO HYDRO - OLD/RnD/MASTER_PRODUCTION_PACKAGE 2/Refinement_Prompts.docx,Archive/Legacy/MASTER_PRODUCTION_PACKAGE 2/Refinement_Prompts.docx
filled,Implementation/MICRO HYDRO - OLD/RnD/MASTER_PRODUCTION_PACKAGE 2/Test_Campaign_Plan.docx,Archive/Legacy/MASTER_PRODUCTION_PACKAGE 2/Test_Campaign_Plan.docx
filled,Implementation/MICRO HYDRO - OLD/RnD/MASTER_PRODUCTION_PACKAGE 2/MicroHydroV1_CAD Archive.zip,Archive/Legacy/MASTER_PRODUCTION_PACKAGE/MicroHydroV1_CAD Archive.zip
filled,Implementation/MICRO HYDRO - OLD/RnD/MASTER_PRODUCTION_PACKAGE 2/Run_of_Show_Checklist.docx,Archive/Legacy/MASTER_PRODUCTION_PACKAGE 2/Run_of_Show_Checklist.docx
filled,Implementation/MICRO HYDRO - OLD/RnD/MASTER_PRODUCTION_PACKAGE 2/README_IMPORT.md,Archive/Legacy/MASTER_PRODUCTION_PACKAGE 2/README_IMPORT.md
filled,Implementation/MICRO HYDRO - OLD/RnD/MASTER_PRODUCTION_PACKAGE 2/MicroHydroV1_Rebuilt_Clean_Repo_20260122_002842Z.zip,Archive/Legacy/MASTER_PRODUCTION_PACKAGE/MicroHydroV1_Rebuilt_Clean_Repo_20260122_002842Z.zip
filled,Implementation/MICRO HYDRO - OLD/RnD/MASTER_PRODUCTION_PACKAGE 2/Measurements_Import_Template.csv,Archive/Legacy/MASTER_PRODUCTION_PACKAGE/MASTER_PRODUCTION_PACKAGE/Measurements_Import_Template.csv
filled,Implementation/MICRO HYDRO - OLD/RnD/MASTER_PRODUCTION_PACKAGE 2/MASTER_PASS_A_Document.docx,Archive/Legacy/MASTER_PRODUCTION_PACKAGE 2/MASTER_PASS_A_Document.docx
filled,Implementation/MICRO HYDRO - OLD/RnD/MASTER_PRODUCTION_PACKAGE 2/Stakeholder_Presentation.pptx,Archive/Legacy/MASTER_PRODUCTION_PACKAGE 2/Stakeholder_Presentation.pptx
filled,Implementation/MICRO HYDRO - OLD/RnD/MASTER_PRODUCTION_PACKAGE 2/MicroHydroV1_/manifest.json,Archive/Legacy/MASTER_PRODUCTION_PACKAGE 2/MicroHydroV1_/manifest.json
filled,Implementation/MICRO HYDRO - OLD/RnD/MASTER_PRODUCTION_PACKAGE 2/MicroHydroV1_/03_Data/RnD_Workbook/MicroHydroV1_RnD_Export_SYNTH.xlsx,Archive/Legacy/MASTER_PRODUCTION_PACKAGE/MASTER_PRODUCTION_PACKAGE/MicroHydroV1_/03_Data/RnD_Workbook/MicroHydroV1_RnD_Export_SYNTH.xlsx
filled,Implementation/MICRO HYDRO - OLD/RnD/MASTER_PRODUCTION_PACKAGE 2/MicroHydroV1_/03_Data/RnD_Workbook/MicroHydroV1_Bench_Test_Tracker.xlsx,Archive/Legacy/MASTER_PRODUCTION_PACKAGE/MASTER_PRODUCTION_PACKAGE/MicroHydroV1_/03_Data/RnD_Workbook/MicroHydroV1_Bench_Test_Tracker.xlsx
filled,Implementation/MICRO HYDRO - OLD/RnD/MASTER_PRODUCTION_PACKAGE 2/MicroHydroV1_/03_Data/RnD_Workbook/MicroHydroV1_RnD_Export (1).xlsx,Archive/Legacy/MASTER_PRODUCTION_PACKAGE/MASTER_PRODUCTION_PACKAGE/MicroHydroV1_/03_Data/RnD_Workbook/MicroHydroV1_RnD_Export (1).xlsx
filled,Implementation/MICRO HYDRO - OLD/RnD/MASTER_PRODUCTION_PACKAGE 2/MicroHydroV1_/03_Data/RnD_Workbook/MicroHydroV1_RnD_Export.xlsx,Archive/Legacy/MASTER_PRODUCTION_PACKAGE/MASTER_PRODUCTION_PACKAGE/MicroHydroV1_/03_Data/RnD_Workbook/MicroHydroV1_RnD_Export.xlsx
filled,Implementation/MICRO HYDRO - OLD/RnD/MASTER_PRODUCTION_PACKAGE 2/MicroHydroV1_/03_Data/RnD_Workbook/MicroHydroV1_RnD_FullUpgrade.xlsx,Archive/Legacy/MASTER_PRODUCTION_PACKAGE/MASTER_PRODUCTION_PACKAGE/MicroHydroV1_/03_Data/RnD_Workbook/MicroHydroV1_RnD_FullUpgrade.xlsx
filled,Implementation/MICRO HYDRO - OLD/RnD/MASTER_PRODUCTION_PACKAGE 2/MicroHydroV1_/03_Data/intake_raw/T003_ELCStability_Run1.csv,Archive/Legacy/MASTER_PRODUCTION_PACKAGE/MASTER_PRODUCTION_PACKAGE/MicroHydroV1_/03_Data/intake_raw/T003_ELCStability_Run1.csv
filled,Implementation/MICRO HYDRO - OLD/RnD/MASTER_PRODUCTION_PACKAGE 2/MicroHydroV1_/03_Data/intake_raw/T004_Power_Run1.csv,Archive/Legacy/MASTER_PRODUCTION_PACKAGE/MASTER_PRODUCTION_PACKAGE/MicroHydroV1_/03_Data/intake_raw/T004_Power_Run1.csv
filled,Implementation/MICRO HYDRO - OLD/RnD/MASTER_PRODUCTION_PACKAGE 2/MicroHydroV1_/03_Data/intake_raw/StageB_DataLog_Synthetic.csv,Archive/Legacy/MASTER_PRODUCTION_PACKAGE/MASTER_PRODUCTION_PACKAGE/MicroHydroV1_/03_Data/intake_raw/StageB_DataLog_Synthetic.csv
filled,Implementation/MICRO HYDRO - OLD/RnD/MASTER_PRODUCTION_PACKAGE 2/MicroHydroV1_/03_Data/intake_raw/T002_TankRipple_Run1.csv,Archive/Legacy/MASTER_PRODUCTION_PACKAGE/MASTER_PRODUCTION_PACKAGE/MicroHydroV1_/03_Data/intake_raw/T002_TankRipple_Run1.csv
filled,Implementation/MICRO HYDRO - OLD/RnD/MASTER_PRODUCTION_PACKAGE 2/MicroHydroV1_/03_Data/intake_raw/T001_JetCoherence_Run1.csv,Archive/Legacy/MASTER_PRODUCTION_PACKAGE/MASTER_PRODUCTION_PACKAGE/MicroHydroV1_/03_Data/intake_raw/T001_JetCoherence_Run1.csv
filled,Implementation/MICRO HYDRO - OLD/RnD/MASTER_PRODUCTION_PACKAGE 2/MicroHydroV1_/08_Installers/Install_MicroHydroV1_InModule.command,Archive/Legacy/MASTER_PRODUCTION_PACKAGE 2/MicroHydroV1_/08_Installers/Install_MicroHydroV1_InModule.command
filled,Implementation/MICRO HYDRO - OLD/RnD/MASTER_PRODUCTION_PACKAGE 2/MicroHydroV1_/08_Installers/README.md,Archive/Legacy/MASTER_PRODUCTION_PACKAGE 2/MicroHydroV1_/08_Installers/README.md
filled,Implementation/MICRO HYDRO - OLD/RnD/MASTER_PRODUCTION_PACKAGE 2/MicroHydroV1_/08_Installers/InitGui.py,Archive/Legacy/MASTER_PRODUCTION_PACKAGE 2/MicroHydroV1_/08_Installers/InitGui.py
filled,Implementation/MICRO HYDRO - OLD/RnD/MASTER_PRODUCTION_PACKAGE 2/MicroHydroV1_/08_Installers/MicroHydroV1_InModule_Installer.zip,Archive/Legacy/MASTER_PRODUCTION_PACKAGE/MASTER_PRODUCTION_PACKAGE/MicroHydroV1_/08_Installers/MicroHydroV1_InModule_Installer.zip
filled,Implementation/MICRO HYDRO - OLD/RnD/MASTER_PRODUCTION_PACKAGE 2/MicroHydroV1_/07_Docs/Documentation/Go_NoGo_Packet.docx,Archive/Legacy/MASTER_PRODUCTION_PACKAGE 2/MicroHydroV1_/07_Docs/Documentation/Go_NoGo_Packet.docx
filled,Implementation/MICRO HYDRO - OLD/RnD/MASTER_PRODUCTION_PACKAGE 2/MicroHydroV1_/07_Docs/Documentation/README.txt,Archive/Legacy/MASTER_PRODUCTION_PACKAGE 2/MicroHydroV1_/07_Docs/Documentation/README.txt
filled,Implementation/MICRO HYDRO - OLD/RnD/MASTER_PRODUCTION_PACKAGE 2/MicroHydroV1_/07_Docs/Documentation/STW_vNext_Matrix.docx,Archive/Legacy/MASTER_PRODUCTION_PACKAGE 2/MicroHydroV1_/07_Docs/Documentation/STW_vNext_Matrix.docx
filled,Implementation/MICRO HYDRO - OLD/RnD/MASTER_PRODUCTION_PACKAGE 2/MicroHydroV1_/07_Docs/Documentation/GoNoGo_Packet.docx,Archive/Legacy/MASTER_PRODUCTION_PACKAGE 2/MicroHydroV1_/07_Docs/Documentation/GoNoGo_Packet.docx
filled,Implementation/MICRO HYDRO - OLD/RnD/MASTER_PRODUCTION_PACKAGE 2/MicroHydroV1_/07_Docs/Documentation/Stakeholder_vNext.pptx,Archive/Legacy/MASTER_PRODUCTION_PACKAGE 2/MicroHydroV1_/07_Docs/Documentation/Stakeholder_vNext.pptx
filled,Implementation/MICRO HYDRO - OLD/RnD/MASTER_PRODUCTION_PACKAGE 2/MicroHydroV1_/07_Docs/Documentation/MicroHydroV1_Master.docx,Archive/Legacy/MASTER_PRODUCTION_PACKAGE 2/MicroHydroV1_/07_Docs/Documentation/MicroHydroV1_Master.docx
filled,Implementation/MICRO HYDRO - OLD/RnD/MASTER_PRODUCTION_PACKAGE 2/MicroHydroV1_/01_CAD/macros/build_assembly.FCMacro,Archive/Legacy/MASTER_PRODUCTION_PACKAGE 2/MicroHydroV1_/01_CAD/macros/build_assembly.FCMacro
filled,Implementation/MICRO HYDRO - OLD/RnD/MASTER_PRODUCTION_PACKAGE 2/MicroHydroV1_/01_CAD/macros/export_batch.FCMacro,Archive/Legacy/MASTER_PRODUCTION_PACKAGE 2/MicroHydroV1_/01_CAD/macros/export_batch.FCMacro
filled,Implementation/MICRO HYDRO - OLD/RnD/MASTER_PRODUCTION_PACKAGE 2/MicroHydroV1_/01_CAD/macros/build_vanepacks.FCMacro,Archive/Legacy/MASTER_PRODUCTION_PACKAGE 2/MicroHydroV1_/01_CAD/macros/build_vanepacks.FCMacro
filled,Implementation/MICRO HYDRO - OLD/RnD/MASTER_PRODUCTION_PACKAGE 2/MicroHydroV1_/01_CAD/macros/build_nozzle.FCMacro,Archive/Legacy/MASTER_PRODUCTION_PACKAGE 2/MicroHydroV1_/01_CAD/macros/build_nozzle.FCMacro
filled,Implementation/MICRO HYDRO - OLD/RnD/MASTER_PRODUCTION_PACKAGE 2/MicroHydroV1_/01_CAD/macros/build_retainer.FCMacro,Archive/Legacy/MASTER_PRODUCTION_PACKAGE 2/MicroHydroV1_/01_CAD/macros/build_retainer.FCMacro
filled,Implementation/MICRO HYDRO - OLD/RnD/MASTER_PRODUCTION_PACKAGE 2/MicroHydroV1_/01_CAD/macros/build_all.FCMacro,Archive/Legacy/MASTER_PRODUCTION_PACKAGE 2/MicroHydroV1_/01_CAD/macros/build_all.FCMacro
filled,Implementation/MICRO HYDRO - OLD/RnD/MASTER_PRODUCTION_PACKAGE 2/MicroHydroV1_/01_CAD/macros/build_diffuser.FCMacro,Archive/Legacy/MASTER_PRODUCTION_PACKAGE 2/MicroHydroV1_/01_CAD/macros/build_diffuser.FCMacro
filled,Implementation/MICRO HYDRO - OLD/RnD/MASTER_PRODUCTION_PACKAGE 2/MicroHydroV1_/01_CAD/params/params.json,Archive/Legacy/MASTER_PRODUCTION_PACKAGE 2/MicroHydroV1_/01_CAD/params/params.json
filled,Implementation/MICRO HYDRO - OLD/RnD/MASTER_PRODUCTION_PACKAGE 2/MicroHydroV1_/09_Packages/original/patched_macros_with_params.zip,Archive/Legacy/MASTER_PRODUCTION_PACKAGE/MASTER_PRODUCTION_PACKAGE/MicroHydroV1_/09_Packages/original/patched_macros_with_params.zip
filled,Implementation/MICRO HYDRO - OLD/RnD/MASTER_PRODUCTION_PACKAGE 2/MicroHydroV1_/09_Packages/original/MicroHydroV1_Addon_macOS.zip,Archive/Legacy/MASTER_PRODUCTION_PACKAGE/MASTER_PRODUCTION_PACKAGE/MicroHydroV1_/09_Packages/original/MicroHydroV1_Addon_macOS.zip
filled,Implementation/MICRO HYDRO - OLD/RnD/MASTER_PRODUCTION_PACKAGE 2/MicroHydroV1_/09_Packages/original/MicroHydroV1_StageB_Package.zip,Archive/Legacy/MASTER_PRODUCTION_PACKAGE/MASTER_PRODUCTION_PACKAGE/MicroHydroV1_/09_Packages/original/MicroHydroV1_StageB_Package.zip
filled,Implementation/MICRO HYDRO - OLD/RnD/MASTER_PRODUCTION_PACKAGE 2/MicroHydroV1_/09_Packages/original/MacroSuiteFull.zip,Archive/Legacy/MASTER_PRODUCTION_PACKAGE/MASTER_PRODUCTION_PACKAGE/MicroHydroV1_/09_Packages/original/MacroSuiteFull.zip
filled,Implementation/MICRO HYDRO - OLD/RnD/MASTER_PRODUCTION_PACKAGE 2/MicroHydroV1_/09_Packages/original/MicroHydroV1_Complete_Engineering_Package.zip,Archive/Legacy/MASTER_PRODUCTION_PACKAGE/MASTER_PRODUCTION_PACKAGE/MicroHydroV1_/09_Packages/original/MicroHydroV1_Complete_Engineering_Package.zip
filled,Implementation/MICRO HYDRO - OLD/RnD/MASTER_PRODUCTION_PACKAGE 2/MicroHydroV1_/09_Packages/original/MacroSuite.zip,Archive/Legacy/MASTER_PRODUCTION_PACKAGE/MASTER_PRODUCTION_PACKAGE/MicroHydroV1_/09_Packages/original/MacroSuite.zip
filled,Implementation/MICRO HYDRO - OLD/RnD/MASTER_PRODUCTION_PACKAGE 2/08_Electrical_Control_Unit/ELC_Frequency_Response.xlsx,Archive/Legacy/MASTER_PRODUCTION_PACKAGE/MASTER_PRODUCTION_PACKAGE/08_Electrical_Control_Unit/ELC_Frequency_Response.xlsx
filled,Implementation/MICRO HYDRO - OLD/RnD/MASTER_PRODUCTION_PACKAGE 2/08_Electrical_Control_Unit/ELC_Inverter_Tuning_RUN2.docx,Archive/Legacy/MASTER_PRODUCTION_PACKAGE 2/08_Electrical_Control_Unit/ELC_Inverter_Tuning_RUN2.docx
filled,Implementation/MICRO HYDRO - OLD/RnD/MASTER_PRODUCTION_PACKAGE 2/11_Bench_Test_Pack/Bench_Test_Results_Summary.docx,Archive/Legacy/MASTER_PRODUCTION_PACKAGE 2/11_Bench_Test_Pack/Bench_Test_Results_Summary.docx
filled,Implementation/MICRO HYDRO - OLD/RnD/MASTER_PRODUCTION_PACKAGE 2/11_Bench_Test_Pack/Results_Intake_Template.xlsx,Archive/Legacy/MASTER_PRODUCTION_PACKAGE/MASTER_PRODUCTION_PACKAGE/11_Bench_Test_Pack/Results_Intake_Template.xlsx
filled,Implementation/MICRO HYDRO - OLD/RnD/MASTER_PRODUCTION_PACKAGE 2/11_Bench_Test_Pack/Bench_Test_Tracker.xlsx,Archive/Legacy/MASTER_PRODUCTION_PACKAGE/MASTER_PRODUCTION_PACKAGE/11_Bench_Test_Pack/Bench_Test_Tracker.xlsx
filled,Implementation/MICRO HYDRO - OLD/RnD/MASTER_PRODUCTION_PACKAGE 2/11_Bench_Test_Pack/Jet_Coherence_Test/Jet_Coherence_Procedure.docx,Archive/Legacy/MASTER_PRODUCTION_PACKAGE 2/11_Bench_Test_Pack/Jet_Coherence_Test/Jet_Coherence_Procedure.docx
filled,Implementation/MICRO HYDRO - OLD/RnD/MASTER_PRODUCTION_PACKAGE 2/11_Bench_Test_Pack/Jet_Coherence_Test/Jet_Coherence_Datasheet.xlsx,Archive/Legacy/MASTER_PRODUCTION_PACKAGE/MASTER_PRODUCTION_PACKAGE/11_Bench_Test_Pack/Jet_Coherence_Test/Jet_Coherence_Datasheet.xlsx
filled,Implementation/MICRO HYDRO - OLD/RnD/MASTER_PRODUCTION_PACKAGE 2/11_Bench_Test_Pack/Jet_Coherence_Test/Jet_Coherence_Imaging_Notes.docx,Archive/Legacy/MASTER_PRODUCTION_PACKAGE 2/11_Bench_Test_Pack/Jet_Coherence_Test/Jet_Coherence_Imaging_Notes.docx
filled,Implementation/MICRO HYDRO - OLD/RnD/MASTER_PRODUCTION_PACKAGE 2/11_Bench_Test_Pack/Tank_Ripple_Test/Tank_Ripple_Datasheet.xlsx,Archive/Legacy/MASTER_PRODUCTION_PACKAGE/MASTER_PRODUCTION_PACKAGE/11_Bench_Test_Pack/Tank_Ripple_Test/Tank_Ripple_Datasheet.xlsx
filled,Implementation/MICRO HYDRO - OLD/RnD/MASTER_PRODUCTION_PACKAGE 2/11_Bench_Test_Pack/Tank_Ripple_Test/Tank_Ripple_Procedure.docx,Archive/Legacy/MASTER_PRODUCTION_PACKAGE 2/11_Bench_Test_Pack/Tank_Ripple_Test/Tank_Ripple_Procedure.docx
filled,Implementation/MICRO HYDRO - OLD/RnD/MASTER_PRODUCTION_PACKAGE 2/11_Bench_Test_Pack/Tank_Ripple_Test/Tank_Ripple_Sensor_Mounting.svg.docx,Archive/Legacy/MASTER_PRODUCTION_PACKAGE 2/11_Bench_Test_Pack/Tank_Ripple_Test/Tank_Ripple_Sensor_Mounting.svg.docx
filled,Implementation/MICRO HYDRO - OLD/RnD/MASTER_PRODUCTION_PACKAGE 2/02_Targeted_Design_RnD/Requirements_Traceabillity.docx,Archive/Legacy/MASTER_PRODUCTION_PACKAGE 2/02_Targeted_Design_RnD/Requirements_Traceabillity.docx
filled,Implementation/MICRO HYDRO - OLD/RnD/MASTER_PRODUCTION_PACKAGE 2/02_Targeted_Design_RnD/STW_Design_vNext.docx,Archive/Legacy/MASTER_PRODUCTION_PACKAGE 2/02_Targeted_Design_RnD/STW_Design_vNext.docx
filled,Implementation/MICRO HYDRO - OLD/RnD/MASTER_PRODUCTION_PACKAGE 2/02_Targeted_Design_RnD/STW_Design_Matrix_PASSB.docx,Archive/Legacy/MASTER_PRODUCTION_PACKAGE 2/02_Targeted_Design_RnD/STW_Design_Matrix_PASSB.docx
filled,Implementation/MICRO HYDRO - OLD/RnD/MASTER_PRODUCTION_PACKAGE 2/14_Reports/Design_vNext_Readout_FULL.docx,Archive/Legacy/MASTER_PRODUCTION_PACKAGE 2/14_Reports/Design_vNext_Readout_FULL.docx
filled,Implementation/MICRO HYDRO - OLD/RnD/MASTER_PRODUCTION_PACKAGE 2/14_Reports/RUN2_Comapre_PhiWeights.docx,Archive/Legacy/MASTER_PRODUCTION_PACKAGE 2/14_Reports/RUN2_Comapre_PhiWeights.docx
filled,Implementation/MICRO HYDRO - OLD/RnD/MASTER_PRODUCTION_PACKAGE 2/14_Reports/RUN2_Summary.docx,Archive/Legacy/MASTER_PRODUCTION_PACKAGE 2/14_Reports/RUN2_Summary.docx
filled,Implementation/MICRO HYDRO - OLD/RnD/MASTER_PRODUCTION_PACKAGE 2/14_Reports/Program_Readout_Executive_Summary.docx,Archive/Legacy/MASTER_PRODUCTION_PACKAGE 2/14_Reports/Program_Readout_Executive_Summary.docx
filled,Implementation/MICRO HYDRO - OLD/RnD/MASTER_PRODUCTION_PACKAGE 2/14_Reports/StageB_TestPlan.txt,Archive/Legacy/MASTER_PRODUCTION_PACKAGE 2/14_Reports/StageB_TestPlan.txt
filled,Implementation/MICRO HYDRO - OLD/RnD/MASTER_PRODUCTION_PACKAGE 2/14_Reports/PASS_A_FULL_RevA.docx,Archive/Legacy/MASTER_PRODUCTION_PACKAGE 2/14_Reports/PASS_A_FULL_RevA.docx
filled,Implementation/MICRO HYDRO - OLD/RnD/MASTER_PRODUCTION_PACKAGE 2/14_Reports/PASS_A_FULL_Populated_v2.docx,Archive/Legacy/MASTER_PRODUCTION_PACKAGE 2/14_Reports/PASS_A_FULL_Populated_v2.docx
filled,Implementation/MICRO HYDRO - OLD/RnD/MASTER_PRODUCTION_PACKAGE 2/14_Reports/PASS_A_FULL.docx,Archive/Legacy/MASTER_PRODUCTION_PACKAGE 2/14_Reports/PASS_A_FULL.docx
filled,Implementation/MICRO HYDRO - OLD/RnD/MASTER_PRODUCTION_PACKAGE 2/06_Penstock_Flow_Unit/PENSTOCK_Selection_RUN2.docx,Archive/Legacy/MASTER_PRODUCTION_PACKAGE 2/06_Penstock_Flow_Unit/PENSTOCK_Selection_RUN2.docx
filled,Implementation/MICRO HYDRO - OLD/RnD/MASTER_PRODUCTION_PACKAGE 2/06_Penstock_Flow_Unit/PENSTOCK_FLOW_DATA.xlsx,Archive/Legacy/MASTER_PRODUCTION_PACKAGE/MASTER_PRODUCTION_PACKAGE/06_Penstock_Flow_Unit/PENSTOCK_FLOW_DATA.xlsx
filled,Implementation/MICRO HYDRO - OLD/RnD/MASTER_PRODUCTION_PACKAGE 2/05_Tank_Hydraulics_Unit/TANK_Inlet_Comparison_RUN2.docx,Archive/Legacy/MASTER_PRODUCTION_PACKAGE 2/05_Tank_Hydraulics_Unit/TANK_Inlet_Comparison_RUN2.docx
filled,Implementation/MICRO HYDRO - OLD/RnD/MASTER_PRODUCTION_PACKAGE 2/12_Patents/Schauberger_Summaries.docx,Archive/Legacy/MASTER_PRODUCTION_PACKAGE 2/12_Patents/Schauberger_Summaries.docx
filled,Implementation/MICRO HYDRO - OLD/RnD/MASTER_PRODUCTION_PACKAGE 2/12_Patents/Patent_Index.xlsx,Archive/Legacy/MASTER_PRODUCTION_PACKAGE/MASTER_PRODUCTION_PACKAGE/12_Patents/Patent_Index.xlsx
filled,Implementation/MICRO HYDRO - OLD/RnD/MASTER_PRODUCTION_PACKAGE 2/12_Patents/Winter_Summaries.docx,Archive/Legacy/MASTER_PRODUCTION_PACKAGE 2/12_Patents/Winter_Summaries.docx
filled,Implementation/MICRO HYDRO - OLD/RnD/MASTER_PRODUCTION_PACKAGE 2/12_Patents/Tesla_Summaries.docx,Archive/Legacy/MASTER_PRODUCTION_PACKAGE 2/12_Patents/Tesla_Summaries.docx
filled,Implementation/MICRO HYDRO - OLD/RnD/MASTER_PRODUCTION_PACKAGE 2/12_Patents/PATENT_PASSB_Full.docx,Archive/Legacy/MASTER_PRODUCTION_PACKAGE 2/12_Patents/PATENT_PASSB_Full.docx
filled,Implementation/MICRO HYDRO - OLD/RnD/MASTER_PRODUCTION_PACKAGE 2/04_Hydram_Research_Unit/HYDRAM_RUN2_Overview.docx,Archive/Legacy/MASTER_PRODUCTION_PACKAGE 2/04_Hydram_Research_Unit/HYDRAM_RUN2_Overview.docx
filled,Implementation/MICRO HYDRO - OLD/RnD/MASTER_PRODUCTION_PACKAGE 2/07_Turbine_Optimization_Unit/NOZZLE_Sweep_RUN2.docx,Archive/Legacy/MASTER_PRODUCTION_PACKAGE 2/07_Turbine_Optimization_Unit/NOZZLE_Sweep_RUN2.docx
filled,Implementation/MICRO HYDRO - OLD/RnD/MASTER_PRODUCTION_PACKAGE 2/07_Turbine_Optimization_Unit/NOZZLE_DATA_RUN2.xlsx,Archive/Legacy/MASTER_PRODUCTION_PACKAGE/MASTER_PRODUCTION_PACKAGE/07_Turbine_Optimization_Unit/NOZZLE_DATA_RUN2.xlsx
filled,Implementation/MICRO HYDRO - OLD/RnD/MASTER_PRODUCTION_PACKAGE 2/10_Design_VNext/MicroHydroV1_Design_vNext_Readout_Stages_A-D.docx,Archive/Legacy/MASTER_PRODUCTION_PACKAGE 2/10_Design_VNext/MicroHydroV1_Design_vNext_Readout_Stages_A-D.docx
filled,Implementation/MICRO HYDRO - OLD/RnD/MASTER_PRODUCTION_PACKAGE 2/10_Design_VNext/02_Nozzle_9mm_PreSwirl/Nozzle_9mm_PreSwirl_Drawing.svg.docx,Archive/Legacy/MASTER_PRODUCTION_PACKAGE 2/10_Design_VNext/02_Nozzle_9mm_PreSwirl/Nozzle_9mm_PreSwirl_Drawing.svg.docx
filled,Implementation/MICRO HYDRO - OLD/RnD/MASTER_PRODUCTION_PACKAGE 2/10_Design_VNext/02_Nozzle_9mm_PreSwirl/Nozzle_PreSwirl_BOM.xlsx,Archive/Legacy/MASTER_PRODUCTION_PACKAGE/MASTER_PRODUCTION_PACKAGE/10_Design_VNext/02_Nozzle_9mm_PreSwirl/Nozzle_PreSwirl_BOM.xlsx
filled,Implementation/MICRO HYDRO - OLD/RnD/MASTER_PRODUCTION_PACKAGE 2/10_Design_VNext/02_Nozzle_9mm_PreSwirl/Nozzle_9mm_PreSwirl_Design.docx,Archive/Legacy/MASTER_PRODUCTION_PACKAGE 2/10_Design_VNext/02_Nozzle_9mm_PreSwirl/Nozzle_9mm_PreSwirl_Design.docx
filled,Implementation/MICRO HYDRO - OLD/RnD/MASTER_PRODUCTION_PACKAGE 2/10_Design_VNext/02_Nozzle_9mm_PreSwirl/Engineering_Rational_Nozzle_9mm_.docx,Archive/Legacy/MASTER_PRODUCTION_PACKAGE 2/10_Design_VNext/02_Nozzle_9mm_PreSwirl/Engineering_Rational_Nozzle_9mm_.docx
filled,Implementation/MICRO HYDRO - OLD/RnD/MASTER_PRODUCTION_PACKAGE 2/10_Design_VNext/01_Tank_Inlet_Hyperbolic/Hyperbolic_Inlet_BOM.xlsx,Archive/Legacy/MASTER_PRODUCTION_PACKAGE/MASTER_PRODUCTION_PACKAGE/10_Design_VNext/01_Tank_Inlet_Hyperbolic/Hyperbolic_Inlet_BOM.xlsx
filled,Implementation/MICRO HYDRO - OLD/RnD/MASTER_PRODUCTION_PACKAGE 2/10_Design_VNext/01_Tank_Inlet_Hyperbolic/Engineering_Rationale_Hyperbolic_Inlet.docx,Archive/Legacy/MASTER_PRODUCTION_PACKAGE 2/10_Design_VNext/01_Tank_Inlet_Hyperbolic/Engineering_Rationale_Hyperbolic_Inlet.docx
filled,Implementation/MICRO HYDRO - OLD/RnD/MASTER_PRODUCTION_PACKAGE 2/10_Design_VNext/01_Tank_Inlet_Hyperbolic/Hyperbolic_Inlet_Drawing.svg.docx,Archive/Legacy/MASTER_PRODUCTION_PACKAGE 2/10_Design_VNext/01_Tank_Inlet_Hyperbolic/Hyperbolic_Inlet_Drawing.svg.docx
filled,Implementation/MICRO HYDRO - OLD/RnD/MASTER_PRODUCTION_PACKAGE 2/10_Design_VNext/01_Tank_Inlet_Hyperbolic/Hyberbolic_Inlet_Design.docx,Archive/Legacy/MASTER_PRODUCTION_PACKAGE 2/10_Design_VNext/01_Tank_Inlet_Hyperbolic/Hyberbolic_Inlet_Design.docx
filled,Implementation/MICRO HYDRO - OLD/RnD/MASTER_PRODUCTION_PACKAGE 2/09_Intergrated_System_Modeling/INTEGRATED_RUN2.docx,Archive/Legacy/MASTER_PRODUCTION_PACKAGE 2/09_Intergrated_System_Modeling/INTEGRATED_RUN2.docx
filled,Implementation/MICRO HYDRO - OLD/RnD/MASTER_PRODUCTION_PACKAGE 2/09_Intergrated_System_Modeling/System_Architecture.md.docx,Archive/Legacy/MASTER_PRODUCTION_PACKAGE 2/09_Intergrated_System_Modeling/System_Architecture.md.docx
filled,Implementation/MICRO HYDRO - OLD/RnD/MASTER_PRODUCTION_PACKAGE 2/09_Intergrated_System_Modeling/INTEGRATED_RUN2_Data.xlsx,Archive/Legacy/MASTER_PRODUCTION_PACKAGE/MASTER_PRODUCTION_PACKAGE/09_Intergrated_System_Modeling/INTEGRATED_RUN2_Data.xlsx
filled,Implementation/MICRO HYDRO - OLD/RnD/NextChat_Package/chat_log.txt,IT/Integrations/NextChat_Package/chat_log.txt
filled,Implementation/MICRO HYDRO - OLD/RnD/NextChat_Package/workspace_placeholders/PUT_MicroHydroV1_workspace_zip_here.txt,IT/Integrations/NextChat_Package/workspace_placeholders/PUT_MicroHydroV1_workspace_zip_here.txt
filled,Implementation/MICRO HYDRO - OLD/RnD/NextChat_Package/docs/next_steps.md,IT/Integrations/NextChat_Package/docs/next_steps.md
filled,Implementation/MICRO HYDRO - OLD/RnD/NextChat_Package/freecad_addon/PUT_MicroHydroV1_Addon_macOS.zip_here.txt,IT/Integrations/NextChat_Package/freecad_addon/PUT_MicroHydroV1_Addon_macOS.zip_here.txt
filled,Implementation/MICRO HYDRO - OLD/RnD/MASTER_PRODUCTION_PACKAGE/Install_MicroHydroV1_AppBundle.zip,Archive/Legacy/MASTER_PRODUCTION_PACKAGE/Install_MicroHydroV1_AppBundle.zip
filled,Implementation/MICRO HYDRO - OLD/RnD/MASTER_PRODUCTION_PACKAGE/MicroHydroV1_CAD Archive.zip,Archive/Legacy/MASTER_PRODUCTION_PACKAGE/MicroHydroV1_CAD Archive.zip
filled,Implementation/MICRO HYDRO - OLD/RnD/MASTER_PRODUCTION_PACKAGE/MicroHydroV1_Rebuilt_Clean_Repo_20260122_002842Z.zip,Archive/Legacy/MASTER_PRODUCTION_PACKAGE/MicroHydroV1_Rebuilt_Clean_Repo_20260122_002842Z.zip
filled,Implementation/MICRO HYDRO - OLD/RnD/MASTER_PRODUCTION_PACKAGE/New Folder With Items.zip,Archive/Legacy/MASTER_PRODUCTION_PACKAGE/New Folder With Items.zip
filled,Implementation/MICRO HYDRO - OLD/RnD/MASTER_PRODUCTION_PACKAGE/Contents 2/Info.plist,Archive/Legacy/MASTER_PRODUCTION_PACKAGE/Contents 2/Info.plist
filled,Implementation/MICRO HYDRO - OLD/RnD/MASTER_PRODUCTION_PACKAGE/Contents 2/MacOS/Install_MicroHydroV1,Archive/Legacy/MASTER_PRODUCTION_PACKAGE/Contents 2/MacOS/Install_MicroHydroV1
filled,Implementation/MICRO HYDRO - OLD/RnD/MASTER_PRODUCTION_PACKAGE/Contents/Info.plist,Archive/Legacy/MASTER_PRODUCTION_PACKAGE/Contents 2/Info.plist
filled,Implementation/MICRO HYDRO - OLD/RnD/MASTER_PRODUCTION_PACKAGE/Contents/MacOS/Install_MicroHydroV1,Archive/Legacy/MASTER_PRODUCTION_PACKAGE/Contents 2/MacOS/Install_MicroHydroV1
filled,Implementation/MICRO HYDRO - OLD/RnD/zipppittt/MicroHydroV1_ReorgToolkit.zip,Archive/Legacy/zipppittt/MicroHydroV1_ReorgToolkit.zip
filled,Implementation/MICRO HYDRO - OLD/RnD/zipppittt/MICRO_HYDRO_Enterprise_Package_2026-01-21_Rebuild.zip,Archive/Legacy/zipppittt/MICRO_HYDRO_Enterprise_Package_2026-01-21_Rebuild.zip
filled,Implementation/MICRO HYDRO - OLD/RnD/zipppittt/MICRO_HYDRO_Enterprise_Package_2026-01-21_Rebuild/07_Source_Archive/MICRO HYDRO.zip,Archive/Legacy/zipppittt/MICRO_HYDRO_Enterprise_Package_2026-01-21_Rebuild/07_Source_Archive/MICRO HYDRO.zip
filled,Implementation/MICRO HYDRO - OLD/RnD/zipppittt/MICRO_HYDRO_Enterprise_Package_2026-01-21_Rebuild/00_Manifest/manifest.json,Archive/Legacy/zipppittt/MICRO_HYDRO_Enterprise_Package_2026-01-21_Rebuild/00_Manifest/manifest.json
filled,Implementation/MicroHydroV1 — SoT/MicroHydroV1_Phase3_Automation_Pack_macOS_OpenReleases.zip,IT/System_of_Truth/MicroHydroV1 — SoT_ARCHIVED_20260124/MicroHydroV1_Phase3_Automation_Pack_macOS_OpenReleases.zip
filled,Implementation/MicroHydroV1 — SoT/MicroHydroV1_RunID_Migrator_v0.3.0.zip,IT/System_of_Truth/MicroHydroV1 — SoT_ARCHIVED_20260124/MicroHydroV1_RunID_Migrator_v0.3.0.zip
filled,Implementation/MicroHydroV1 — SoT/MicroHydroV1_FastTrack_Bundle.zip,IT/System_of_Truth/MicroHydroV1 — SoT_ARCHIVED_20260124/MicroHydroV1_FastTrack_Bundle.zip
filled,Implementation/MicroHydroV1 — SoT/MicroHydroV1_RC1.zip,IT/System_of_Truth/MicroHydroV1 — SoT_ARCHIVED_20260124/MicroHydroV1_RC1.zip
filled,Implementation/MicroHydroV1 — SoT/MicroHydroV1_Phase4_SmartRuns_Pack_macOS.zip,IT/System_of_Truth/MicroHydroV1 — SoT_ARCHIVED_20260124/MicroHydroV1_Phase4_SmartRuns_Pack_macOS.zip
filled,Implementation/MicroHydroV1 — SoT/MicroHydroV1_SoT_Package.zip,IT/System_of_Truth/MicroHydroV1 — SoT_ARCHIVED_20260124/MicroHydroV1_SoT_Package.zip
filled,Implementation/MicroHydroV1 — SoT/MicroHydroV1/README.md,IT/System_of_Truth/MicroHydroV1 — SoT/MicroHydroV1/README.md
filled,Implementation/MicroHydroV1 — SoT/MicroHydroV1/automation/Measurements_Import_Template.csv,Archive/Legacy/MASTER_PRODUCTION_PACKAGE/MASTER_PRODUCTION_PACKAGE/Measurements_Import_Template.csv
filled,Implementation/MicroHydroV1 — SoT/MicroHydroV1/automation/MicroHydroV1_RnD_Export.xlsx,Archive/Legacy/MASTER_PRODUCTION_PACKAGE/MASTER_PRODUCTION_PACKAGE/MicroHydroV1_/03_Data/RnD_Workbook/MicroHydroV1_RnD_Export.xlsx
filled,Implementation/MicroHydroV1 — SoT/MicroHydroV1/automation/Import_Config.json,IT/System_of_Truth/MicroHydroV1 — SoT/MicroHydroV1/automation/Import_Config.json
filled,Implementation/MicroHydroV1 — SoT/MicroHydroV1/tools/run_pipeline.py,IT/System_of_Truth/MicroHydroV1 — SoT/MicroHydroV1/tools/run_pipeline.py
filled,Implementation/MicroHydroV1 — SoT/MicroHydroV1/tools/plots/plot_t002_psd_peakiness.py,Implementation/MicroHydroV1 — SoT/MicroHydroV1/docs/addons/MicroHydroV1_RUN3_AutoFill_Evidence_RUNID_BASELINE_v0.3.0/MicroHydroV1/tools/plots/plot_t002_psd_peakiness.py
filled,Implementation/MicroHydroV1 — SoT/MicroHydroV1/tools/release/make_release.py,IT/System_of_Truth/MicroHydroV1 — SoT/MicroHydroV1/tools/release/make_release.py
filled,Implementation/MicroHydroV1 — SoT/MicroHydroV1/tools/validate/validate_repo.py,IT/System_of_Truth/MicroHydroV1 — SoT/MicroHydroV1/tools/validate/validate_repo.py
filled,Implementation/MicroHydroV1 — SoT/MicroHydroV1/tools/workflow/run_closed_loop.py,IT/System_of_Truth/MicroHydroV1 — SoT_ARCHIVED_20260124/MicroHydroV1/tools/workflow/run_closed_loop.py
filled,Implementation/MicroHydroV1 — SoT/MicroHydroV1/tools/cad/apply_optimized_params.py,IT/System_of_Truth/MicroHydroV1 — SoT_ARCHIVED_20260124/MicroHydroV1/tools/cad/apply_optimized_params.py
filled,Implementation/MicroHydroV1 — SoT/MicroHydroV1/tools/cad/build_all_use_optimized.FCMacro,IT/System_of_Truth/MicroHydroV1 — SoT_ARCHIVED_20260124/MicroHydroV1/tools/cad/build_all_use_optimized.FCMacro
filled,Implementation/MicroHydroV1 — SoT/MicroHydroV1/tools/optimize/optimize_params.py,IT/System_of_Truth/MicroHydroV1 — SoT/MicroHydroV1/tools/optimize/optimize_params.py
filled,Implementation/MicroHydroV1 — SoT/MicroHydroV1/tools/optimize/opt_config.json,IT/System_of_Truth/MicroHydroV1 — SoT/MicroHydroV1/tools/optimize/opt_config.json
filled,Implementation/MicroHydroV1 — SoT/MicroHydroV1/cad/macros/params.json,IT/System_of_Truth/MicroHydroV1 — SoT/MicroHydroV1/cad/macros/params.json
filled,Implementation/MicroHydroV1 — SoT/MicroHydroV1/cad/macros/README.txt,IT/System_of_Truth/MicroHydroV1 — SoT/MicroHydroV1/cad/macros/README.txt
filled,Implementation/MicroHydroV1 — SoT/MicroHydroV1/cad/macros/build_all.FCMacro,IT/System_of_Truth/MicroHydroV1 — SoT/MicroHydroV1/cad/macros/build_all.FCMacro
filled,Implementation/MicroHydroV1 — SoT/MicroHydroV1/cad/macros/03_VanePacks/build_vanepacks.FCMacro,IT/System_of_Truth/MicroHydroV1 — SoT/MicroHydroV1/cad/macros/03_VanePacks/build_vanepacks.FCMacro
filled,Implementation/MicroHydroV1 — SoT/MicroHydroV1/cad/macros/04_Retainer/build_retainer.FCMacro,IT/System_of_Truth/MicroHydroV1 — SoT/MicroHydroV1/cad/macros/04_Retainer/build_retainer.FCMacro
filled,Implementation/MicroHydroV1 — SoT/MicroHydroV1/cad/macros/scripts/export_batch.FCMacro,IT/System_of_Truth/MicroHydroV1 — SoT/MicroHydroV1/cad/macros/scripts/export_batch.FCMacro
filled,Implementation/MicroHydroV1 — SoT/MicroHydroV1/cad/macros/02_Nozzle/build_nozzle.FCMacro,IT/System_of_Truth/MicroHydroV1 — SoT/MicroHydroV1/cad/macros/02_Nozzle/build_nozzle.FCMacro
filled,Implementation/MicroHydroV1 — SoT/MicroHydroV1/cad/macros/01_Diffuser/build_diffuser.FCMacro,IT/System_of_Truth/MicroHydroV1 — SoT/MicroHydroV1/cad/macros/01_Diffuser/build_diffuser.FCMacro
filled,Implementation/MicroHydroV1 — SoT/MicroHydroV1/cad/macros/Assembly/build_assembly.FCMacro,IT/System_of_Truth/MicroHydroV1 — SoT/MicroHydroV1/cad/macros/Assembly/build_assembly.FCMacro
filled,Implementation/MicroHydroV1 — SoT/MicroHydroV1/cad/params/params.json,IT/System_of_Truth/MicroHydroV1 — SoT/MicroHydroV1/cad/params/params.json
filled,Implementation/MicroHydroV1 — SoT/MicroHydroV1/docs/Master_Index.docx,Archive/Legacy/MASTER_PRODUCTION_PACKAGE 2/Master_Index.docx
filled,Implementation/MicroHydroV1 — SoT/MicroHydroV1/docs/Jet_Coherence_Procedure.docx,Archive/Legacy/MASTER_PRODUCTION_PACKAGE 2/11_Bench_Test_Pack/Jet_Coherence_Test/Jet_Coherence_Procedure.docx
filled,Implementation/MicroHydroV1 — SoT/MicroHydroV1/docs/Test_Campaign_Plan.docx,Archive/Legacy/MASTER_PRODUCTION_PACKAGE 2/Test_Campaign_Plan.docx
filled,Implementation/MicroHydroV1 — SoT/MicroHydroV1/docs/Run_of_Show_Checklist.docx,Archive/Legacy/MASTER_PRODUCTION_PACKAGE 2/Run_of_Show_Checklist.docx
filled,Implementation/MicroHydroV1 — SoT/MicroHydroV1/docs/Tank_Ripple_Procedure.docx,Archive/Legacy/MASTER_PRODUCTION_PACKAGE 2/11_Bench_Test_Pack/Tank_Ripple_Test/Tank_Ripple_Procedure.docx
filled,Implementation/MicroHydroV1 — SoT/MicroHydroV1/docs/architecture_diagram.png,IT/System_of_Truth/MicroHydroV1 — SoT/MicroHydroV1/docs/architecture_diagram.png
filled,Implementation/MicroHydroV1 — SoT/MicroHydroV1/docs/PASS_A_FULL_RevA.docx,Archive/Legacy/MASTER_PRODUCTION_PACKAGE 2/14_Reports/PASS_A_FULL_RevA.docx
filled,Implementation/MicroHydroV1 — SoT/MicroHydroV1/docs/admin/MicroHydroV1_SharePoint_Version_Control_Configuration_Guide_v1.0.docx,Archive/Legacy/MICRO HYDRO NEW/MicroHydroV1_SharePoint_Version_Control_Configuration_Guide_v1.0.docx
filled,Implementation/MicroHydroV1 — SoT/MicroHydroV1/docs/automation/PowerAutomate_Flows_SoT_to_Release.md,IT/System_of_Truth/MicroHydroV1 — SoT_ARCHIVED_20260124/MicroHydroV1/docs/automation/PowerAutomate_Flows_SoT_to_Release.md
filled,Implementation/MicroHydroV1 — SoT/MicroHydroV1/docs/automation/README_DO_ALL.md,IT/System_of_Truth/MicroHydroV1 — SoT_ARCHIVED_20260124/MicroHydroV1/docs/automation/README_DO_ALL.md
filled,Implementation/MicroHydroV1 — SoT/MicroHydroV1/docs/automation/README_Calibration_and_AutoEmbed.md,IT/System_of_Truth/MicroHydroV1 — SoT_ARCHIVED_20260124/MicroHydroV1/docs/automation/README_Calibration_and_AutoEmbed.md
filled,Implementation/MicroHydroV1 — SoT/MicroHydroV1/docs/addons/MANIFEST.json,IT/System_of_Truth/MicroHydroV1 — SoT_ARCHIVED_20260124/MicroHydroV1/docs/addons/MANIFEST.json
filled,Implementation/MicroHydroV1 — SoT/MicroHydroV1/docs/addons/MicroHydroV1_Importer_RunID_Patch_v0.3.0/MANIFEST.json,IT/System_of_Truth/MicroHydroV1 — SoT_ARCHIVED_20260124/MicroHydroV1/docs/addons/MicroHydroV1_Importer_RunID_Patch_v0.3.0/MANIFEST.json
filled,Implementation/MicroHydroV1 — SoT/MicroHydroV1/docs/addons/MicroHydroV1_Importer_RunID_Patch_v0.3.0/MicroHydroV1/automation/import_measurements.py,IT/System_of_Truth/MicroHydroV1 — SoT_ARCHIVED_20260124/MicroHydroV1/docs/addons/MicroHydroV1_Importer_RunID_Patch_v0.3.0/MicroHydroV1/automation/import_measurements.py
filled,Implementation/MicroHydroV1 — SoT/MicroHydroV1/docs/addons/MicroHydroV1_Importer_RunID_Patch_v0.3.0/MicroHydroV1/docs/governance/README_Importer_RunID_Patch.md,IT/System_of_Truth/MicroHydroV1 — SoT/MicroHydroV1/MicroHydroV1_Importer_RunID_Patch_v0.3.0/MicroHydroV1/docs/governance/README_Importer_RunID_Patch.md
filled,Implementation/MicroHydroV1 — SoT/MicroHydroV1/docs/addons/MicroHydroV1_RUN3_AutoFill_Evidence_PLUS_Workbook_v0.3.0/MANIFEST.json,IT/System_of_Truth/MicroHydroV1 — SoT_ARCHIVED_20260124/MicroHydroV1/docs/addons/MicroHydroV1_RUN3_AutoFill_Evidence_PLUS_Workbook_v0.3.0/MANIFEST.json
filled,Implementation/MicroHydroV1 — SoT/MicroHydroV1/docs/addons/MicroHydroV1_RUN3_AutoFill_Evidence_PLUS_Workbook_v0.3.0/MicroHydroV1/tools/plots/plot_t002_psd_peakiness.py,Implementation/MicroHydroV1 — SoT/MicroHydroV1/docs/addons/MicroHydroV1_RUN3_AutoFill_Evidence_RUNID_BASELINE_v0.3.0/MicroHydroV1/tools/plots/plot_t002_psd_peakiness.py
filled,Implementation/MicroHydroV1 — SoT/MicroHydroV1/docs/addons/MicroHydroV1_RUN3_AutoFill_Evidence_PLUS_Workbook_v0.3.0/MicroHydroV1/tools/workflow/autofill_evidence_doc.py,IT/System_of_Truth/MicroHydroV1 — SoT_ARCHIVED_20260124/MicroHydroV1/docs/addons/MicroHydroV1_RUN3_AutoFill_Evidence_PLUS_Workbook_v0.3.0/MicroHydroV1/tools/workflow/autofill_evidence_doc.py
filled,Implementation/MicroHydroV1 — SoT/MicroHydroV1/docs/addons/MicroHydroV1_RUN3_AutoFill_Evidence_PLUS_Workbook_v0.3.0/MicroHydroV1/docs/run3/README_AUTOFILL.md,IT/System_of_Truth/MicroHydroV1 — SoT_ARCHIVED_20260124/MicroHydroV1/docs/addons/MicroHydroV1_RUN3_AutoFill_Evidence_PLUS_Workbook_v0.3.0/MicroHydroV1/docs/run3/README_AUTOFILL.md
filled,Implementation/MicroHydroV1 — SoT/MicroHydroV1/docs/addons/MicroHydroV1_RUN3_AutoFill_Evidence_PLUS_Workbook_v0.3.0/MicroHydroV1/docs/run3/RUN3_Evidence_Template.docx,Implementation/MicroHydroV1 — SoT/MicroHydroV1/docs/addons/MicroHydroV1_RUN3_AutoFill_Evidence_RUNID_BASELINE_v0.3.0/MicroHydroV1/docs/run3/RUN3_Evidence_Template.docx
filled,Implementation/MicroHydroV1 — SoT/MicroHydroV1/docs/addons/zips/MicroHydroV1_DO_ALL_AddOn_v0.3.0 (1).zip,IT/System_of_Truth/MicroHydroV1 — SoT_ARCHIVED_20260124/MicroHydroV1/docs/addons/zips/MicroHydroV1_DO_ALL_AddOn_v0.3.0 (1).zip
filled,Implementation/MicroHydroV1 — SoT/MicroHydroV1/docs/addons/zips/MicroHydroV1_v0.3.0_FULL_LOCKED_PressurePa (1).zip,IT/System_of_Truth/MicroHydroV1 — SoT_ARCHIVED_20260124/MicroHydroV1/docs/addons/zips/MicroHydroV1_v0.3.0_FULL_LOCKED_PressurePa (1).zip
filled,Implementation/MicroHydroV1 — SoT/MicroHydroV1/docs/addons/zips/MicroHydroV1_Calibration_AutoEmbed_AddOn_v0.3.0 (1).zip,IT/System_of_Truth/MicroHydroV1 — SoT_ARCHIVED_20260124/MicroHydroV1/docs/addons/zips/MicroHydroV1_Calibration_AutoEmbed_AddOn_v0.3.0 (1).zip
filled,Implementation/MicroHydroV1 — SoT/MicroHydroV1/docs/addons/zips/MicroHydroV1_RUN3_DoAll_Templates_Plots (1).zip,IT/System_of_Truth/MicroHydroV1 — SoT_ARCHIVED_20260124/MicroHydroV1/docs/addons/zips/MicroHydroV1_RUN3_DoAll_Templates_Plots (1).zip
filled,Implementation/MicroHydroV1 — SoT/MicroHydroV1/docs/addons/zips/MicroHydroV1_RUN3_AutoFill_Evidence_v0.3.0.zip,IT/System_of_Truth/MicroHydroV1 — SoT_ARCHIVED_20260124/MicroHydroV1/docs/addons/zips/MicroHydroV1_RUN3_AutoFill_Evidence_v0.3.0.zip
filled,Implementation/MicroHydroV1 — SoT/MicroHydroV1/docs/addons/zips/MicroHydroV1_RUN3_AutoFill_Evidence_PLUS_Workbook_T002_v0.3.0.zip,IT/System_of_Truth/MicroHydroV1 — SoT_ARCHIVED_20260124/MicroHydroV1/docs/addons/zips/MicroHydroV1_RUN3_AutoFill_Evidence_PLUS_Workbook_T002_v0.3.0.zip
filled,Implementation/MicroHydroV1 — SoT/MicroHydroV1/docs/addons/MicroHydroV1_RUN3_AutoFill_Evidence_RUNID_BASELINE_v0.3.0/MANIFEST.json,IT/System_of_Truth/MicroHydroV1 — SoT_ARCHIVED_20260124/MicroHydroV1/docs/addons/MicroHydroV1_RUN3_AutoFill_Evidence_RUNID_BASELINE_v0.3.0/MANIFEST.json
filled,Implementation/MicroHydroV1 — SoT/MicroHydroV1/docs/addons/MicroHydroV1_RunID_Migrator_v0.3.0/MANIFEST.json,IT/System_of_Truth/MicroHydroV1 — SoT_ARCHIVED_20260124/MicroHydroV1/docs/addons/MicroHydroV1_RunID_Migrator_v0.3.0/MANIFEST.json
filled,Implementation/MicroHydroV1 — SoT/MicroHydroV1/docs/run3/RUN3_Evidence_Template.md,IT/System_of_Truth/MicroHydroV1 — SoT_ARCHIVED_20260124/MicroHydroV1/docs/run3/RUN3_Evidence_Template.md
filled,Implementation/MicroHydroV1 — SoT/MicroHydroV1/docs/run3/RUN3_Operator_Card.md,IT/System_of_Truth/MicroHydroV1 — SoT_ARCHIVED_20260124/MicroHydroV1/docs/run3/RUN3_Operator_Card.md
filled,Implementation/MicroHydroV1 — SoT/MicroHydroV1/docs/run3/RUN3_Evidence_Template.docx,Implementation/MicroHydroV1 — SoT/MicroHydroV1/docs/addons/MicroHydroV1_RUN3_AutoFill_Evidence_RUNID_BASELINE_v0.3.0/MicroHydroV1/docs/run3/RUN3_Evidence_Template.docx
filled,Implementation/MicroHydroV1 — SoT/MicroHydroV1/docs/templates/T002_TankRipple_TimeSeries_Template.csv,IT/System_of_Truth/MicroHydroV1 — SoT_ARCHIVED_20260124/MicroHydroV1/docs/templates/T002_TankRipple_TimeSeries_Template.csv
filled,Implementation/MicroHydroV1 — SoT/MicroHydroV1/docs/templates/PT_Calibration_PressurePa_TimeS_100Hz.xlsx,IT/System_of_Truth/MicroHydroV1 — SoT_ARCHIVED_20260124/MicroHydroV1/docs/templates/PT_Calibration_PressurePa_TimeS_100Hz.xlsx
filled,Implementation/MicroHydroV1 — SoT/MicroHydroV1/docs/templates/T003_ELC_Frequency_TimeSeries_Template.csv,IT/System_of_Truth/MicroHydroV1 — SoT_ARCHIVED_20260124/MicroHydroV1/docs/templates/T003_ELC_Frequency_TimeSeries_Template.csv
filled,Implementation/MicroHydroV1 — SoT/MicroHydroV1/docs/templates/DAQ_Logger_Config_RUN3.xlsx,IT/System_of_Truth/MicroHydroV1 — SoT_ARCHIVED_20260124/MicroHydroV1/docs/templates/DAQ_Logger_Config_RUN3.xlsx
filled,Implementation/MicroHydroV1 — SoT/MicroHydroV1_BACKUP_20260122_005746/MicroHydroV1_DO_ALL_AddOn_v0.3.0 (1).zip,IT/System_of_Truth/MicroHydroV1 — SoT_ARCHIVED_20260124/MicroHydroV1/docs/addons/zips/MicroHydroV1_DO_ALL_AddOn_v0.3.0 (1).zip
filled,Implementation/MicroHydroV1 — SoT/MicroHydroV1_BACKUP_20260122_005746/MicroHydroV1_v0.3.0_FULL_LOCKED_PressurePa (1).zip,IT/System_of_Truth/MicroHydroV1 — SoT_ARCHIVED_20260124/MicroHydroV1/docs/addons/zips/MicroHydroV1_v0.3.0_FULL_LOCKED_PressurePa (1).zip
filled,Implementation/MicroHydroV1 — SoT/MicroHydroV1_BACKUP_20260122_005746/MicroHydroV1_Calibration_AutoEmbed_AddOn_v0.3.0 (1).zip,IT/System_of_Truth/MicroHydroV1 — SoT_ARCHIVED_20260124/MicroHydroV1/docs/addons/zips/MicroHydroV1_Calibration_AutoEmbed_AddOn_v0.3.0 (1).zip
filled,Implementation/MicroHydroV1 — SoT/MicroHydroV1_BACKUP_20260122_005746/README.md,IT/System_of_Truth/MicroHydroV1 — SoT/MicroHydroV1_BACKUP_20260122_005746/README.md
filled,Implementation/MicroHydroV1 — SoT/MicroHydroV1_BACKUP_20260122_005746/MicroHydroV1_RUN3_DoAll_Templates_Plots (1).zip,IT/System_of_Truth/MicroHydroV1 — SoT_ARCHIVED_20260124/MicroHydroV1/docs/addons/zips/MicroHydroV1_RUN3_DoAll_Templates_Plots (1).zip
filled,Implementation/MicroHydroV1 — SoT/MicroHydroV1_BACKUP_20260122_005746/MicroHydroV1_RUN3_AutoFill_Evidence_v0.3.0.zip,IT/System_of_Truth/MicroHydroV1 — SoT_ARCHIVED_20260124/MicroHydroV1/docs/addons/zips/MicroHydroV1_RUN3_AutoFill_Evidence_v0.3.0.zip
filled,Implementation/MicroHydroV1 — SoT/MicroHydroV1_BACKUP_20260122_005746/MicroHydroV1_RUN3_AutoFill_Evidence_PLUS_Workbook_T002_v0.3.0.zip,IT/System_of_Truth/MicroHydroV1 — SoT_ARCHIVED_20260124/MicroHydroV1/docs/addons/zips/MicroHydroV1_RUN3_AutoFill_Evidence_PLUS_Workbook_T002_v0.3.0.zip
filled,Implementation/MicroHydroV1 — SoT/MicroHydroV1_BACKUP_20260122_005746/MicroHydroV1_SharePoint_Version_Control_Configuration_Guide_v1.0.docx,Archive/Legacy/MICRO HYDRO NEW/MicroHydroV1_SharePoint_Version_Control_Configuration_Guide_v1.0.docx
filled,Implementation/MicroHydroV1 — SoT/MicroHydroV1_BACKUP_20260122_005746/MANIFEST.json,IT/System_of_Truth/MicroHydroV1 — SoT/MicroHydroV1_BACKUP_20260122_005746/MANIFEST.json
filled,Implementation/MicroHydroV1 — SoT/MicroHydroV1_BACKUP_20260122_005746/MicroHydroV1_Importer_RunID_Patch_v0.3.0/MANIFEST.json,IT/System_of_Truth/MicroHydroV1 — SoT/MicroHydroV1_BACKUP_20260122_005746/MicroHydroV1_Importer_RunID_Patch_v0.3.0/MANIFEST.json
filled,Implementation/MicroHydroV1 — SoT/MicroHydroV1_BACKUP_20260122_005746/MicroHydroV1_Importer_RunID_Patch_v0.3.0/MicroHydroV1/automation/import_measurements.py,IT/System_of_Truth/MicroHydroV1 — SoT/MicroHydroV1_BACKUP_20260122_005746/MicroHydroV1_Importer_RunID_Patch_v0.3.0/MicroHydroV1/automation/import_measurements.py
filled,Implementation/MicroHydroV1 — SoT/MicroHydroV1_BACKUP_20260122_005746/MicroHydroV1_Importer_RunID_Patch_v0.3.0/MicroHydroV1/docs/governance/README_Importer_RunID_Patch.md,IT/System_of_Truth/MicroHydroV1 — SoT/MicroHydroV1/MicroHydroV1_Importer_RunID_Patch_v0.3.0/MicroHydroV1/docs/governance/README_Importer_RunID_Patch.md
filled,Implementation/MicroHydroV1 — SoT/MicroHydroV1_BACKUP_20260122_005746/automation/Measurements_Import_Template.csv,Archive/Legacy/MASTER_PRODUCTION_PACKAGE/MASTER_PRODUCTION_PACKAGE/Measurements_Import_Template.csv
filled,Implementation/MicroHydroV1 — SoT/MicroHydroV1_BACKUP_20260122_005746/automation/MicroHydroV1_RnD_Export.xlsx,Archive/Legacy/MASTER_PRODUCTION_PACKAGE/MASTER_PRODUCTION_PACKAGE/MicroHydroV1_/03_Data/RnD_Workbook/MicroHydroV1_RnD_Export.xlsx
filled,Implementation/MicroHydroV1 — SoT/MicroHydroV1_BACKUP_20260122_005746/automation/Import_Config.json,IT/System_of_Truth/MicroHydroV1 — SoT/MicroHydroV1_BACKUP_20260122_005746/automation/Import_Config.json
filled,Implementation/MicroHydroV1 — SoT/MicroHydroV1_BACKUP_20260122_005746/MicroHydroV1_RUN3_AutoFill_Evidence_PLUS_Workbook_v0.3.0/MANIFEST.json,IT/System_of_Truth/MicroHydroV1 — SoT/MicroHydroV1_BACKUP_20260122_005746/MicroHydroV1_RUN3_AutoFill_Evidence_PLUS_Workbook_v0.3.0/MANIFEST.json
filled,Implementation/MicroHydroV1 — SoT/MicroHydroV1_BACKUP_20260122_005746/MicroHydroV1_RUN3_AutoFill_Evidence_PLUS_Workbook_v0.3.0/MicroHydroV1/tools/plots/plot_t002_psd_peakiness.py,Implementation/MicroHydroV1 — SoT/MicroHydroV1/docs/addons/MicroHydroV1_RUN3_AutoFill_Evidence_RUNID_BASELINE_v0.3.0/MicroHydroV1/tools/plots/plot_t002_psd_peakiness.py
filled,Implementation/MicroHydroV1 — SoT/MicroHydroV1_BACKUP_20260122_005746/MicroHydroV1_RUN3_AutoFill_Evidence_PLUS_Workbook_v0.3.0/MicroHydroV1/tools/workflow/autofill_evidence_doc.py,IT/System_of_Truth/MicroHydroV1 — SoT/MicroHydroV1_BACKUP_20260122_005746/MicroHydroV1_RUN3_AutoFill_Evidence_PLUS_Workbook_v0.3.0/MicroHydroV1/tools/workflow/autofill_evidence_doc.py
filled,Implementation/MicroHydroV1 — SoT/MicroHydroV1_BACKUP_20260122_005746/MicroHydroV1_RUN3_AutoFill_Evidence_PLUS_Workbook_v0.3.0/MicroHydroV1/docs/run3/README_AUTOFILL.md,IT/System_of_Truth/MicroHydroV1 — SoT/MicroHydroV1_BACKUP_20260122_005746/MicroHydroV1_RUN3_AutoFill_Evidence_PLUS_Workbook_v0.3.0/MicroHydroV1/docs/run3/README_AUTOFILL.md
filled,Implementation/MicroHydroV1 — SoT/MicroHydroV1_BACKUP_20260122_005746/MicroHydroV1_RUN3_AutoFill_Evidence_PLUS_Workbook_v0.3.0/MicroHydroV1/docs/run3/RUN3_Evidence_Template.docx,Implementation/MicroHydroV1 — SoT/MicroHydroV1/docs/addons/MicroHydroV1_RUN3_AutoFill_Evidence_RUNID_BASELINE_v0.3.0/MicroHydroV1/docs/run3/RUN3_Evidence_Template.docx
filled,Implementation/MicroHydroV1 — SoT/MicroHydroV1_BACKUP_20260122_005746/tools/run_pipeline.py,IT/System_of_Truth/MicroHydroV1 — SoT/MicroHydroV1/tools/run_pipeline.py
filled,Implementation/MicroHydroV1 — SoT/MicroHydroV1_BACKUP_20260122_005746/tools/release/make_release.py,IT/System_of_Truth/MicroHydroV1 — SoT/MicroHydroV1_BACKUP_20260122_005746/tools/release/make_release.py
filled,Implementation/MicroHydroV1 — SoT/MicroHydroV1_BACKUP_20260122_005746/tools/validate/validate_repo.py,IT/System_of_Truth/MicroHydroV1 — SoT/MicroHydroV1_BACKUP_20260122_005746/tools/validate/validate_repo.py
filled,Implementation/MicroHydroV1 — SoT/MicroHydroV1_BACKUP_20260122_005746/tools/optimize/optimize_params.py,IT/System_of_Truth/MicroHydroV1 — SoT/MicroHydroV1_BACKUP_20260122_005746/tools/optimize/optimize_params.py
filled,Implementation/MicroHydroV1 — SoT/MicroHydroV1_BACKUP_20260122_005746/tools/optimize/opt_config.json,IT/System_of_Truth/MicroHydroV1 — SoT/MicroHydroV1/tools/optimize/opt_config.json
filled,Implementation/MicroHydroV1 — SoT/MicroHydroV1_BACKUP_20260122_005746/cad/macros/params.json,IT/System_of_Truth/MicroHydroV1 — SoT/MicroHydroV1_BACKUP_20260122_005746/cad/macros/params.json
filled,Implementation/MicroHydroV1 — SoT/MicroHydroV1_BACKUP_20260122_005746/cad/macros/README.txt,IT/System_of_Truth/MicroHydroV1 — SoT/MicroHydroV1_BACKUP_20260122_005746/cad/macros/README.txt
filled,Implementation/MicroHydroV1 — SoT/MicroHydroV1_BACKUP_20260122_005746/cad/macros/build_all.FCMacro,IT/System_of_Truth/MicroHydroV1 — SoT/MicroHydroV1_BACKUP_20260122_005746/cad/macros/build_all.FCMacro
filled,Implementation/MicroHydroV1 — SoT/MicroHydroV1_BACKUP_20260122_005746/cad/macros/03_VanePacks/build_vanepacks.FCMacro,IT/System_of_Truth/MicroHydroV1 — SoT/MicroHydroV1_BACKUP_20260122_005746/cad/macros/03_VanePacks/build_vanepacks.FCMacro
filled,Implementation/MicroHydroV1 — SoT/MicroHydroV1_BACKUP_20260122_005746/cad/macros/04_Retainer/build_retainer.FCMacro,IT/System_of_Truth/MicroHydroV1 — SoT/MicroHydroV1_BACKUP_20260122_005746/cad/macros/04_Retainer/build_retainer.FCMacro
filled,Implementation/MicroHydroV1 — SoT/MicroHydroV1_BACKUP_20260122_005746/cad/macros/scripts/export_batch.FCMacro,IT/System_of_Truth/MicroHydroV1 — SoT/MicroHydroV1_BACKUP_20260122_005746/cad/macros/scripts/export_batch.FCMacro
filled,Implementation/MicroHydroV1 — SoT/MicroHydroV1_BACKUP_20260122_005746/cad/macros/02_Nozzle/build_nozzle.FCMacro,IT/System_of_Truth/MicroHydroV1 — SoT/MicroHydroV1_BACKUP_20260122_005746/cad/macros/02_Nozzle/build_nozzle.FCMacro
filled,Implementation/MicroHydroV1 — SoT/MicroHydroV1_BACKUP_20260122_005746/cad/macros/01_Diffuser/build_diffuser.FCMacro,IT/System_of_Truth/MicroHydroV1 — SoT/MicroHydroV1_BACKUP_20260122_005746/cad/macros/01_Diffuser/build_diffuser.FCMacro
filled,Implementation/MicroHydroV1 — SoT/MicroHydroV1_BACKUP_20260122_005746/cad/macros/Assembly/build_assembly.FCMacro,IT/System_of_Truth/MicroHydroV1 — SoT/MicroHydroV1_BACKUP_20260122_005746/cad/macros/Assembly/build_assembly.FCMacro
filled,Implementation/MicroHydroV1 — SoT/MicroHydroV1_BACKUP_20260122_005746/cad/params/params.json,IT/System_of_Truth/MicroHydroV1 — SoT/MicroHydroV1_BACKUP_20260122_005746/cad/params/params.json
filled,Implementation/MicroHydroV1 — SoT/MicroHydroV1_BACKUP_20260122_005746/docs/Master_Index.docx,Archive/Legacy/MASTER_PRODUCTION_PACKAGE 2/Master_Index.docx
filled,Implementation/MicroHydroV1 — SoT/MicroHydroV1_BACKUP_20260122_005746/docs/Jet_Coherence_Procedure.docx,Archive/Legacy/MASTER_PRODUCTION_PACKAGE 2/11_Bench_Test_Pack/Jet_Coherence_Test/Jet_Coherence_Procedure.docx
filled,Implementation/MicroHydroV1 — SoT/MicroHydroV1_BACKUP_20260122_005746/docs/Test_Campaign_Plan.docx,Archive/Legacy/MASTER_PRODUCTION_PACKAGE 2/Test_Campaign_Plan.docx
filled,Implementation/MicroHydroV1 — SoT/MicroHydroV1_BACKUP_20260122_005746/docs/Run_of_Show_Checklist.docx,Archive/Legacy/MASTER_PRODUCTION_PACKAGE 2/Run_of_Show_Checklist.docx
filled,Implementation/MicroHydroV1 — SoT/MicroHydroV1_BACKUP_20260122_005746/docs/Tank_Ripple_Procedure.docx,Archive/Legacy/MASTER_PRODUCTION_PACKAGE 2/11_Bench_Test_Pack/Tank_Ripple_Test/Tank_Ripple_Procedure.docx
filled,Implementation/MicroHydroV1 — SoT/MicroHydroV1_BACKUP_20260122_005746/docs/architecture_diagram.png,IT/System_of_Truth/MicroHydroV1 — SoT/MicroHydroV1/docs/architecture_diagram.png
filled,Implementation/MicroHydroV1 — SoT/MicroHydroV1_BACKUP_20260122_005746/docs/PASS_A_FULL_RevA.docx,Archive/Legacy/MASTER_PRODUCTION_PACKAGE 2/14_Reports/PASS_A_FULL_RevA.docx
filled,Implementation/MicroHydroV1 — SoT/MicroHydroV1_BACKUP_20260122_005746/MicroHydroV1_RUN3_AutoFill_Evidence_RUNID_BASELINE_v0.3.0/MANIFEST.json,IT/System_of_Truth/MicroHydroV1 — SoT/MicroHydroV1_BACKUP_20260122_005746/MicroHydroV1_RUN3_AutoFill_Evidence_RUNID_BASELINE_v0.3.0/MANIFEST.json
filled,Implementation/MicroHydroV1 — SoT/MicroHydroV1_BACKUP_20260122_005746/MicroHydroV1_RUN3_AutoFill_Evidence_RUNID_BASELINE_v0.3.0/MicroHydroV1/tools/plots/plot_t002_psd_peakiness.py,Implementation/MicroHydroV1 — SoT/MicroHydroV1/docs/addons/MicroHydroV1_RUN3_AutoFill_Evidence_RUNID_BASELINE_v0.3.0/MicroHydroV1/tools/plots/plot_t002_psd_peakiness.py
filled,Implementation/MicroHydroV1 — SoT/MicroHydroV1_BACKUP_20260122_005746/MicroHydroV1_RUN3_AutoFill_Evidence_RUNID_BASELINE_v0.3.0/MicroHydroV1/tools/workflow/autofill_evidence_doc.py,IT/System_of_Truth/MicroHydroV1 — SoT/MicroHydroV1_BACKUP_20260122_005746/MicroHydroV1_RUN3_AutoFill_Evidence_RUNID_BASELINE_v0.3.0/MicroHydroV1/tools/workflow/autofill_evidence_doc.py
filled,Implementation/MicroHydroV1 — SoT/MicroHydroV1_BACKUP_20260122_005746/MicroHydroV1_RUN3_AutoFill_Evidence_RUNID_BASELINE_v0.3.0/MicroHydroV1/docs/run3/README_AUTOFILL.md,IT/System_of_Truth/MicroHydroV1 — SoT/MicroHydroV1_BACKUP_20260122_005746/MicroHydroV1_RUN3_AutoFill_Evidence_RUNID_BASELINE_v0.3.0/MicroHydroV1/docs/run3/README_AUTOFILL.md
filled,Implementation/MicroHydroV1 — SoT/MicroHydroV1_BACKUP_20260122_005746/MicroHydroV1_RUN3_AutoFill_Evidence_RUNID_BASELINE_v0.3.0/MicroHydroV1/docs/run3/RUN3_Evidence_Template.docx,Implementation/MicroHydroV1 — SoT/MicroHydroV1/docs/addons/MicroHydroV1_RUN3_AutoFill_Evidence_RUNID_BASELINE_v0.3.0/MicroHydroV1/docs/run3/RUN3_Evidence_Template.docx
filled,Implementation/MicroHydroV1 — SoT/MicroHydroV1_BACKUP_20260122_005746/MicroHydroV1_RunID_Migrator_v0.3.0/MANIFEST.json,IT/System_of_Truth/MicroHydroV1 — SoT/MicroHydroV1_BACKUP_20260122_005746/MicroHydroV1_RunID_Migrator_v0.3.0/MANIFEST.json
filled,Implementation/MicroHydroV1 — SoT/MicroHydroV1_BACKUP_20260122_005746/MicroHydroV1_RunID_Migrator_v0.3.0/MicroHydroV1/tools/workflow/migrate_add_run_id.py,Implementation/MicroHydroV1 — SoT/MicroHydroV1/docs/addons/MicroHydroV1_RunID_Migrator_v0.3.0/MicroHydroV1/tools/workflow/migrate_add_run_id.py
filled,Implementation/MicroHydroV1 — SoT/MicroHydroV1_BACKUP_20260122_005746/MicroHydroV1_RunID_Migrator_v0.3.0/MicroHydroV1/docs/governance/README_RunID_Migration.md,Implementation/MicroHydroV1 — SoT/MicroHydroV1/docs/addons/MicroHydroV1_RunID_Migrator_v0.3.0/MicroHydroV1/docs/governance/README_RunID_Migration.md
filled,Implementation/MicroHydroV1_Shapr3D_Import/Parts/Nozzle_9mm.step,Product/Reference_Models/MicroHydroV1_Shapr3D_Import/Parts/Nozzle_9mm.step
filled,Implementation/MicroHydroV1_Shapr3D_Import/Parts/VanePack_20deg.step,Product/Reference_Models/MicroHydroV1_Shapr3D_Import/Parts/VanePack_20deg.step
filled,Implementation/MicroHydroV1_Shapr3D_Import/Parts/FullAssembly.step,Product/Reference_Models/MicroHydroV1_Shapr3D_Import/Parts/FullAssembly.step
filled,Implementation/MicroHydroV1_Shapr3D_Import/Parts/RetainerCap.step,Product/Reference_Models/MicroHydroV1_Shapr3D_Import/Parts/RetainerCap.step
filled,Implementation/MicroHydroV1_Shapr3D_Import/Parts/VanePack_10deg.step,Product/Reference_Models/MicroHydroV1_Shapr3D_Import/Parts/VanePack_10deg.step
filled,Implementation/MicroHydroV1_Shapr3D_Import/Parts/VanePack_30deg.step,Product/Reference_Models/MicroHydroV1_Shapr3D_Import/Parts/VanePack_30deg.step
filled,Implementation/MicroHydroV1_Shapr3D_Import/Parts/Diffuser.step,Product/Reference_Models/MicroHydroV1_Shapr3D_Import/Parts/Diffuser.step
filled,Implementation/MicroHydroV1 — Releases/MicroHydroV1_SharePoint_Version_Control_Configuration_Guide_v1.0 (1).docx,Product/Releases/MicroHydroV1_Work/MasterIntegrated_Output/01_SharePoint_Libraries/MicroHydroV1 — Releases/MicroHydroV1_SharePoint_Version_Control_Configuration_Guide_v1.0 (1).docx
filled,Implementation/MicroHydroV1_Shapr3D_ReferenceModel_v2/Docs/Parametric_Values.md,Product/Reference_Models/MicroHydroV1_Shapr3D_ReferenceModel_v2/Docs/Parametric_Values.md
filled,Implementation/MicroHydroV1_Shapr3D_ReferenceModel_v2/Docs/Shapr3D_Build_Guide.md,Product/Reference_Models/MicroHydroV1_Shapr3D_ReferenceModel_v2/Docs/Shapr3D_Build_Guide.md
filled,Implementation/MicroHydroV1_Shapr3D_ReferenceModel_v2/STL_Reference/Nozzle_Reference.stl,Product/Reference_Models/MicroHydroV1_Shapr3D_ReferenceModel_v2/STL_Reference/Nozzle_Reference.stl
filled,Implementation/MicroHydroV1_Shapr3D_ReferenceModel_v2/STL_Reference/RetainerCap_HoleTools.stl,Product/Reference_Models/MicroHydroV1_Shapr3D_ReferenceModel_v2/STL_Reference/RetainerCap_HoleTools.stl
filled,Implementation/MicroHydroV1_Shapr3D_ReferenceModel_v2/STL_Reference/VanePack_Reference_12x.stl,Product/Reference_Models/MicroHydroV1_Shapr3D_ReferenceModel_v2/STL_Reference/VanePack_Reference_12x.stl
filled,Implementation/MicroHydroV1_Shapr3D_ReferenceModel_v2/STL_Reference/RetainerCap_Reference_NO_HOLES.stl,Product/Reference_Models/MicroHydroV1_Shapr3D_ReferenceModel_v2/STL_Reference/RetainerCap_Reference_NO_HOLES.stl
filled,Implementation/MicroHydroV1_Shapr3D_ReferenceModel_v2/STL_Reference/Diffuser_Reference.stl,Product/Reference_Models/MicroHydroV1_Shapr3D_ReferenceModel_v2/STL_Reference/Diffuser_Reference.stl
filled,Implementation/MicroHydroV1_Shapr3D_ReferenceModel_v2/DXF_R12/Diffuser_Profile_Revolve_HyperbolicLike.dxf,Product/Reference_Models/MicroHydroV1_Shapr3D_ReferenceModel_v2/DXF_R12/Diffuser_Profile_Revolve_HyperbolicLike.dxf
filled,Implementation/MicroHydroV1_Shapr3D_ReferenceModel_v2/DXF_R12/VanePack_Sketch_30deg.dxf,Product/Reference_Models/MicroHydroV1_Shapr3D_ReferenceModel_v2/DXF_R12/VanePack_Sketch_30deg.dxf
filled,Implementation/MicroHydroV1_Shapr3D_ReferenceModel_v2/DXF_R12/Nozzle_Profile_Revolve.dxf,Product/Reference_Models/MicroHydroV1_Shapr3D_ReferenceModel_v2/DXF_R12/Nozzle_Profile_Revolve.dxf
filled,Implementation/MicroHydroV1_Shapr3D_ReferenceModel_v2/DXF_R12/VanePack_Sketch_20deg.dxf,Product/Reference_Models/MicroHydroV1_Shapr3D_ReferenceModel_v2/DXF_R12/VanePack_Sketch_20deg.dxf
filled,Implementation/MicroHydroV1_Shapr3D_ReferenceModel_v2/DXF_R12/RetainerCap_Sketch.dxf,Product/Reference_Models/MicroHydroV1_Shapr3D_ReferenceModel_v2/DXF_R12/RetainerCap_Sketch.dxf
filled,Implementation/MicroHydroV1_Shapr3D_ReferenceModel_v2/DXF_R12/VanePack_Sketch_10deg.dxf,Product/Reference_Models/MicroHydroV1_Shapr3D_ReferenceModel_v2/DXF_R12/VanePack_Sketch_10deg.dxf
filled,Research/MASTER_PRODUCTION_PACKAGE 2/index.html.docx,Archive/Legacy/MASTER_PRODUCTION_PACKAGE 2/index.html.docx
filled,Research/MASTER_PRODUCTION_PACKAGE 2/README.md.docx,Archive/Legacy/MASTER_PRODUCTION_PACKAGE 2/README.md.docx
filled,Research/MASTER_PRODUCTION_PACKAGE 2/Master_Index.docx,Archive/Legacy/MASTER_PRODUCTION_PACKAGE 2/Master_Index.docx
filled,Research/MASTER_PRODUCTION_PACKAGE 2/MicroHydroV1_Tank_Ripple_Test_Procedure_WITH_TOC.docx,Archive/Legacy/MASTER_PRODUCTION_PACKAGE/MicroHydroV1_CAD Archive/MicroHydroV1_Tank_Ripple_Test_Procedure_WITH_TOC.docx
filled,Research/MASTER_PRODUCTION_PACKAGE 2/MicroHydroV1_RnD_Export_SYNTH.xlsx,Archive/Legacy/MASTER_PRODUCTION_PACKAGE/MASTER_PRODUCTION_PACKAGE/MicroHydroV1_/03_Data/RnD_Workbook/MicroHydroV1_RnD_Export_SYNTH.xlsx
filled,Research/MASTER_PRODUCTION_PACKAGE 2/MicroHydroV1_StageB_Package.zip,Archive/Legacy/MASTER_PRODUCTION_PACKAGE/MASTER_PRODUCTION_PACKAGE/MicroHydroV1_/09_Packages/original/MicroHydroV1_StageB_Package.zip
filled,Research/MASTER_PRODUCTION_PACKAGE 2/Refinement_Prompts.docx,Archive/Legacy/MASTER_PRODUCTION_PACKAGE 2/Refinement_Prompts.docx
filled,Research/MASTER_PRODUCTION_PACKAGE 2/Test_Campaign_Plan.docx,Archive/Legacy/MASTER_PRODUCTION_PACKAGE 2/Test_Campaign_Plan.docx
filled,Research/MASTER_PRODUCTION_PACKAGE 2/Run_of_Show_Checklist.docx,Archive/Legacy/MASTER_PRODUCTION_PACKAGE 2/Run_of_Show_Checklist.docx
filled,Research/MASTER_PRODUCTION_PACKAGE 2/README_IMPORT.md,Archive/Legacy/MASTER_PRODUCTION_PACKAGE 2/README_IMPORT.md
filled,Research/MASTER_PRODUCTION_PACKAGE 2/Measurements_Import_Template.csv,Archive/Legacy/MASTER_PRODUCTION_PACKAGE/MASTER_PRODUCTION_PACKAGE/Measurements_Import_Template.csv
filled,Research/MASTER_PRODUCTION_PACKAGE 2/MASTER_PASS_A_Document.docx,Archive/Legacy/MASTER_PRODUCTION_PACKAGE 2/MASTER_PASS_A_Document.docx
filled,Research/MASTER_PRODUCTION_PACKAGE 2/MicroHydroV1_RnD_Export (1).xlsx,Archive/Legacy/MASTER_PRODUCTION_PACKAGE/MASTER_PRODUCTION_PACKAGE/MicroHydroV1_/03_Data/RnD_Workbook/MicroHydroV1_RnD_Export (1).xlsx
filled,Research/MASTER_PRODUCTION_PACKAGE 2/MicroHydroV1_RnD_Export.xlsx,Archive/Legacy/MASTER_PRODUCTION_PACKAGE/MASTER_PRODUCTION_PACKAGE/MicroHydroV1_/03_Data/RnD_Workbook/MicroHydroV1_RnD_Export.xlsx
filled,Research/MASTER_PRODUCTION_PACKAGE 2/Stakeholder_Presentation.pptx,Archive/Legacy/MASTER_PRODUCTION_PACKAGE 2/Stakeholder_Presentation.pptx
filled,Research/MASTER_PRODUCTION_PACKAGE 2/08_Electrical_Control_Unit/ELC_Frequency_Response.xlsx,Archive/Legacy/MASTER_PRODUCTION_PACKAGE/MASTER_PRODUCTION_PACKAGE/08_Electrical_Control_Unit/ELC_Frequency_Response.xlsx
filled,Research/MASTER_PRODUCTION_PACKAGE 2/08_Electrical_Control_Unit/ELC_Inverter_Tuning_RUN2.docx,Archive/Legacy/MASTER_PRODUCTION_PACKAGE 2/08_Electrical_Control_Unit/ELC_Inverter_Tuning_RUN2.docx
filled,Research/MASTER_PRODUCTION_PACKAGE 2/11_Bench_Test_Pack/Bench_Test_Results_Summary.docx,Archive/Legacy/MASTER_PRODUCTION_PACKAGE 2/11_Bench_Test_Pack/Bench_Test_Results_Summary.docx
filled,Research/MASTER_PRODUCTION_PACKAGE 2/11_Bench_Test_Pack/Results_Intake_Template.xlsx,Archive/Legacy/MASTER_PRODUCTION_PACKAGE/MASTER_PRODUCTION_PACKAGE/11_Bench_Test_Pack/Results_Intake_Template.xlsx
filled,Research/MASTER_PRODUCTION_PACKAGE 2/11_Bench_Test_Pack/Bench_Test_Tracker.xlsx,Archive/Legacy/MASTER_PRODUCTION_PACKAGE/MASTER_PRODUCTION_PACKAGE/11_Bench_Test_Pack/Bench_Test_Tracker.xlsx
filled,Research/MASTER_PRODUCTION_PACKAGE 2/11_Bench_Test_Pack/Jet_Coherence_Test/Jet_Coherence_Procedure.docx,Archive/Legacy/MASTER_PRODUCTION_PACKAGE 2/11_Bench_Test_Pack/Jet_Coherence_Test/Jet_Coherence_Procedure.docx
filled,Research/MASTER_PRODUCTION_PACKAGE 2/11_Bench_Test_Pack/Jet_Coherence_Test/Jet_Coherence_Datasheet.xlsx,Archive/Legacy/MASTER_PRODUCTION_PACKAGE/MASTER_PRODUCTION_PACKAGE/11_Bench_Test_Pack/Jet_Coherence_Test/Jet_Coherence_Datasheet.xlsx
filled,Research/MASTER_PRODUCTION_PACKAGE 2/11_Bench_Test_Pack/Jet_Coherence_Test/Jet_Coherence_Imaging_Notes.docx,Archive/Legacy/MASTER_PRODUCTION_PACKAGE 2/11_Bench_Test_Pack/Jet_Coherence_Test/Jet_Coherence_Imaging_Notes.docx
filled,Research/MASTER_PRODUCTION_PACKAGE 2/11_Bench_Test_Pack/Tank_Ripple_Test/Tank_Ripple_Datasheet.xlsx,Archive/Legacy/MASTER_PRODUCTION_PACKAGE/MASTER_PRODUCTION_PACKAGE/11_Bench_Test_Pack/Tank_Ripple_Test/Tank_Ripple_Datasheet.xlsx
filled,Research/MASTER_PRODUCTION_PACKAGE 2/11_Bench_Test_Pack/Tank_Ripple_Test/Tank_Ripple_Procedure.docx,Archive/Legacy/MASTER_PRODUCTION_PACKAGE 2/11_Bench_Test_Pack/Tank_Ripple_Test/Tank_Ripple_Procedure.docx
filled,Research/MASTER_PRODUCTION_PACKAGE 2/11_Bench_Test_Pack/Tank_Ripple_Test/Tank_Ripple_Sensor_Mounting.svg.docx,Archive/Legacy/MASTER_PRODUCTION_PACKAGE 2/11_Bench_Test_Pack/Tank_Ripple_Test/Tank_Ripple_Sensor_Mounting.svg.docx
filled,Research/MASTER_PRODUCTION_PACKAGE 2/02_Targeted_Design_RnD/Requirements_Traceabillity.docx,Archive/Legacy/MASTER_PRODUCTION_PACKAGE 2/02_Targeted_Design_RnD/Requirements_Traceabillity.docx
filled,Research/MASTER_PRODUCTION_PACKAGE 2/02_Targeted_Design_RnD/STW_Design_vNext.docx,Archive/Legacy/MASTER_PRODUCTION_PACKAGE 2/02_Targeted_Design_RnD/STW_Design_vNext.docx
filled,Research/MASTER_PRODUCTION_PACKAGE 2/02_Targeted_Design_RnD/STW_Design_Matrix_PASSB.docx,Archive/Legacy/MASTER_PRODUCTION_PACKAGE 2/02_Targeted_Design_RnD/STW_Design_Matrix_PASSB.docx
filled,Research/MASTER_PRODUCTION_PACKAGE 2/14_Reports/Design_vNext_Readout_FULL.docx,Archive/Legacy/MASTER_PRODUCTION_PACKAGE 2/14_Reports/Design_vNext_Readout_FULL.docx
filled,Research/MASTER_PRODUCTION_PACKAGE 2/14_Reports/RUN2_Comapre_PhiWeights.docx,Archive/Legacy/MASTER_PRODUCTION_PACKAGE 2/14_Reports/RUN2_Comapre_PhiWeights.docx
filled,Research/MASTER_PRODUCTION_PACKAGE 2/14_Reports/RUN2_Summary.docx,Archive/Legacy/MASTER_PRODUCTION_PACKAGE 2/14_Reports/RUN2_Summary.docx
filled,Research/MASTER_PRODUCTION_PACKAGE 2/14_Reports/Program_Readout_Executive_Summary.docx,Archive/Legacy/MASTER_PRODUCTION_PACKAGE 2/14_Reports/Program_Readout_Executive_Summary.docx
filled,Research/MASTER_PRODUCTION_PACKAGE 2/14_Reports/StageB_TestPlan.txt,Archive/Legacy/MASTER_PRODUCTION_PACKAGE 2/14_Reports/StageB_TestPlan.txt
filled,Research/MASTER_PRODUCTION_PACKAGE 2/14_Reports/PASS_A_FULL_RevA.docx,Archive/Legacy/MASTER_PRODUCTION_PACKAGE 2/14_Reports/PASS_A_FULL_RevA.docx
filled,Research/MASTER_PRODUCTION_PACKAGE 2/14_Reports/PASS_A_FULL_Populated_v2.docx,Archive/Legacy/MASTER_PRODUCTION_PACKAGE 2/14_Reports/PASS_A_FULL_Populated_v2.docx
filled,Research/MASTER_PRODUCTION_PACKAGE 2/14_Reports/PASS_A_FULL.docx,Archive/Legacy/MASTER_PRODUCTION_PACKAGE 2/14_Reports/PASS_A_FULL.docx
filled,Research/MASTER_PRODUCTION_PACKAGE 2/06_Penstock_Flow_Unit/PENSTOCK_Selection_RUN2.docx,Archive/Legacy/MASTER_PRODUCTION_PACKAGE 2/06_Penstock_Flow_Unit/PENSTOCK_Selection_RUN2.docx
filled,Research/MASTER_PRODUCTION_PACKAGE 2/06_Penstock_Flow_Unit/PENSTOCK_FLOW_DATA.xlsx,Archive/Legacy/MASTER_PRODUCTION_PACKAGE/MASTER_PRODUCTION_PACKAGE/06_Penstock_Flow_Unit/PENSTOCK_FLOW_DATA.xlsx
filled,Research/MASTER_PRODUCTION_PACKAGE 2/05_Tank_Hydraulics_Unit/TANK_Inlet_Comparison_RUN2.docx,Archive/Legacy/MASTER_PRODUCTION_PACKAGE 2/05_Tank_Hydraulics_Unit/TANK_Inlet_Comparison_RUN2.docx
filled,Research/MASTER_PRODUCTION_PACKAGE 2/12_Patents/Schauberger_Summaries.docx,Archive/Legacy/MASTER_PRODUCTION_PACKAGE 2/12_Patents/Schauberger_Summaries.docx
filled,Research/MASTER_PRODUCTION_PACKAGE 2/12_Patents/Patent_Index.xlsx,Archive/Legacy/MASTER_PRODUCTION_PACKAGE/MASTER_PRODUCTION_PACKAGE/12_Patents/Patent_Index.xlsx
filled,Research/MASTER_PRODUCTION_PACKAGE 2/12_Patents/Winter_Summaries.docx,Archive/Legacy/MASTER_PRODUCTION_PACKAGE 2/12_Patents/Winter_Summaries.docx
filled,Research/MASTER_PRODUCTION_PACKAGE 2/12_Patents/Tesla_Summaries.docx,Archive/Legacy/MASTER_PRODUCTION_PACKAGE 2/12_Patents/Tesla_Summaries.docx
filled,Research/MASTER_PRODUCTION_PACKAGE 2/12_Patents/PATENT_PASSB_Full.docx,Archive/Legacy/MASTER_PRODUCTION_PACKAGE 2/12_Patents/PATENT_PASSB_Full.docx
filled,Research/MASTER_PRODUCTION_PACKAGE 2/04_Hydram_Research_Unit/HYDRAM_RUN2_Overview.docx,Archive/Legacy/MASTER_PRODUCTION_PACKAGE 2/04_Hydram_Research_Unit/HYDRAM_RUN2_Overview.docx
filled,Research/MASTER_PRODUCTION_PACKAGE 2/07_Turbine_Optimization_Unit/NOZZLE_Sweep_RUN2.docx,Archive/Legacy/MASTER_PRODUCTION_PACKAGE 2/07_Turbine_Optimization_Unit/NOZZLE_Sweep_RUN2.docx
filled,Research/MASTER_PRODUCTION_PACKAGE 2/07_Turbine_Optimization_Unit/NOZZLE_DATA_RUN2.xlsx,Archive/Legacy/MASTER_PRODUCTION_PACKAGE/MASTER_PRODUCTION_PACKAGE/07_Turbine_Optimization_Unit/NOZZLE_DATA_RUN2.xlsx
filled,Research/MASTER_PRODUCTION_PACKAGE 2/10_Design_VNext/MicroHydroV1_Design_vNext_Readout_Stages_A-D.docx,Archive/Legacy/MASTER_PRODUCTION_PACKAGE 2/10_Design_VNext/MicroHydroV1_Design_vNext_Readout_Stages_A-D.docx
filled,Research/MASTER_PRODUCTION_PACKAGE 2/10_Design_VNext/02_Nozzle_9mm_PreSwirl/Nozzle_9mm_PreSwirl_Drawing.svg.docx,Archive/Legacy/MASTER_PRODUCTION_PACKAGE 2/10_Design_VNext/02_Nozzle_9mm_PreSwirl/Nozzle_9mm_PreSwirl_Drawing.svg.docx
filled,Research/MASTER_PRODUCTION_PACKAGE 2/10_Design_VNext/02_Nozzle_9mm_PreSwirl/Nozzle_PreSwirl_BOM.xlsx,Archive/Legacy/MASTER_PRODUCTION_PACKAGE/MASTER_PRODUCTION_PACKAGE/10_Design_VNext/02_Nozzle_9mm_PreSwirl/Nozzle_PreSwirl_BOM.xlsx
filled,Research/MASTER_PRODUCTION_PACKAGE 2/10_Design_VNext/02_Nozzle_9mm_PreSwirl/Nozzle_9mm_PreSwirl_Design.docx,Archive/Legacy/MASTER_PRODUCTION_PACKAGE 2/10_Design_VNext/02_Nozzle_9mm_PreSwirl/Nozzle_9mm_PreSwirl_Design.docx
filled,Research/MASTER_PRODUCTION_PACKAGE 2/10_Design_VNext/02_Nozzle_9mm_PreSwirl/Engineering_Rational_Nozzle_9mm_.docx,Archive/Legacy/MASTER_PRODUCTION_PACKAGE 2/10_Design_VNext/02_Nozzle_9mm_PreSwirl/Engineering_Rational_Nozzle_9mm_.docx
filled,Research/MASTER_PRODUCTION_PACKAGE 2/10_Design_VNext/01_Tank_Inlet_Hyperbolic/Hyperbolic_Inlet_BOM.xlsx,Archive/Legacy/MASTER_PRODUCTION_PACKAGE/MASTER_PRODUCTION_PACKAGE/10_Design_VNext/01_Tank_Inlet_Hyperbolic/Hyperbolic_Inlet_BOM.xlsx
filled,Research/MASTER_PRODUCTION_PACKAGE 2/10_Design_VNext/01_Tank_Inlet_Hyperbolic/Engineering_Rationale_Hyperbolic_Inlet.docx,Archive/Legacy/MASTER_PRODUCTION_PACKAGE 2/10_Design_VNext/01_Tank_Inlet_Hyperbolic/Engineering_Rationale_Hyperbolic_Inlet.docx
filled,Research/MASTER_PRODUCTION_PACKAGE 2/10_Design_VNext/01_Tank_Inlet_Hyperbolic/Hyperbolic_Inlet_Drawing.svg.docx,Archive/Legacy/MASTER_PRODUCTION_PACKAGE 2/10_Design_VNext/01_Tank_Inlet_Hyperbolic/Hyperbolic_Inlet_Drawing.svg.docx
filled,Research/MASTER_PRODUCTION_PACKAGE 2/10_Design_VNext/01_Tank_Inlet_Hyperbolic/Hyberbolic_Inlet_Design.docx,Archive/Legacy/MASTER_PRODUCTION_PACKAGE 2/10_Design_VNext/01_Tank_Inlet_Hyperbolic/Hyberbolic_Inlet_Design.docx
filled,Research/MASTER_PRODUCTION_PACKAGE 2/09_Intergrated_System_Modeling/INTEGRATED_RUN2.docx,Archive/Legacy/MASTER_PRODUCTION_PACKAGE 2/09_Intergrated_System_Modeling/INTEGRATED_RUN2.docx
filled,Research/MASTER_PRODUCTION_PACKAGE 2/09_Intergrated_System_Modeling/System_Architecture.md.docx,Archive/Legacy/MASTER_PRODUCTION_PACKAGE 2/09_Intergrated_System_Modeling/System_Architecture.md.docx
filled,Research/MASTER_PRODUCTION_PACKAGE 2/09_Intergrated_System_Modeling/INTEGRATED_RUN2_Data.xlsx,Archive/Legacy/MASTER_PRODUCTION_PACKAGE/MASTER_PRODUCTION_PACKAGE/09_Intergrated_System_Modeling/INTEGRATED_RUN2_Data.xlsx
filled,Research/Visionary_Intelligence/CHANGELOG.md,Product/Change_Logs/CHANGELOG.md
filled,Research/RnD_Additional/index.html.docx,Archive/Legacy/MASTER_PRODUCTION_PACKAGE 2/index.html.docx
filled,Research/RnD_Additional/README.md.docx,Archive/Legacy/MASTER_PRODUCTION_PACKAGE 2/README.md.docx
filled,Research/RnD_Additional/Master_Index.docx,Archive/Legacy/MASTER_PRODUCTION_PACKAGE 2/Master_Index.docx
filled,Research/RnD_Additional/Refinement_Prompts.docx,Archive/Legacy/MASTER_PRODUCTION_PACKAGE 2/Refinement_Prompts.docx
filled,Research/RnD_Additional/Test_Campaign_Plan.docx,Archive/Legacy/MASTER_PRODUCTION_PACKAGE 2/Test_Campaign_Plan.docx
filled,Research/RnD_Additional/Run_of_Show_Checklist.docx,Archive/Legacy/MASTER_PRODUCTION_PACKAGE 2/Run_of_Show_Checklist.docx
filled,Research/RnD_Additional/README_IMPORT.md,Archive/Legacy/MASTER_PRODUCTION_PACKAGE 2/README_IMPORT.md
filled,Research/RnD_Additional/Measurements_Import_Template.csv,Archive/Legacy/MASTER_PRODUCTION_PACKAGE/MASTER_PRODUCTION_PACKAGE/Measurements_Import_Template.csv
filled,Research/RnD_Additional/MASTER_PASS_A_Document.docx,Archive/Legacy/MASTER_PRODUCTION_PACKAGE 2/MASTER_PASS_A_Document.docx
filled,Research/RnD_Additional/Stakeholder_Presentation.pptx,Archive/Legacy/MASTER_PRODUCTION_PACKAGE 2/Stakeholder_Presentation.pptx
filled,Research/RnD_Additional/08_Electrical_Control_Unit/ELC_Frequency_Response.xlsx,Archive/Legacy/MASTER_PRODUCTION_PACKAGE/MASTER_PRODUCTION_PACKAGE/08_Electrical_Control_Unit/ELC_Frequency_Response.xlsx
filled,Research/RnD_Additional/08_Electrical_Control_Unit/ELC_Inverter_Tuning_RUN2.docx,Archive/Legacy/MASTER_PRODUCTION_PACKAGE 2/08_Electrical_Control_Unit/ELC_Inverter_Tuning_RUN2.docx
filled,Research/RnD_Additional/11_Bench_Test_Pack/Bench_Test_Results_Summary.docx,Archive/Legacy/MASTER_PRODUCTION_PACKAGE 2/11_Bench_Test_Pack/Bench_Test_Results_Summary.docx
filled,Research/RnD_Additional/11_Bench_Test_Pack/Results_Intake_Template.xlsx,Archive/Legacy/MASTER_PRODUCTION_PACKAGE/MASTER_PRODUCTION_PACKAGE/11_Bench_Test_Pack/Results_Intake_Template.xlsx
filled,Research/RnD_Additional/11_Bench_Test_Pack/Bench_Test_Tracker.xlsx,Archive/Legacy/MASTER_PRODUCTION_PACKAGE/MASTER_PRODUCTION_PACKAGE/11_Bench_Test_Pack/Bench_Test_Tracker.xlsx
filled,Research/RnD_Additional/11_Bench_Test_Pack/Jet_Coherence_Test/Jet_Coherence_Procedure.docx,Archive/Legacy/MASTER_PRODUCTION_PACKAGE 2/11_Bench_Test_Pack/Jet_Coherence_Test/Jet_Coherence_Procedure.docx
filled,Research/RnD_Additional/11_Bench_Test_Pack/Jet_Coherence_Test/Jet_Coherence_Datasheet.xlsx,Archive/Legacy/MASTER_PRODUCTION_PACKAGE/MASTER_PRODUCTION_PACKAGE/11_Bench_Test_Pack/Jet_Coherence_Test/Jet_Coherence_Datasheet.xlsx
filled,Research/RnD_Additional/11_Bench_Test_Pack/Jet_Coherence_Test/Jet_Coherence_Imaging_Notes.docx,Archive/Legacy/MASTER_PRODUCTION_PACKAGE 2/11_Bench_Test_Pack/Jet_Coherence_Test/Jet_Coherence_Imaging_Notes.docx
filled,Research/RnD_Additional/11_Bench_Test_Pack/Tank_Ripple_Test/Tank_Ripple_Datasheet.xlsx,Archive/Legacy/MASTER_PRODUCTION_PACKAGE/MASTER_PRODUCTION_PACKAGE/11_Bench_Test_Pack/Tank_Ripple_Test/Tank_Ripple_Datasheet.xlsx
filled,Research/RnD_Additional/11_Bench_Test_Pack/Tank_Ripple_Test/Tank_Ripple_Procedure.docx,Archive/Legacy/MASTER_PRODUCTION_PACKAGE 2/11_Bench_Test_Pack/Tank_Ripple_Test/Tank_Ripple_Procedure.docx
filled,Research/RnD_Additional/11_Bench_Test_Pack/Tank_Ripple_Test/Tank_Ripple_Sensor_Mounting.svg.docx,Archive/Legacy/MASTER_PRODUCTION_PACKAGE 2/11_Bench_Test_Pack/Tank_Ripple_Test/Tank_Ripple_Sensor_Mounting.svg.docx
filled,Research/RnD_Additional/02_Targeted_Design_RnD/Requirements_Traceabillity.docx,Archive/Legacy/MASTER_PRODUCTION_PACKAGE 2/02_Targeted_Design_RnD/Requirements_Traceabillity.docx
filled,Research/RnD_Additional/02_Targeted_Design_RnD/STW_Design_vNext.docx,Archive/Legacy/MASTER_PRODUCTION_PACKAGE 2/02_Targeted_Design_RnD/STW_Design_vNext.docx
filled,Research/RnD_Additional/02_Targeted_Design_RnD/STW_Design_Matrix_PASSB.docx,Archive/Legacy/MASTER_PRODUCTION_PACKAGE 2/02_Targeted_Design_RnD/STW_Design_Matrix_PASSB.docx
filled,Research/RnD_Additional/14_Reports/Design_vNext_Readout_FULL.docx,Archive/Legacy/MASTER_PRODUCTION_PACKAGE 2/14_Reports/Design_vNext_Readout_FULL.docx
filled,Research/RnD_Additional/14_Reports/RUN2_Comapre_PhiWeights.docx,Archive/Legacy/MASTER_PRODUCTION_PACKAGE 2/14_Reports/RUN2_Comapre_PhiWeights.docx
filled,Research/RnD_Additional/14_Reports/RUN2_Summary.docx,Archive/Legacy/MASTER_PRODUCTION_PACKAGE 2/14_Reports/RUN2_Summary.docx
filled,Research/RnD_Additional/14_Reports/Program_Readout_Executive_Summary.docx,Archive/Legacy/MASTER_PRODUCTION_PACKAGE 2/14_Reports/Program_Readout_Executive_Summary.docx
filled,Research/RnD_Additional/14_Reports/StageB_TestPlan.txt,Archive/Legacy/MASTER_PRODUCTION_PACKAGE 2/14_Reports/StageB_TestPlan.txt
filled,Research/RnD_Additional/14_Reports/PASS_A_FULL_RevA.docx,Archive/Legacy/MASTER_PRODUCTION_PACKAGE 2/14_Reports/PASS_A_FULL_RevA.docx
filled,Research/RnD_Additional/14_Reports/PASS_A_FULL_Populated_v2.docx,Archive/Legacy/MASTER_PRODUCTION_PACKAGE 2/14_Reports/PASS_A_FULL_Populated_v2.docx
filled,Research/RnD_Additional/14_Reports/PASS_A_FULL.docx,Archive/Legacy/MASTER_PRODUCTION_PACKAGE 2/14_Reports/PASS_A_FULL.docx
filled,Research/RnD_Additional/06_Penstock_Flow_Unit/PENSTOCK_Selection_RUN2.docx,Archive/Legacy/MASTER_PRODUCTION_PACKAGE 2/06_Penstock_Flow_Unit/PENSTOCK_Selection_RUN2.docx
filled,Research/RnD_Additional/06_Penstock_Flow_Unit/PENSTOCK_FLOW_DATA.xlsx,Archive/Legacy/MASTER_PRODUCTION_PACKAGE/MASTER_PRODUCTION_PACKAGE/06_Penstock_Flow_Unit/PENSTOCK_FLOW_DATA.xlsx
filled,Research/RnD_Additional/05_Tank_Hydraulics_Unit/TANK_Inlet_Comparison_RUN2.docx,Archive/Legacy/MASTER_PRODUCTION_PACKAGE 2/05_Tank_Hydraulics_Unit/TANK_Inlet_Comparison_RUN2.docx
filled,Research/RnD_Additional/12_Patents/Schauberger_Summaries.docx,Archive/Legacy/MASTER_PRODUCTION_PACKAGE 2/12_Patents/Schauberger_Summaries.docx
filled,Research/RnD_Additional/12_Patents/Patent_Index.xlsx,Archive/Legacy/MASTER_PRODUCTION_PACKAGE/MASTER_PRODUCTION_PACKAGE/12_Patents/Patent_Index.xlsx
filled,Research/RnD_Additional/12_Patents/Winter_Summaries.docx,Archive/Legacy/MASTER_PRODUCTION_PACKAGE 2/12_Patents/Winter_Summaries.docx
filled,Research/RnD_Additional/12_Patents/Tesla_Summaries.docx,Archive/Legacy/MASTER_PRODUCTION_PACKAGE 2/12_Patents/Tesla_Summaries.docx
filled,Research/RnD_Additional/12_Patents/PATENT_PASSB_Full.docx,Archive/Legacy/MASTER_PRODUCTION_PACKAGE 2/12_Patents/PATENT_PASSB_Full.docx
filled,Research/RnD_Additional/04_Hydram_Research_Unit/HYDRAM_RUN2_Overview.docx,Archive/Legacy/MASTER_PRODUCTION_PACKAGE 2/04_Hydram_Research_Unit/HYDRAM_RUN2_Overview.docx
filled,Research/RnD_Additional/07_Turbine_Optimization_Unit/NOZZLE_Sweep_RUN2.docx,Archive/Legacy/MASTER_PRODUCTION_PACKAGE 2/07_Turbine_Optimization_Unit/NOZZLE_Sweep_RUN2.docx
filled,Research/RnD_Additional/07_Turbine_Optimization_Unit/NOZZLE_DATA_RUN2.xlsx,Archive/Legacy/MASTER_PRODUCTION_PACKAGE/MASTER_PRODUCTION_PACKAGE/07_Turbine_Optimization_Unit/NOZZLE_DATA_RUN2.xlsx
filled,Research/RnD_Additional/10_Design_VNext/MicroHydroV1_Design_vNext_Readout_Stages_A-D.docx,Archive/Legacy/MASTER_PRODUCTION_PACKAGE 2/10_Design_VNext/MicroHydroV1_Design_vNext_Readout_Stages_A-D.docx
filled,Research/RnD_Additional/10_Design_VNext/02_Nozzle_9mm_PreSwirl/Nozzle_9mm_PreSwirl_Drawing.svg.docx,Archive/Legacy/MASTER_PRODUCTION_PACKAGE 2/10_Design_VNext/02_Nozzle_9mm_PreSwirl/Nozzle_9mm_PreSwirl_Drawing.svg.docx
filled,Research/RnD_Additional/10_Design_VNext/02_Nozzle_9mm_PreSwirl/Nozzle_PreSwirl_BOM.xlsx,Archive/Legacy/MASTER_PRODUCTION_PACKAGE/MASTER_PRODUCTION_PACKAGE/10_Design_VNext/02_Nozzle_9mm_PreSwirl/Nozzle_PreSwirl_BOM.xlsx
filled,Research/RnD_Additional/10_Design_VNext/02_Nozzle_9mm_PreSwirl/Nozzle_9mm_PreSwirl_Design.docx,Archive/Legacy/MASTER_PRODUCTION_PACKAGE 2/10_Design_VNext/02_Nozzle_9mm_PreSwirl/Nozzle_9mm_PreSwirl_Design.docx
filled,Research/RnD_Additional/10_Design_VNext/02_Nozzle_9mm_PreSwirl/Engineering_Rational_Nozzle_9mm_.docx,Archive/Legacy/MASTER_PRODUCTION_PACKAGE 2/10_Design_VNext/02_Nozzle_9mm_PreSwirl/Engineering_Rational_Nozzle_9mm_.docx
filled,Research/RnD_Additional/10_Design_VNext/01_Tank_Inlet_Hyperbolic/Hyperbolic_Inlet_BOM.xlsx,Archive/Legacy/MASTER_PRODUCTION_PACKAGE/MASTER_PRODUCTION_PACKAGE/10_Design_VNext/01_Tank_Inlet_Hyperbolic/Hyperbolic_Inlet_BOM.xlsx
filled,Research/RnD_Additional/10_Design_VNext/01_Tank_Inlet_Hyperbolic/Engineering_Rationale_Hyperbolic_Inlet.docx,Archive/Legacy/MASTER_PRODUCTION_PACKAGE 2/10_Design_VNext/01_Tank_Inlet_Hyperbolic/Engineering_Rationale_Hyperbolic_Inlet.docx
filled,Research/RnD_Additional/10_Design_VNext/01_Tank_Inlet_Hyperbolic/Hyperbolic_Inlet_Drawing.svg.docx,Archive/Legacy/MASTER_PRODUCTION_PACKAGE 2/10_Design_VNext/01_Tank_Inlet_Hyperbolic/Hyperbolic_Inlet_Drawing.svg.docx
filled,Research/RnD_Additional/10_Design_VNext/01_Tank_Inlet_Hyperbolic/Hyberbolic_Inlet_Design.docx,Archive/Legacy/MASTER_PRODUCTION_PACKAGE 2/10_Design_VNext/01_Tank_Inlet_Hyperbolic/Hyberbolic_Inlet_Design.docx
filled,Research/RnD_Additional/09_Intergrated_System_Modeling/INTEGRATED_RUN2.docx,Archive/Legacy/MASTER_PRODUCTION_PACKAGE 2/09_Intergrated_System_Modeling/INTEGRATED_RUN2.docx
filled,Research/RnD_Additional/09_Intergrated_System_Modeling/System_Architecture.md.docx,Archive/Legacy/MASTER_PRODUCTION_PACKAGE 2/09_Intergrated_System_Modeling/System_Architecture.md.docx
filled,Research/RnD_Additional/09_Intergrated_System_Modeling/INTEGRATED_RUN2_Data.xlsx,Archive/Legacy/MASTER_PRODUCTION_PACKAGE/MASTER_PRODUCTION_PACKAGE/09_Intergrated_System_Modeling/INTEGRATED_RUN2_Data.xlsx
filled,99_Operations/Visionary_Intelligence/CHANGELOG.md,Product/Change_Logs/CHANGELOG.md
filled,scripts/tools/microhydro_master_integrator.py,Product/Releases/MicroHydroV1_Work/MasterIntegrated_Output/05_Tools/microhydro_master_integrator.py
filled,scripts/tools/policy_config.json,Product/Releases/MicroHydroV1_Work/MasterIntegrated_Output/05_Tools/policy_config.json
filled,Engineering/Tests/Data/StageB_DataLog_Synthetic.csv,Archive/Legacy/MASTER_PRODUCTION_PACKAGE/MASTER_PRODUCTION_PACKAGE/MicroHydroV1_/03_Data/intake_raw/StageB_DataLog_Synthetic.csv
filled,Engineering/MicroHydroV1/MicroHydroV1_SharePoint_Version_Control_Configuration_Guide_v1.0.docx,Archive/Legacy/MICRO HYDRO NEW/MicroHydroV1_SharePoint_Version_Control_Configuration_Guide_v1.0.docx
filled,Engineering/MicroHydroV1/MicroHydroV1_Importer_RunID_Patch_v0.3.0/MANIFEST.json,IT/System_of_Truth/MicroHydroV1 — SoT/MicroHydroV1/MicroHydroV1_Importer_RunID_Patch_v0.3.0/MANIFEST.json
filled,Engineering/MicroHydroV1/MicroHydroV1_Importer_RunID_Patch_v0.3.0/MicroHydroV1/automation/import_measurements.py,IT/System_of_Truth/MicroHydroV1 — SoT/MicroHydroV1/MicroHydroV1_Importer_RunID_Patch_v0.3.0/MicroHydroV1/automation/import_measurements.py
filled,Engineering/MicroHydroV1/MicroHydroV1_Importer_RunID_Patch_v0.3.0/MicroHydroV1/docs/governance/README_Importer_RunID_Patch.md,IT/System_of_Truth/MicroHydroV1 — SoT/MicroHydroV1/MicroHydroV1_Importer_RunID_Patch_v0.3.0/MicroHydroV1/docs/governance/README_Importer_RunID_Patch.md
filled,Engineering/MicroHydroV1/automation/Measurements_Import_Template.csv,Archive/Legacy/MASTER_PRODUCTION_PACKAGE/MASTER_PRODUCTION_PACKAGE/Measurements_Import_Template.csv
filled,Engineering/MicroHydroV1/automation/MicroHydroV1_RnD_Export.xlsx,Archive/Legacy/MASTER_PRODUCTION_PACKAGE/MASTER_PRODUCTION_PACKAGE/MicroHydroV1_/03_Data/RnD_Workbook/MicroHydroV1_RnD_Export.xlsx
filled,Engineering/MicroHydroV1/automation/Import_Config.json,IT/System_of_Truth/MicroHydroV1 — SoT/MicroHydroV1/automation/Import_Config.json
filled,Engineering/MicroHydroV1/MicroHydroV1_RUN3_AutoFill_Evidence_PLUS_Workbook_v0.3.0/MANIFEST.json,IT/System_of_Truth/MicroHydroV1 — SoT/MicroHydroV1/MicroHydroV1_RUN3_AutoFill_Evidence_PLUS_Workbook_v0.3.0/MANIFEST.json
filled,Engineering/MicroHydroV1/MicroHydroV1_RUN3_AutoFill_Evidence_PLUS_Workbook_v0.3.0/MicroHydroV1/tools/plots/plot_t002_psd_peakiness.py,Implementation/MicroHydroV1 — SoT/MicroHydroV1/docs/addons/MicroHydroV1_RUN3_AutoFill_Evidence_RUNID_BASELINE_v0.3.0/MicroHydroV1/tools/plots/plot_t002_psd_peakiness.py
filled,Engineering/MicroHydroV1/MicroHydroV1_RUN3_AutoFill_Evidence_PLUS_Workbook_v0.3.0/MicroHydroV1/tools/workflow/autofill_evidence_doc.py,IT/System_of_Truth/MicroHydroV1 — SoT/MicroHydroV1/MicroHydroV1_RUN3_AutoFill_Evidence_PLUS_Workbook_v0.3.0/MicroHydroV1/tools/workflow/autofill_evidence_doc.py
filled,Engineering/MicroHydroV1/MicroHydroV1_RUN3_AutoFill_Evidence_PLUS_Workbook_v0.3.0/MicroHydroV1/docs/run3/README_AUTOFILL.md,IT/System_of_Truth/MicroHydroV1 — SoT/MicroHydroV1/MicroHydroV1_RUN3_AutoFill_Evidence_PLUS_Workbook_v0.3.0/MicroHydroV1/docs/run3/README_AUTOFILL.md
filled,Engineering/MicroHydroV1/MicroHydroV1_RUN3_AutoFill_Evidence_PLUS_Workbook_v0.3.0/MicroHydroV1/docs/run3/RUN3_Evidence_Template.docx,Implementation/MicroHydroV1 — SoT/MicroHydroV1/docs/addons/MicroHydroV1_RUN3_AutoFill_Evidence_RUNID_BASELINE_v0.3.0/MicroHydroV1/docs/run3/RUN3_Evidence_Template.docx
filled,Engineering/MicroHydroV1/tools/run_pipeline.py,IT/System_of_Truth/MicroHydroV1 — SoT/MicroHydroV1/tools/run_pipeline.py
filled,Engineering/MicroHydroV1/tools/plots/plot_t002_psd_peakiness.py,Implementation/MicroHydroV1 — SoT/MicroHydroV1/docs/addons/MicroHydroV1_RUN3_AutoFill_Evidence_RUNID_BASELINE_v0.3.0/MicroHydroV1/tools/plots/plot_t002_psd_peakiness.py
filled,Engineering/MicroHydroV1/tools/release/make_release.py,IT/System_of_Truth/MicroHydroV1 — SoT/MicroHydroV1/tools/release/make_release.py
filled,Engineering/MicroHydroV1/tools/workflow/run_closed_loop.py,IT/System_of_Truth/MicroHydroV1 — SoT_ARCHIVED_20260124/MicroHydroV1/tools/workflow/run_closed_loop.py
filled,Engineering/MicroHydroV1/tools/cad/apply_optimized_params.py,IT/System_of_Truth/MicroHydroV1 — SoT_ARCHIVED_20260124/MicroHydroV1/tools/cad/apply_optimized_params.py
filled,Engineering/MicroHydroV1/tools/cad/build_all_use_optimized.FCMacro,IT/System_of_Truth/MicroHydroV1 — SoT_ARCHIVED_20260124/MicroHydroV1/tools/cad/build_all_use_optimized.FCMacro
filled,Engineering/MicroHydroV1/tools/optimize/opt_config.json,IT/System_of_Truth/MicroHydroV1 — SoT/MicroHydroV1/tools/optimize/opt_config.json
filled,Engineering/MicroHydroV1/cad/macros/params.json,IT/System_of_Truth/MicroHydroV1 — SoT/MicroHydroV1/cad/macros/params.json
filled,Engineering/MicroHydroV1/cad/macros/README.txt,IT/System_of_Truth/MicroHydroV1 — SoT/MicroHydroV1/cad/macros/README.txt
filled,Engineering/MicroHydroV1/cad/macros/build_all.FCMacro,IT/System_of_Truth/MicroHydroV1 — SoT/MicroHydroV1/cad/macros/build_all.FCMacro
filled,Engineering/MicroHydroV1/cad/macros/03_VanePacks/build_vanepacks.FCMacro,IT/System_of_Truth/MicroHydroV1 — SoT/MicroHydroV1/cad/macros/03_VanePacks/build_vanepacks.FCMacro
filled,Engineering/MicroHydroV1/cad/macros/04_Retainer/build_retainer.FCMacro,IT/System_of_Truth/MicroHydroV1 — SoT/MicroHydroV1/cad/macros/04_Retainer/build_retainer.FCMacro
filled,Engineering/MicroHydroV1/cad/macros/scripts/export_batch.FCMacro,IT/System_of_Truth/MicroHydroV1 — SoT/MicroHydroV1/cad/macros/scripts/export_batch.FCMacro
filled,Engineering/MicroHydroV1/cad/macros/02_Nozzle/build_nozzle.FCMacro,IT/System_of_Truth/MicroHydroV1 — SoT/MicroHydroV1/cad/macros/02_Nozzle/build_nozzle.FCMacro
filled,Engineering/MicroHydroV1/cad/macros/01_Diffuser/build_diffuser.FCMacro,IT/System_of_Truth/MicroHydroV1 — SoT/MicroHydroV1/cad/macros/01_Diffuser/build_diffuser.FCMacro
filled,Engineering/MicroHydroV1/cad/macros/Assembly/build_assembly.FCMacro,IT/System_of_Truth/MicroHydroV1 — SoT/MicroHydroV1/cad/macros/Assembly/build_assembly.FCMacro
filled,Engineering/MicroHydroV1/cad/params/params.json,IT/System_of_Truth/MicroHydroV1 — SoT/MicroHydroV1/cad/params/params.json
filled,Engineering/MicroHydroV1/docs/Master_Index.docx,Archive/Legacy/MASTER_PRODUCTION_PACKAGE 2/Master_Index.docx
filled,Engineering/MicroHydroV1/docs/Jet_Coherence_Procedure.docx,Archive/Legacy/MASTER_PRODUCTION_PACKAGE 2/11_Bench_Test_Pack/Jet_Coherence_Test/Jet_Coherence_Procedure.docx
filled,Engineering/MicroHydroV1/docs/Test_Campaign_Plan.docx,Archive/Legacy/MASTER_PRODUCTION_PACKAGE 2/Test_Campaign_Plan.docx
filled,Engineering/MicroHydroV1/docs/Run_of_Show_Checklist.docx,Archive/Legacy/MASTER_PRODUCTION_PACKAGE 2/Run_of_Show_Checklist.docx
filled,Engineering/MicroHydroV1/docs/Tank_Ripple_Procedure.docx,Archive/Legacy/MASTER_PRODUCTION_PACKAGE 2/11_Bench_Test_Pack/Tank_Ripple_Test/Tank_Ripple_Procedure.docx
filled,Engineering/MicroHydroV1/docs/architecture_diagram.png,IT/System_of_Truth/MicroHydroV1 — SoT/MicroHydroV1/docs/architecture_diagram.png
filled,Engineering/MicroHydroV1/docs/PASS_A_FULL_RevA.docx,Archive/Legacy/MASTER_PRODUCTION_PACKAGE 2/14_Reports/PASS_A_FULL_RevA.docx
filled,Engineering/MicroHydroV1/docs/automation/PowerAutomate_Flows_SoT_to_Release.md,IT/System_of_Truth/MicroHydroV1 — SoT_ARCHIVED_20260124/MicroHydroV1/docs/automation/PowerAutomate_Flows_SoT_to_Release.md
filled,Engineering/MicroHydroV1/docs/automation/README_DO_ALL.md,IT/System_of_Truth/MicroHydroV1 — SoT_ARCHIVED_20260124/MicroHydroV1/docs/automation/README_DO_ALL.md
filled,Engineering/MicroHydroV1/docs/automation/README_Calibration_and_AutoEmbed.md,IT/System_of_Truth/MicroHydroV1 — SoT_ARCHIVED_20260124/MicroHydroV1/docs/automation/README_Calibration_and_AutoEmbed.md
filled,Engineering/MicroHydroV1/docs/run3/RUN3_Evidence_Template.md,IT/System_of_Truth/MicroHydroV1 — SoT_ARCHIVED_20260124/MicroHydroV1/docs/run3/RUN3_Evidence_Template.md
filled,Engineering/MicroHydroV1/docs/run3/RUN3_Operator_Card.md,IT/System_of_Truth/MicroHydroV1 — SoT_ARCHIVED_20260124/MicroHydroV1/docs/run3/RUN3_Operator_Card.md
filled,Engineering/MicroHydroV1/docs/run3/RUN3_Evidence_Template.docx,Implementation/MicroHydroV1 — SoT/MicroHydroV1/docs/addons/MicroHydroV1_RUN3_AutoFill_Evidence_RUNID_BASELINE_v0.3.0/MicroHydroV1/docs/run3/RUN3_Evidence_Template.docx
filled,Engineering/MicroHydroV1/docs/templates/T002_TankRipple_TimeSeries_Template.csv,IT/System_of_Truth/MicroHydroV1 — SoT_ARCHIVED_20260124/MicroHydroV1/docs/templates/T002_TankRipple_TimeSeries_Template.csv
filled,Engineering/MicroHydroV1/docs/templates/PT_Calibration_PressurePa_TimeS_100Hz.xlsx,IT/System_of_Truth/MicroHydroV1 — SoT_ARCHIVED_20260124/MicroHydroV1/docs/templates/PT_Calibration_PressurePa_TimeS_100Hz.xlsx
filled,Engineering/MicroHydroV1/docs/templates/T003_ELC_Frequency_TimeSeries_Template.csv,IT/System_of_Truth/MicroHydroV1 — SoT_ARCHIVED_20260124/MicroHydroV1/docs/templates/T003_ELC_Frequency_TimeSeries_Template.csv
filled,Engineering/MicroHydroV1/docs/templates/DAQ_Logger_Config_RUN3.xlsx,IT/System_of_Truth/MicroHydroV1 — SoT_ARCHIVED_20260124/MicroHydroV1/docs/templates/DAQ_Logger_Config_RUN3.xlsx
filled,Engineering/MicroHydroV1/MicroHydroV1_RUN3_AutoFill_Evidence_RUNID_BASELINE_v0.3.0/MANIFEST.json,IT/System_of_Truth/MicroHydroV1 — SoT/MicroHydroV1/MicroHydroV1_RUN3_AutoFill_Evidence_RUNID_BASELINE_v0.3.0/MANIFEST.json
filled,Engineering/MicroHydroV1/MicroHydroV1_RUN3_AutoFill_Evidence_RUNID_BASELINE_v0.3.0/MicroHydroV1/tools/plots/plot_t002_psd_peakiness.py,Implementation/MicroHydroV1 — SoT/MicroHydroV1/docs/addons/MicroHydroV1_RUN3_AutoFill_Evidence_RUNID_BASELINE_v0.3.0/MicroHydroV1/tools/plots/plot_t002_psd_peakiness.py
filled,Engineering/MicroHydroV1/MicroHydroV1_RUN3_AutoFill_Evidence_RUNID_BASELINE_v0.3.0/MicroHydroV1/tools/workflow/autofill_evidence_doc.py,IT/System_of_Truth/MicroHydroV1 — SoT/MicroHydroV1/MicroHydroV1_RUN3_AutoFill_Evidence_RUNID_BASELINE_v0.3.0/MicroHydroV1/tools/workflow/autofill_evidence_doc.py
filled,Engineering/MicroHydroV1/MicroHydroV1_RUN3_AutoFill_Evidence_RUNID_BASELINE_v0.3.0/MicroHydroV1/docs/run3/README_AUTOFILL.md,IT/System_of_Truth/MicroHydroV1 — SoT/MicroHydroV1/MicroHydroV1_RUN3_AutoFill_Evidence_RUNID_BASELINE_v0.3.0/MicroHydroV1/docs/run3/README_AUTOFILL.md
filled,Engineering/MicroHydroV1/MicroHydroV1_RUN3_AutoFill_Evidence_RUNID_BASELINE_v0.3.0/MicroHydroV1/docs/run3/RUN3_Evidence_Template.docx,Implementation/MicroHydroV1 — SoT/MicroHydroV1/docs/addons/MicroHydroV1_RUN3_AutoFill_Evidence_RUNID_BASELINE_v0.3.0/MicroHydroV1/docs/run3/RUN3_Evidence_Template.docx
filled,Engineering/MicroHydroV1/MicroHydroV1_RunID_Migrator_v0.3.0/MANIFEST.json,IT/System_of_Truth/MicroHydroV1 — SoT/MicroHydroV1/MicroHydroV1_RunID_Migrator_v0.3.0/MANIFEST.json
filled,Engineering/MicroHydroV1/MicroHydroV1_RunID_Migrator_v0.3.0/MicroHydroV1/tools/workflow/migrate_add_run_id.py,Implementation/MicroHydroV1 — SoT/MicroHydroV1/docs/addons/MicroHydroV1_RunID_Migrator_v0.3.0/MicroHydroV1/tools/workflow/migrate_add_run_id.py
filled,Engineering/MicroHydroV1/MicroHydroV1_RunID_Migrator_v0.3.0/MicroHydroV1/docs/governance/README_RunID_Migration.md,Implementation/MicroHydroV1 — SoT/MicroHydroV1/docs/addons/MicroHydroV1_RunID_Migrator_v0.3.0/MicroHydroV1/docs/governance/README_RunID_Migration.md
filled,Engineering/CAD/MicroHydroV1_CAD Archive/MicroHydroV1_Tank_Ripple_Test_Procedure_WITH_TOC.docx,Archive/Legacy/MASTER_PRODUCTION_PACKAGE/MicroHydroV1_CAD Archive/MicroHydroV1_Tank_Ripple_Test_Procedure_WITH_TOC.docx
filled,Engineering/CAD/MicroHydroV1_CAD Archive/MicroHydroV1_RnD_Export_SYNTH.xlsx,Archive/Legacy/MASTER_PRODUCTION_PACKAGE/MASTER_PRODUCTION_PACKAGE/MicroHydroV1_/03_Data/RnD_Workbook/MicroHydroV1_RnD_Export_SYNTH.xlsx
filled,Engineering/CAD/MicroHydroV1_CAD Archive/MicroHydroV1_StageB_Package.zip,Archive/Legacy/MASTER_PRODUCTION_PACKAGE/MASTER_PRODUCTION_PACKAGE/MicroHydroV1_/09_Packages/original/MicroHydroV1_StageB_Package.zip
filled,Engineering/CAD/MicroHydroV1_CAD Archive/MicroHydroV1_RnD_Export (1).xlsx,Archive/Legacy/MASTER_PRODUCTION_PACKAGE/MASTER_PRODUCTION_PACKAGE/MicroHydroV1_/03_Data/RnD_Workbook/MicroHydroV1_RnD_Export (1).xlsx
filled,Engineering/CAD/MicroHydroV1_CAD Archive/MicroHydroV1_RnD_Export.xlsx,Archive/Legacy/MASTER_PRODUCTION_PACKAGE/MASTER_PRODUCTION_PACKAGE/MicroHydroV1_/03_Data/RnD_Workbook/MicroHydroV1_RnD_Export.xlsx
filled,Engineering/CAD/MicroHydroV1_CAD Archive/MicroHydroV1_RnD_FullUpgrade.xlsx,Archive/Legacy/MASTER_PRODUCTION_PACKAGE/MASTER_PRODUCTION_PACKAGE/MicroHydroV1_/03_Data/RnD_Workbook/MicroHydroV1_RnD_FullUpgrade.xlsx
filled,Engineering/CAD/MicroHydroV1_CAD Archive/MicroHydroV1_CAD_FIXED/params.json,Archive/Legacy/MASTER_PRODUCTION_PACKAGE/MicroHydroV1_CAD Archive/MicroHydroV1_CAD_FIXED/params.json
filled,Engineering/CAD/MicroHydroV1_CAD Archive/MicroHydroV1_CAD_FIXED/README.txt,Archive/Legacy/MASTER_PRODUCTION_PACKAGE/MicroHydroV1_CAD Archive/MicroHydroV1_CAD_FIXED/README.txt
filled,Engineering/CAD/MicroHydroV1_CAD Archive/MicroHydroV1_CAD_FIXED/build_all.FCMacro,Archive/Legacy/MASTER_PRODUCTION_PACKAGE/MicroHydroV1_CAD Archive/MicroHydroV1_CAD_FIXED/build_all.FCMacro
filled,Engineering/CAD/MicroHydroV1_CAD Archive/MicroHydroV1_CAD_FIXED/03_VanePacks/build_vanepacks.FCMacro,Archive/Legacy/MASTER_PRODUCTION_PACKAGE/MicroHydroV1_CAD Archive/MicroHydroV1_CAD_FIXED/03_VanePacks/build_vanepacks.FCMacro
filled,Engineering/CAD/MicroHydroV1_CAD Archive/MicroHydroV1_CAD_FIXED/04_Retainer/build_retainer.FCMacro,Archive/Legacy/MASTER_PRODUCTION_PACKAGE/MicroHydroV1_CAD Archive/MicroHydroV1_CAD_FIXED/04_Retainer/build_retainer.FCMacro
filled,Engineering/CAD/MicroHydroV1_CAD Archive/MicroHydroV1_CAD_FIXED/scripts/export_batch.FCMacro,Archive/Legacy/MASTER_PRODUCTION_PACKAGE/MicroHydroV1_CAD Archive/MicroHydroV1_CAD_FIXED/scripts/export_batch.FCMacro
filled,Engineering/CAD/MicroHydroV1_CAD Archive/MicroHydroV1_CAD_FIXED/02_Nozzle/build_nozzle.FCMacro,Archive/Legacy/MASTER_PRODUCTION_PACKAGE/MicroHydroV1_CAD Archive/MicroHydroV1_CAD_FIXED/02_Nozzle/build_nozzle.FCMacro
filled,Engineering/CAD/MicroHydroV1_CAD Archive/MicroHydroV1_CAD_FIXED/01_Diffuser/build_diffuser.FCMacro,Archive/Legacy/MASTER_PRODUCTION_PACKAGE/MicroHydroV1_CAD Archive/MicroHydroV1_CAD_FIXED/01_Diffuser/build_diffuser.FCMacro
filled,Engineering/CAD/MicroHydroV1_CAD Archive/MicroHydroV1_CAD_FIXED/Assembly/build_assembly.FCMacro,Archive/Legacy/MASTER_PRODUCTION_PACKAGE/MicroHydroV1_CAD Archive/MicroHydroV1_CAD_FIXED/Assembly/build_assembly.FCMacro
filled,Engineering/CAD/MicroHydroV1_CAD Archive/MicroHydroV1_Full_Package/T003_ELCStability_Run1.csv,Archive/Legacy/MASTER_PRODUCTION_PACKAGE/MicroHydroV1_CAD Archive/MicroHydroV1_Full_Package/T003_ELCStability_Run1.csv
filled,Engineering/CAD/MicroHydroV1_CAD Archive/MicroHydroV1_Full_Package/T004_Power_Run1.csv,Archive/Legacy/MASTER_PRODUCTION_PACKAGE/MicroHydroV1_CAD Archive/MicroHydroV1_Full_Package/T004_Power_Run1.csv
filled,Engineering/CAD/MicroHydroV1_CAD Archive/MicroHydroV1_Full_Package/StageB_DataLog_Synthetic.csv,Archive/Legacy/MASTER_PRODUCTION_PACKAGE/MASTER_PRODUCTION_PACKAGE/MicroHydroV1_/03_Data/intake_raw/StageB_DataLog_Synthetic.csv
filled,Engineering/CAD/MicroHydroV1_CAD Archive/MicroHydroV1_Full_Package/T002_TankRipple_Run1.csv,Archive/Legacy/MASTER_PRODUCTION_PACKAGE/MicroHydroV1_CAD Archive/MicroHydroV1_Full_Package/T002_TankRipple_Run1.csv
filled,Engineering/CAD/MicroHydroV1_CAD Archive/MicroHydroV1_Full_Package/STW_vNext_Matrix.docx,Archive/Legacy/MASTER_PRODUCTION_PACKAGE 2/MicroHydroV1_/07_Docs/Documentation/STW_vNext_Matrix.docx
filled,Engineering/CAD/MicroHydroV1_CAD Archive/MicroHydroV1_Full_Package/GoNoGo_Packet.docx,Archive/Legacy/MASTER_PRODUCTION_PACKAGE 2/MicroHydroV1_/07_Docs/Documentation/GoNoGo_Packet.docx
filled,Engineering/CAD/MicroHydroV1_CAD Archive/MicroHydroV1_Full_Package/Stakeholder_vNext.pptx,Archive/Legacy/MASTER_PRODUCTION_PACKAGE 2/MicroHydroV1_/07_Docs/Documentation/Stakeholder_vNext.pptx
filled,Engineering/CAD/MicroHydroV1_CAD Archive/MicroHydroV1_Full_Package/T001_JetCoherence_Run1.csv,Archive/Legacy/MASTER_PRODUCTION_PACKAGE/MicroHydroV1_CAD Archive/MicroHydroV1_Full_Package/T001_JetCoherence_Run1.csv
filled,Engineering/CAD/MicroHydroV1_CAD Archive/MicroHydroV1_FullUpgrade_All/Governance/README.txt,Archive/Legacy/MASTER_PRODUCTION_PACKAGE/MicroHydroV1_CAD Archive/MicroHydroV1_FullUpgrade_All/Governance/README.txt
filled,Engineering/CAD/MicroHydroV1_CAD Archive/MicroHydroV1_FullUpgrade_All/RnD/README.txt,Archive/Legacy/MASTER_PRODUCTION_PACKAGE/MicroHydroV1_CAD Archive/MicroHydroV1_FullUpgrade_All/RnD/README.txt
filled,Engineering/CAD/MicroHydroV1_CAD Archive/MicroHydroV1_FullUpgrade_All/StageB/README.txt,Archive/Legacy/MASTER_PRODUCTION_PACKAGE/MicroHydroV1_CAD Archive/MicroHydroV1_FullUpgrade_All/StageB/README.txt
filled,Engineering/CAD/MicroHydroV1_CAD Archive/MicroHydroV1_FullUpgrade_All/TankTests/T002/README.txt,Archive/Legacy/MASTER_PRODUCTION_PACKAGE/MicroHydroV1_CAD Archive/MicroHydroV1_FullUpgrade_All/TankTests/T002/README.txt
filled,Engineering/CAD/MicroHydroV1_CAD Archive/MicroHydroV1_FullUpgrade_All/TankTests/T001/README.txt,Archive/Legacy/MASTER_PRODUCTION_PACKAGE/MicroHydroV1_CAD Archive/MicroHydroV1_FullUpgrade_All/TankTests/T001/README.txt
filled,Engineering/CAD/MicroHydroV1_CAD Archive/MicroHydroV1_ReorgToolkit/reorg_from_zip.py,Archive/Legacy/MASTER_PRODUCTION_PACKAGE/MicroHydroV1_CAD Archive/MicroHydroV1_ReorgToolkit/reorg_from_zip.py
filled,Engineering/CAD/MicroHydroV1_CAD Archive/MicroHydroV1_ReorgToolkit/README_REORG.md,Archive/Legacy/MASTER_PRODUCTION_PACKAGE/MicroHydroV1_CAD Archive/MicroHydroV1_ReorgToolkit/README_REORG.md
filled,Engineering/CAD/MicroHydroV1_CAD Archive/MicroHydroV1_CAD/params.json,Archive/Legacy/MASTER_PRODUCTION_PACKAGE/MicroHydroV1_CAD Archive/MicroHydroV1_CAD/params.json
filled,Engineering/CAD/MicroHydroV1_CAD Archive/MicroHydroV1_CAD/patched_macros_with_params.zip,Archive/Legacy/MASTER_PRODUCTION_PACKAGE/MASTER_PRODUCTION_PACKAGE/MicroHydroV1_/09_Packages/original/patched_macros_with_params.zip
filled,Engineering/CAD/MicroHydroV1_CAD Archive/MicroHydroV1_CAD/MicroHydroV1_Addon_macOS.zip,Archive/Legacy/MASTER_PRODUCTION_PACKAGE/MASTER_PRODUCTION_PACKAGE/MicroHydroV1_/09_Packages/original/MicroHydroV1_Addon_macOS.zip
filled,Engineering/CAD/MicroHydroV1_CAD Archive/MicroHydroV1_CAD/README.txt,Archive/Legacy/MASTER_PRODUCTION_PACKAGE/MicroHydroV1_CAD Archive/MicroHydroV1_CAD/README.txt
filled,Engineering/CAD/MicroHydroV1_CAD Archive/MicroHydroV1_CAD/MicroHydroV1_Complete_Engineering_Package.zip,Archive/Legacy/MASTER_PRODUCTION_PACKAGE/MASTER_PRODUCTION_PACKAGE/MicroHydroV1_/09_Packages/original/MicroHydroV1_Complete_Engineering_Package.zip
filled,Engineering/CAD/MicroHydroV1_CAD Archive/MicroHydroV1_CAD/MicroHydroV1_InModule_Installer.zip,Archive/Legacy/MASTER_PRODUCTION_PACKAGE/MASTER_PRODUCTION_PACKAGE/MicroHydroV1_/08_Installers/MicroHydroV1_InModule_Installer.zip
filled,Engineering/CAD/MicroHydroV1_CAD Archive/MicroHydroV1_CAD/build_all.FCMacro,Archive/Legacy/MASTER_PRODUCTION_PACKAGE/MicroHydroV1_CAD Archive/MicroHydroV1_CAD/build_all.FCMacro
filled,Engineering/CAD/MicroHydroV1_CAD Archive/MicroHydroV1_CAD/MicroHydroV1_RnD_FullUpgrade.xlsx,Archive/Legacy/MASTER_PRODUCTION_PACKAGE/MASTER_PRODUCTION_PACKAGE/MicroHydroV1_/03_Data/RnD_Workbook/MicroHydroV1_RnD_FullUpgrade.xlsx
filled,Engineering/CAD/MicroHydroV1_CAD Archive/MicroHydroV1_CAD/03_VanePacks/03_VanePacks_build_vanepacks.FCMacro,Archive/Legacy/MASTER_PRODUCTION_PACKAGE/MicroHydroV1_CAD Archive/MicroHydroV1_CAD/03_VanePacks/03_VanePacks_build_vanepacks.FCMacro
filled,Engineering/CAD/MicroHydroV1_CAD Archive/MicroHydroV1_CAD/03_VanePacks/build_vanepacks.FCMacro,Archive/Legacy/MASTER_PRODUCTION_PACKAGE/MicroHydroV1_CAD Archive/MicroHydroV1_CAD/03_VanePacks/build_vanepacks.FCMacro
filled,Engineering/CAD/MicroHydroV1_CAD Archive/MicroHydroV1_CAD/MicroHydroV1/init.py,Archive/Legacy/MASTER_PRODUCTION_PACKAGE/MicroHydroV1_CAD Archive/MicroHydroV1_CAD/MicroHydroV1/init.py
filled,Engineering/CAD/MicroHydroV1_CAD Archive/MicroHydroV1_CAD/MicroHydroV1/InitGui.py,Archive/Legacy/MASTER_PRODUCTION_PACKAGE/MicroHydroV1_CAD Archive/MicroHydroV1_CAD/MicroHydroV1/InitGui.py
filled,Engineering/CAD/MicroHydroV1_CAD Archive/MicroHydroV1_CAD/MicroHydroV1/CAD/params.json,Archive/Legacy/MASTER_PRODUCTION_PACKAGE/MicroHydroV1_CAD Archive/MicroHydroV1_CAD/MicroHydroV1/CAD/params.json
filled,Engineering/CAD/MicroHydroV1_CAD Archive/MicroHydroV1_CAD/04_Retainer/build_retainer.FCMacro,Archive/Legacy/MASTER_PRODUCTION_PACKAGE/MicroHydroV1_CAD Archive/MicroHydroV1_CAD/04_Retainer/build_retainer.FCMacro
filled,Engineering/CAD/MicroHydroV1_CAD Archive/MicroHydroV1_CAD/04_Retainer/04_Retainer_build_retainer.FCMacro,Archive/Legacy/MASTER_PRODUCTION_PACKAGE/MicroHydroV1_CAD Archive/MicroHydroV1_CAD/04_Retainer/04_Retainer_build_retainer.FCMacro
filled,Engineering/CAD/MicroHydroV1_CAD Archive/MicroHydroV1_CAD/scripts/export_batch.FCMacro,Archive/Legacy/MASTER_PRODUCTION_PACKAGE/MicroHydroV1_CAD Archive/MicroHydroV1_CAD/scripts/export_batch.FCMacro
filled,Engineering/CAD/MicroHydroV1_CAD Archive/MicroHydroV1_CAD/MicroHydroV1_InModule_Installer/Install_MicroHydroV1_InModule.command,Archive/Legacy/MASTER_PRODUCTION_PACKAGE 2/MicroHydroV1_/08_Installers/Install_MicroHydroV1_InModule.command
filled,Engineering/CAD/MicroHydroV1_CAD Archive/MicroHydroV1_CAD/MicroHydroV1_InModule_Installer/README.md,Archive/Legacy/MASTER_PRODUCTION_PACKAGE/MicroHydroV1_CAD Archive/MicroHydroV1_CAD/MicroHydroV1_InModule_Installer/README.md
filled,Engineering/CAD/MicroHydroV1_CAD Archive/MicroHydroV1_CAD/MicroHydroV1_InModule_Installer/InitGui.py,Archive/Legacy/MASTER_PRODUCTION_PACKAGE/MicroHydroV1_CAD Archive/MicroHydroV1_CAD/MicroHydroV1_InModule_Installer/InitGui.py
filled,Engineering/CAD/MicroHydroV1_CAD Archive/MicroHydroV1_CAD/02_Nozzle/02_Nozzle_build_nozzle.FCMacro,Archive/Legacy/MASTER_PRODUCTION_PACKAGE/MicroHydroV1_CAD Archive/MicroHydroV1_CAD/02_Nozzle/02_Nozzle_build_nozzle.FCMacro
filled,Engineering/CAD/MicroHydroV1_CAD Archive/MicroHydroV1_CAD/02_Nozzle/build_nozzle.FCMacro,Archive/Legacy/MASTER_PRODUCTION_PACKAGE/MicroHydroV1_CAD Archive/MicroHydroV1_CAD/02_Nozzle/build_nozzle.FCMacro
filled,Engineering/CAD/MicroHydroV1_CAD Archive/MicroHydroV1_CAD/01_Diffuser/01_Diffuser_build_diffuser.FCMacro,Archive/Legacy/MASTER_PRODUCTION_PACKAGE/MicroHydroV1_CAD Archive/MicroHydroV1_CAD/01_Diffuser/01_Diffuser_build_diffuser.FCMacro
filled,Engineering/CAD/MicroHydroV1_CAD Archive/MicroHydroV1_CAD/01_Diffuser/build_diffuser.FCMacro old.FCMacro,Archive/Legacy/MASTER_PRODUCTION_PACKAGE/MicroHydroV1_CAD Archive/MicroHydroV1_CAD/01_Diffuser/build_diffuser.FCMacro old.FCMacro
filled,Engineering/CAD/MicroHydroV1_CAD Archive/MicroHydroV1_CAD/01_Diffuser/build_diffuser.FCMacro,Archive/Legacy/MASTER_PRODUCTION_PACKAGE/MicroHydroV1_CAD Archive/MicroHydroV1_CAD/01_Diffuser/build_diffuser.FCMacro
filled,Engineering/CAD/MicroHydroV1_CAD Archive/MicroHydroV1_CAD/Assembly/build_assembly.FCMacro,Archive/Legacy/MASTER_PRODUCTION_PACKAGE/MicroHydroV1_CAD Archive/MicroHydroV1_CAD/Assembly/build_assembly.FCMacro
filled,Engineering/CAD/MicroHydroV1_CAD Archive/MicroHydroV1_SyntheticPackage/STW_Matrix.txt,Archive/Legacy/MASTER_PRODUCTION_PACKAGE/MicroHydroV1_CAD Archive/MicroHydroV1_SyntheticPackage/STW_Matrix.txt
filled,Engineering/CAD/MicroHydroV1_CAD Archive/MicroHydroV1_SyntheticPackage/StageC_Readout.txt,Archive/Legacy/MASTER_PRODUCTION_PACKAGE/MicroHydroV1_CAD Archive/MicroHydroV1_SyntheticPackage/StageC_Readout.txt
filled,Engineering/CAD/MicroHydroV1_CAD Archive/MicroHydroV1_SyntheticPackage/README.txt,Archive/Legacy/MASTER_PRODUCTION_PACKAGE/MicroHydroV1_CAD Archive/MicroHydroV1_SyntheticPackage/README.txt
filled,Engineering/CAD/MicroHydroV1_CAD Archive/MicroHydroV1_SyntheticPackage/Stakeholder_Deck.txt,Archive/Legacy/MASTER_PRODUCTION_PACKAGE/MicroHydroV1_CAD Archive/MicroHydroV1_SyntheticPackage/Stakeholder_Deck.txt
filled,Engineering/CAD/MicroHydroV1_CAD Archive/MicroHydroV1_SyntheticPackage/RnD_Synthetic.txt,Archive/Legacy/MASTER_PRODUCTION_PACKAGE/MicroHydroV1_CAD Archive/MicroHydroV1_SyntheticPackage/RnD_Synthetic.txt
filled,Engineering/CAD/MicroHydroV1_CAD Archive/MicroHydroV1_SyntheticPackage/GoNoGo.txt,Archive/Legacy/MASTER_PRODUCTION_PACKAGE/MicroHydroV1_CAD Archive/MicroHydroV1_SyntheticPackage/GoNoGo.txt
filled,Engineering/CAD/MicroHydroV1_CAD Archive/MicroHydroV1_FULL_Workspace/Master_Package/Go_NoGo_Packet.docx,Archive/Legacy/MASTER_PRODUCTION_PACKAGE 2/MicroHydroV1_/07_Docs/Documentation/Go_NoGo_Packet.docx
filled,Engineering/CAD/MicroHydroV1_CAD Archive/MicroHydroV1_FULL_Workspace/Master_Package/STW_Matrix.xlsx,Archive/Legacy/MASTER_PRODUCTION_PACKAGE/MicroHydroV1_CAD Archive/MicroHydroV1_FULL_Workspace/Master_Package/STW_Matrix.xlsx
filled,Engineering/CAD/MicroHydroV1_CAD Archive/MicroHydroV1_FULL_Workspace/Master_Package/MicroHydroV1_Master.docx,Archive/Legacy/MASTER_PRODUCTION_PACKAGE 2/MicroHydroV1_/07_Docs/Documentation/MicroHydroV1_Master.docx
filled,Engineering/CAD/MicroHydroV1_CAD Archive/MicroHydroV1_FULL_Workspace/Automation/import_measurements.py,Archive/Legacy/MASTER_PRODUCTION_PACKAGE/MicroHydroV1_CAD Archive/MicroHydroV1_FULL_Workspace/Automation/import_measurements.py
filled,Engineering/CAD/MicroHydroV1_CAD Archive/MicroHydroV1_FULL_Workspace/Automation/MicroHydroV1_RnD_Export.xlsx,Archive/Legacy/MASTER_PRODUCTION_PACKAGE/MASTER_PRODUCTION_PACKAGE/MicroHydroV1_/03_Data/RnD_Workbook/MicroHydroV1_RnD_Export.xlsx
filled,Engineering/CAD/MicroHydroV1_CAD Archive/MicroHydroV1_FULL_Workspace/Automation/Import_Config.json,Archive/Legacy/MASTER_PRODUCTION_PACKAGE/MicroHydroV1_CAD Archive/MicroHydroV1_FULL_Workspace/Automation/Import_Config.json
filled,Engineering/CAD/MicroHydroV1_CAD Archive/MicroHydroV1_FULL_Workspace/CAD/Params/params.json,Archive/Legacy/MASTER_PRODUCTION_PACKAGE/MicroHydroV1_CAD Archive/MicroHydroV1_FULL_Workspace/CAD/Params/params.json
filled,Engineering/CAD/MicroHydroV1_CAD Archive/MicroHydroV1_CAD (1)old/params.json,Archive/Legacy/MASTER_PRODUCTION_PACKAGE/MicroHydroV1_CAD Archive/MicroHydroV1_CAD (1)old/params.json
filled,Engineering/CAD/MicroHydroV1_CAD Archive/MicroHydroV1_CAD (1)old/README_MicroHydroV1_CAD.md,Archive/Legacy/MASTER_PRODUCTION_PACKAGE/MicroHydroV1_CAD Archive/MicroHydroV1_CAD (1)old/README_MicroHydroV1_CAD.md
filled,Engineering/CAD/MicroHydroV1_CAD Archive/MicroHydroV1_CAD (1)old/build_all.FCMacro.html,Archive/Legacy/MASTER_PRODUCTION_PACKAGE/MicroHydroV1_CAD Archive/MicroHydroV1_CAD (1)old/build_all.FCMacro.html
filled,Engineering/CAD/MicroHydroV1_CAD Archive/MicroHydroV1_CAD (1)old/MicroHydroV1_params.xlsx,Archive/Legacy/MASTER_PRODUCTION_PACKAGE/MicroHydroV1_CAD Archive/MicroHydroV1_CAD (1)old/MicroHydroV1_params.xlsx
filled,Engineering/CAD/MicroHydroV1_CAD Archive/MicroHydroV1_CAD (1)old/MacroSuiteFull.zip,Archive/Legacy/MASTER_PRODUCTION_PACKAGE/MASTER_PRODUCTION_PACKAGE/MicroHydroV1_/09_Packages/original/MacroSuiteFull.zip
filled,Engineering/CAD/MicroHydroV1_CAD Archive/MicroHydroV1_CAD (1)old/MacroSuite.zip,Archive/Legacy/MASTER_PRODUCTION_PACKAGE/MASTER_PRODUCTION_PACKAGE/MicroHydroV1_/09_Packages/original/MacroSuite.zip
filled,Engineering/CAD/MicroHydroV1_CAD Archive/MicroHydroV1_CAD (1)old/micro-hydro-power-plant-2-6838e6ab48ac8c825e45ce5a.html,Archive/Legacy/MASTER_PRODUCTION_PACKAGE/MicroHydroV1_CAD Archive/MicroHydroV1_CAD (1)old/micro-hydro-power-plant-2-6838e6ab48ac8c825e45ce5a.html
filled,Engineering/CAD/MicroHydroV1_CAD Archive/MicroHydroV1_CAD (1)old/en.html,Archive/Legacy/MASTER_PRODUCTION_PACKAGE/MicroHydroV1_CAD Archive/MicroHydroV1_CAD (1)old/en.html
filled,Engineering/CAD/MicroHydroV1_CAD Archive/MicroHydroV1_CAD (1)old/build_all.FCMacro,Archive/Legacy/MASTER_PRODUCTION_PACKAGE/MicroHydroV1_CAD Archive/MicroHydroV1_CAD (1)old/build_all.FCMacro
filled,Engineering/CAD/MicroHydroV1_CAD Archive/MicroHydroV1_CAD (1)old/build_all.FCMacro.docx,Archive/Legacy/MASTER_PRODUCTION_PACKAGE/MicroHydroV1_CAD Archive/MicroHydroV1_CAD (1)old/build_all.FCMacro.docx
filled,Engineering/CAD/MicroHydroV1_CAD Archive/MicroHydroV1_CAD (1)old/MacroSuiteFull/params.json,Archive/Legacy/MASTER_PRODUCTION_PACKAGE/MicroHydroV1_CAD Archive/MicroHydroV1_CAD (1)old/MacroSuiteFull/params.json
filled,Engineering/CAD/MicroHydroV1_CAD Archive/MicroHydroV1_CAD (1)old/MacroSuiteFull/build_all.FCMacro,Archive/Legacy/MASTER_PRODUCTION_PACKAGE/MicroHydroV1_CAD Archive/MicroHydroV1_CAD (1)old/MacroSuiteFull/build_all.FCMacro
filled,Engineering/CAD/MicroHydroV1_CAD Archive/MicroHydroV1_CAD (1)old/MacroSuiteFull/03_VanePacks/build_vanepacks.FCMacro,Archive/Legacy/MASTER_PRODUCTION_PACKAGE/MicroHydroV1_CAD Archive/MicroHydroV1_CAD (1)old/MacroSuiteFull/03_VanePacks/build_vanepacks.FCMacro
filled,Engineering/CAD/MicroHydroV1_CAD Archive/MicroHydroV1_CAD (1)old/MacroSuiteFull/04_Retainer/build_retainer.FCMacro,Archive/Legacy/MASTER_PRODUCTION_PACKAGE/MicroHydroV1_CAD Archive/MicroHydroV1_CAD (1)old/MacroSuiteFull/04_Retainer/build_retainer.FCMacro
filled,Engineering/CAD/MicroHydroV1_CAD Archive/MicroHydroV1_CAD (1)old/MacroSuiteFull/scripts/export_batch.FCMacro,Archive/Legacy/MASTER_PRODUCTION_PACKAGE/MicroHydroV1_CAD Archive/MicroHydroV1_CAD (1)old/MacroSuiteFull/scripts/export_batch.FCMacro
filled,Engineering/CAD/MicroHydroV1_CAD Archive/MicroHydroV1_CAD (1)old/MacroSuiteFull/02_Nozzle/build_nozzle.FCMacro,Archive/Legacy/MASTER_PRODUCTION_PACKAGE/MicroHydroV1_CAD Archive/MicroHydroV1_CAD (1)old/MacroSuiteFull/02_Nozzle/build_nozzle.FCMacro
filled,Engineering/CAD/MicroHydroV1_CAD Archive/MicroHydroV1_CAD (1)old/MacroSuiteFull/01_Diffuser/build_diffuser.FCMacro,Archive/Legacy/MASTER_PRODUCTION_PACKAGE/MicroHydroV1_CAD Archive/MicroHydroV1_CAD (1)old/MacroSuiteFull/01_Diffuser/build_diffuser.FCMacro
filled,Engineering/CAD/MicroHydroV1_CAD Archive/MicroHydroV1_CAD (1)old/MacroSuiteFull/Assembly/build_assembly.FCMacro,Archive/Legacy/MASTER_PRODUCTION_PACKAGE/MicroHydroV1_CAD Archive/MicroHydroV1_CAD (1)old/MacroSuiteFull/Assembly/build_assembly.FCMacro
filled,Engineering/CAD/MicroHydroV1_CAD Archive/MicroHydroV1_CAD (1)old/03_VanePacks/build_vanepacks.FCMacro,Archive/Legacy/MASTER_PRODUCTION_PACKAGE/MicroHydroV1_CAD Archive/MicroHydroV1_CAD (1)old/03_VanePacks/build_vanepacks.FCMacro
filled,Engineering/CAD/MicroHydroV1_CAD Archive/MicroHydroV1_CAD (1)old/04_Retainer/build_retainer.FCMacro,Archive/Legacy/MASTER_PRODUCTION_PACKAGE/MicroHydroV1_CAD Archive/MicroHydroV1_CAD (1)old/04_Retainer/build_retainer.FCMacro
filled,Engineering/CAD/MicroHydroV1_CAD Archive/MicroHydroV1_CAD (1)old/02_Nozzle/build_nozzle.FCMacro,Archive/Legacy/MASTER_PRODUCTION_PACKAGE/MicroHydroV1_CAD Archive/MicroHydroV1_CAD (1)old/02_Nozzle/build_nozzle.FCMacro
filled,Engineering/CAD/MicroHydroV1_CAD Archive/MicroHydroV1_CAD (1)old/01_Diffuser/build_diffuser.FCMacro,Archive/Legacy/MASTER_PRODUCTION_PACKAGE/MicroHydroV1_CAD Archive/MicroHydroV1_CAD (1)old/01_Diffuser/build_diffuser.FCMacro
filled,Engineering/CAD/MicroHydroV1_CAD Archive/MicroHydroV1_CAD (1)old/Assembly/build_assembly.FCMacro,Archive/Legacy/MASTER_PRODUCTION_PACKAGE/MicroHydroV1_CAD Archive/MicroHydroV1_CAD (1)old/Assembly/build_assembly.FCMacro
filled,Engineering/CAD/MicroHydroV1_Shapr3D_ReferenceModel/Docs/Parametric_Values.md,Product/Reference_Models/MicroHydroV1_Shapr3D_ReferenceModel/Docs/Parametric_Values.md
filled,Engineering/CAD/MicroHydroV1_Shapr3D_ReferenceModel/Docs/Shapr3D_Build_Guide.md,Product/Reference_Models/MicroHydroV1_Shapr3D_ReferenceModel/Docs/Shapr3D_Build_Guide.md
filled,Engineering/CAD/MicroHydroV1_Shapr3D_ReferenceModel/DXF/VanePack_Sketch_30deg.dxf,Product/Reference_Models/MicroHydroV1_Shapr3D_ReferenceModel/DXF/VanePack_Sketch_30deg.dxf
filled,Engineering/CAD/MicroHydroV1_Shapr3D_ReferenceModel/DXF/Nozzle_Profile_Revolve.dxf,Product/Reference_Models/MicroHydroV1_Shapr3D_ReferenceModel/DXF/Nozzle_Profile_Revolve.dxf
filled,Engineering/CAD/MicroHydroV1_Shapr3D_ReferenceModel/DXF/VanePack_Sketch_20deg.dxf,Product/Reference_Models/MicroHydroV1_Shapr3D_ReferenceModel/DXF/VanePack_Sketch_20deg.dxf
filled,Engineering/CAD/MicroHydroV1_Shapr3D_ReferenceModel/DXF/Diffuser_Profile_Revolve.dxf,Product/Reference_Models/MicroHydroV1_Shapr3D_ReferenceModel/DXF/Diffuser_Profile_Revolve.dxf
filled,Engineering/CAD/MicroHydroV1_Shapr3D_ReferenceModel/DXF/RetainerCap_Sketch.dxf,Product/Reference_Models/MicroHydroV1_Shapr3D_ReferenceModel/DXF/RetainerCap_Sketch.dxf
filled,Engineering/CAD/MicroHydroV1_Shapr3D_ReferenceModel/DXF/VanePack_Sketch_10deg.dxf,Product/Reference_Models/MicroHydroV1_Shapr3D_ReferenceModel/DXF/VanePack_Sketch_10deg.dxf
filled,Engineering/CAD/Reference_Models/Diffuser_Profile_Revolve.dxf,Product/Reference_Models/MicroHydroV1_Shapr3D_ReferenceModel/DXF/Diffuser_Profile_Revolve.dxf
filled,Engineering/CAD/Reference_Models/MicroHydroV1_Shapr3D_ReferenceModel/params.json,Product/Reference_Models/MicroHydroV1_Shapr3D_ReferenceModel/params.json
filled,Engineering/CAD/Reference_Models/MicroHydroV1_Shapr3D_ReferenceModel/Docs/Parametric_Values.md,Product/Reference_Models/MicroHydroV1_Shapr3D_ReferenceModel/Docs/Parametric_Values.md
filled,Engineering/CAD/Reference_Models/MicroHydroV1_Shapr3D_ReferenceModel/Docs/Shapr3D_Build_Guide.md,Product/Reference_Models/MicroHydroV1_Shapr3D_ReferenceModel/Docs/Shapr3D_Build_Guide.md
filled,Engineering/CAD/Reference_Models/MicroHydroV1_Shapr3D_ReferenceModel/DXF/VanePack_Sketch_30deg.dxf,Product/Reference_Models/MicroHydroV1_Shapr3D_ReferenceModel/DXF/VanePack_Sketch_30deg.dxf
filled,Engineering/CAD/Reference_Models/MicroHydroV1_Shapr3D_ReferenceModel/DXF/Nozzle_Profile_Revolve.dxf,Product/Reference_Models/MicroHydroV1_Shapr3D_ReferenceModel/DXF/Nozzle_Profile_Revolve.dxf
filled,Engineering/CAD/Reference_Models/MicroHydroV1_Shapr3D_ReferenceModel/DXF/VanePack_Sketch_20deg.dxf,Product/Reference_Models/MicroHydroV1_Shapr3D_ReferenceModel/DXF/VanePack_Sketch_20deg.dxf
filled,Engineering/CAD/Reference_Models/MicroHydroV1_Shapr3D_ReferenceModel/DXF/Diffuser_Profile_Revolve.dxf,Product/Reference_Models/MicroHydroV1_Shapr3D_ReferenceModel/DXF/Diffuser_Profile_Revolve.dxf
filled,Engineering/CAD/Reference_Models/MicroHydroV1_Shapr3D_ReferenceModel/DXF/RetainerCap_Sketch.dxf,Product/Reference_Models/MicroHydroV1_Shapr3D_ReferenceModel/DXF/RetainerCap_Sketch.dxf
filled,Engineering/CAD/Reference_Models/MicroHydroV1_Shapr3D_ReferenceModel/DXF/VanePack_Sketch_10deg.dxf,Product/Reference_Models/MicroHydroV1_Shapr3D_ReferenceModel/DXF/VanePack_Sketch_10deg.dxf
filled,99_Operations 2/Visionary_Intelligence/CHANGELOG.md,Product/Change_Logs/CHANGELOG.md
filled,_BACKUPS/MicroHydroV1_Phase3_Automation_Pack_macOS_OpenReleases.zip,IT/System_of_Truth/MicroHydroV1 — SoT_ARCHIVED_20260124/MicroHydroV1_Phase3_Automation_Pack_macOS_OpenReleases.zip
filled,_BACKUPS/MicroHydroV1_FastTrack_Bundle.zip,IT/System_of_Truth/MicroHydroV1 — SoT_ARCHIVED_20260124/MicroHydroV1_FastTrack_Bundle.zip
filled,temp_integration/tools/microhydro_master_integrator.py,Product/Releases/MicroHydroV1_Work/MasterIntegrated_Output/05_Tools/microhydro_master_integrator.py
filled,temp_integration/tools/policy_config.json,Product/Releases/MicroHydroV1_Work/MasterIntegrated_Output/05_Tools/policy_config.json
filled,_CONSOLIDATION_BACKUP/pre_consolidation_20260211_223612/99_Operations 3/Visionary_Intelligence/CHANGELOG.md,Product/Change_Logs/CHANGELOG.md
filled,_CONSOLIDATION_BACKUP/pre_consolidation_20260211_223612/99_Operations/Visionary_Intelligence/CHANGELOG.md,Product/Change_Logs/CHANGELOG.md
filled,_CONSOLIDATION_BACKUP/pre_consolidation_20260211_223612/99_Operations 2/Visionary_Intelligence/CHANGELOG.md,Product/Change_Logs/CHANGELOG.md
filled,_CONSOLIDATION_BACKUP/pre_consolidation_20260211_223612/_BACKUPS/MicroHydroV1_Phase3_Automation_Pack_macOS_OpenReleases.zip,IT/System_of_Truth/MicroHydroV1 — SoT_ARCHIVED_20260124/MicroHydroV1_Phase3_Automation_Pack_macOS_OpenReleases.zip
filled,_CONSOLIDATION_BACKUP/pre_consolidation_20260211_223612/_BACKUPS/MicroHydroV1_FastTrack_Bundle.zip,IT/System_of_Truth/MicroHydroV1 — SoT_ARCHIVED_20260124/MicroHydroV1_FastTrack_Bundle.zip
ambiguous,OffGrid_Renewables_Cleantech_Reference_Library/00_Readme/README.md,11 variants
ambiguous,99_Operations 3/Visionary_Intelligence/README.md,11 variants
ambiguous,99_Operations 3/Visionary_Intelligence/06_Tools/crosslinking/README.md,11 variants
ambiguous,99_Operations 3/Visionary_Intelligence/06_Tools/hydraulics/README.md,11 variants
ambiguous,99_Operations 3/Visionary_Intelligence/07_Scenario_Traceability/README.md,11 variants
ambiguous,99_Operations 3/Visionary_Intelligence/05_Doctrine_Output/README.md,11 variants
ambiguous,99_Operations 3/Visionary_Intelligence/04_Artifacts/README.md,11 variants
ambiguous,99_Operations 3/Visionary_Intelligence/04_Artifacts/Tesla/publications/README.md,11 variants
ambiguous,99_Operations 3/Visionary_Intelligence/04_Artifacts/Tesla/images/README.md,11 variants
ambiguous,99_Operations 3/Visionary_Intelligence/04_Artifacts/Tesla/patents/README.md,11 variants
ambiguous,99_Operations 3/Visionary_Intelligence/04_Artifacts/Schauberger/publications/README.md,11 variants
ambiguous,99_Operations 3/Visionary_Intelligence/04_Artifacts/Schauberger/images/README.md,11 variants
ambiguous,99_Operations 3/Visionary_Intelligence/04_Artifacts/Schauberger/patents/README.md,11 variants
ambiguous,99_Operations 3/Visionary_Intelligence/04_Artifacts/Shared/historical_images/README.md,11 variants
ambiguous,99_Operations 3/Visionary_Intelligence/04_Artifacts/Shared/figures/README.md,11 variants
ambiguous,99_Operations 3/Visionary_Intelligence/04_Artifacts/Shared/diagrams/README.md,11 variants
ambiguous,Implementation/MicroHydroV1/README.md,11 variants
ambiguous,Implementation/MicroHydroV1/.gitignore,3 variants
ambiguous,Implementation/MicroHydroV1/automation/README.md,11 variants
ambiguous,Implementation/MicroHydroV1/tests/README.md,11 variants
ambiguous,Implementation/MicroHydroV1/data/README.md,11 variants
ambiguous,Implementation/MicroHydroV1/tools/validate/validate_repo.py,3 variants
ambiguous,Implementation/MicroHydroV1/cad/README.md,11 variants
ambiguous,Implementation/MicroHydroV1/docs/README.md,11 variants
ambiguous,Implementation/MicroHydroV1_Shapr3D_ReferenceModel/params.json,7 variants
ambiguous,Implementation/MicroHydroV1_InitGui_PATCH/README.txt,9 variants
ambiguous,Implementation/MICRO HYDRO - OLD/RnD/MASTER_PRODUCTION_PACKAGE 2/params.json,7 variants
ambiguous,Implementation/MICRO HYDRO - OLD/RnD/MASTER_PRODUCTION_PACKAGE 2/import_measurements.py,4 variants
ambiguous,Implementation/MICRO HYDRO - OLD/RnD/MASTER_PRODUCTION_PACKAGE 2/Import_Config.json,3 variants
ambiguous,Implementation/MICRO HYDRO - OLD/RnD/MASTER_PRODUCTION_PACKAGE 2/build_all.FCMacro.docx,2 variants
ambiguous,Implementation/MICRO HYDRO - OLD/RnD/MASTER_PRODUCTION_PACKAGE 2/05_Tank_Hydraulics_Unit/MicroHydroV1_Bench_Test_Tracker.xlsx,2 variants
ambiguous,Implementation/MICRO HYDRO - OLD/RnD/MASTER_PRODUCTION_PACKAGE 2/05_Tank_Hydraulics_Unit/TANK_Ripple_Model.xlsx,2 variants
ambiguous,Implementation/MICRO HYDRO - OLD/RnD/MASTER_PRODUCTION_PACKAGE 2/04_Hydram_Research_Unit/TANK_Ripple_Model.xlsx,2 variants
ambiguous,Implementation/MICRO HYDRO - OLD/RnD/NextChat_Package/README.txt,9 variants
ambiguous,Implementation/MICRO HYDRO - OLD/RnD/zipppittt/MICRO HYDRO.zip,2 variants
ambiguous,Implementation/MicroHydroV1 — SoT/MicroHydroV1/tests/raw/2026-01-22_Run1_JetCoherence/T001_JetCoherence_Run1.csv,2 variants
ambiguous,Implementation/MicroHydroV1 — SoT/MicroHydroV1/tests/raw/2026-01-22_Run1_TankRipple/T002_TankRipple_Run1.csv,2 variants
ambiguous,Implementation/MicroHydroV1 — SoT/MicroHydroV1/tests/raw/2026-01-22_Run1_Power/T004_Power_Run1.csv,2 variants
ambiguous,Implementation/MicroHydroV1 — SoT/MicroHydroV1/tests/raw/2026-01-22_Run1_ELCStability/T003_ELCStability_Run1.csv,2 variants
ambiguous,Implementation/MicroHydroV1 — SoT/MicroHydroV1/tools/workflow/autofill_evidence_doc.py,3 variants
ambiguous,Implementation/MicroHydroV1 — SoT/MicroHydroV1/docs/run3/README_AUTOFILL.md,3 variants
ambiguous,Implementation/MicroHydroV1 — SoT/MicroHydroV1_BACKUP_20260122_005746/tests/raw/2026-01-22_Run1_JetCoherence/T001_JetCoherence_Run1.csv,2 variants
ambiguous,Implementation/MicroHydroV1 — SoT/MicroHydroV1_BACKUP_20260122_005746/tests/raw/2026-01-22_Run1_TankRipple/T002_TankRipple_Run1.csv,2 variants
ambiguous,Implementation/MicroHydroV1 — SoT/MicroHydroV1_BACKUP_20260122_005746/tests/raw/2026-01-22_Run1_Power/T004_Power_Run1.csv,2 variants
ambiguous,Implementation/MicroHydroV1 — SoT/MicroHydroV1_BACKUP_20260122_005746/tests/raw/2026-01-22_Run1_ELCStability/T003_ELCStability_Run1.csv,2 variants
ambiguous,Implementation/MicroHydroV1_Shapr3D_ReferenceModel_v2/params.json,7 variants
ambiguous,Research/MASTER_PRODUCTION_PACKAGE 2/import_measurements.py,4 variants
ambiguous,Research/MASTER_PRODUCTION_PACKAGE 2/MicroHydroV1_Bench_Test_Tracker.xlsx,2 variants
ambiguous,Research/MASTER_PRODUCTION_PACKAGE 2/Import_Config.json,3 variants
ambiguous,Research/MASTER_PRODUCTION_PACKAGE 2/05_Tank_Hydraulics_Unit/MicroHydroV1_Bench_Test_Tracker.xlsx,2 variants
ambiguous,Research/MASTER_PRODUCTION_PACKAGE 2/05_Tank_Hydraulics_Unit/TANK_Ripple_Model.xlsx,2 variants
ambiguous,Research/MASTER_PRODUCTION_PACKAGE 2/04_Hydram_Research_Unit/TANK_Ripple_Model.xlsx,2 variants
ambiguous,Research/Visionary_Intelligence/README.md,11 variants
ambiguous,Research/Visionary_Intelligence/06_Tools/crosslinking/README.md,11 variants
ambiguous,Research/Visionary_Intelligence/06_Tools/hydraulics/README.md,11 variants
ambiguous,Research/Visionary_Intelligence/07_Scenario_Traceability/README.md,11 variants
ambiguous,Research/Visionary_Intelligence/05_Doctrine_Output/README.md,11 variants
ambiguous,Research/Visionary_Intelligence/04_Artifacts/README.md,11 variants
ambiguous,Research/Visionary_Intelligence/04_Artifacts/Tesla/publications/README.md,11 variants
ambiguous,Research/Visionary_Intelligence/04_Artifacts/Tesla/images/README.md,11 variants
ambiguous,Research/Visionary_Intelligence/04_Artifacts/Tesla/patents/README.md,11 variants
ambiguous,Research/Visionary_Intelligence/04_Artifacts/Schauberger/publications/README.md,11 variants
ambiguous,Research/Visionary_Intelligence/04_Artifacts/Schauberger/images/README.md,11 variants
ambiguous,Research/Visionary_Intelligence/04_Artifacts/Schauberger/patents/README.md,11 variants
ambiguous,Research/Visionary_Intelligence/04_Artifacts/Shared/historical_images/README.md,11 variants
ambiguous,Research/Visionary_Intelligence/04_Artifacts/Shared/figures/README.md,11 variants
ambiguous,Research/Visionary_Intelligence/04_Artifacts/Shared/diagrams/README.md,11 variants
ambiguous,Research/RnD_Additional/params.json,7 variants
ambiguous,Research/RnD_Additional/import_measurements.py,4 variants
ambiguous,Research/RnD_Additional/Import_Config.json,3 variants
ambiguous,Research/RnD_Additional/build_all.FCMacro.docx,2 variants
ambiguous,Research/RnD_Additional/05_Tank_Hydraulics_Unit/MicroHydroV1_Bench_Test_Tracker.xlsx,2 variants
ambiguous,Research/RnD_Additional/05_Tank_Hydraulics_Unit/TANK_Ripple_Model.xlsx,2 variants
ambiguous,Research/RnD_Additional/04_Hydram_Research_Unit/TANK_Ripple_Model.xlsx,2 variants
ambiguous,99_Operations/Visionary_Intelligence/README.md,11 variants
ambiguous,99_Operations/Visionary_Intelligence/06_Tools/crosslinking/README.md,11 variants
ambiguous,99_Operations/Visionary_Intelligence/06_Tools/hydraulics/README.md,11 variants
ambiguous,99_Operations/Visionary_Intelligence/07_Scenario_Traceability/README.md,11 variants
ambiguous,99_Operations/Visionary_Intelligence/05_Doctrine_Output/README.md,11 variants
ambiguous,99_Operations/Visionary_Intelligence/04_Artifacts/README.md,11 variants
ambiguous,99_Operations/Visionary_Intelligence/04_Artifacts/Tesla/publications/README.md,11 variants
ambiguous,99_Operations/Visionary_Intelligence/04_Artifacts/Tesla/images/README.md,11 variants
ambiguous,99_Operations/Visionary_Intelligence/04_Artifacts/Tesla/patents/README.md,11 variants
ambiguous,99_Operations/Visionary_Intelligence/04_Artifacts/Schauberger/publications/README.md,11 variants
ambiguous,99_Operations/Visionary_Intelligence/04_Artifacts/Schauberger/images/README.md,11 variants
ambiguous,99_Operations/Visionary_Intelligence/04_Artifacts/Schauberger/patents/README.md,11 variants
ambiguous,99_Operations/Visionary_Intelligence/04_Artifacts/Shared/historical_images/README.md,11 variants
ambiguous,99_Operations/Visionary_Intelligence/04_Artifacts/Shared/figures/README.md,11 variants
ambiguous,99_Operations/Visionary_Intelligence/04_Artifacts/Shared/diagrams/README.md,11 variants
ambiguous,scripts/tools/README.md,11 variants
ambiguous,Tools/README.txt,9 variants
ambiguous,MicroHydroV1_Phase3_Automation_Pack_macOS_OpenReleases/README.md,11 variants
ambiguous,04_Technology/handbooks/README.md,11 variants
ambiguous,Engineering/README.md,11 variants
ambiguous,Engineering/Tests/Data/T003_ELCStability_Run1.csv,2 variants
ambiguous,Engineering/Tests/Data/T004_Power_Run1.csv,2 variants
ambiguous,Engineering/Tests/Data/T002_TankRipple_Run1.csv,2 variants
ambiguous,Engineering/Tests/Data/T001_JetCoherence_Run1.csv,2 variants
ambiguous,Engineering/MicroHydroV1/README.md,11 variants
ambiguous,Engineering/MicroHydroV1/MANIFEST.json,6 variants
ambiguous,Engineering/MicroHydroV1/tests/raw/2026-01-22_Run1_JetCoherence/T001_JetCoherence_Run1.csv,2 variants
ambiguous,Engineering/MicroHydroV1/tests/raw/2026-01-22_Run1_TankRipple/T002_TankRipple_Run1.csv,2 variants
ambiguous,Engineering/MicroHydroV1/tests/raw/2026-01-22_Run1_Power/T004_Power_Run1.csv,2 variants
ambiguous,Engineering/MicroHydroV1/tests/raw/2026-01-22_Run1_ELCStability/T003_ELCStability_Run1.csv,2 variants
ambiguous,Engineering/MicroHydroV1/tools/validate/validate_repo.py,3 variants
ambiguous,Engineering/MicroHydroV1/tools/workflow/autofill_evidence_doc.py,3 variants
ambiguous,Engineering/MicroHydroV1/tools/optimize/optimize_params.py,2 variants
ambiguous,Engineering/MicroHydroV1/docs/run3/README_AUTOFILL.md,3 variants
ambiguous,Engineering/CAD/MicroHydroV1_CAD Archive/MicroHydroV1_Bench_Test_Tracker.xlsx,2 variants
ambiguous,Engineering/CAD/MicroHydroV1_CAD Archive/MicroHydroV1_FULL_Workspace/Tests/Data/Imported/T003_ELCStability_Run1.csv,2 variants
ambiguous,Engineering/CAD/MicroHydroV1_CAD Archive/MicroHydroV1_FULL_Workspace/Tests/Data/Imported/T004_Power_Run1.csv,2 variants
ambiguous,Engineering/CAD/MicroHydroV1_CAD Archive/MicroHydroV1_FULL_Workspace/Tests/Data/Imported/T002_TankRipple_Run1.csv,2 variants
ambiguous,Engineering/CAD/MicroHydroV1_CAD Archive/MicroHydroV1_FULL_Workspace/Tests/Data/Imported/T001_JetCoherence_Run1.csv,2 variants
ambiguous,Engineering/CAD/MicroHydroV1_Shapr3D_ReferenceModel/params.json,7 variants
ambiguous,Engineering/CAD/Reference_Models/Parametric_Values.md,2 variants
ambiguous,OffGrid_Renewables_Cleantech_Engineering_Manual_V2/00_Readme/README.md,11 variants
ambiguous,99_Operations 2/Visionary_Intelligence/README.md,11 variants
ambiguous,99_Operations 2/Visionary_Intelligence/06_Tools/crosslinking/README.md,11 variants
ambiguous,99_Operations 2/Visionary_Intelligence/06_Tools/hydraulics/README.md,11 variants
ambiguous,99_Operations 2/Visionary_Intelligence/07_Scenario_Traceability/README.md,11 variants
ambiguous,99_Operations 2/Visionary_Intelligence/05_Doctrine_Output/README.md,11 variants
ambiguous,99_Operations 2/Visionary_Intelligence/04_Artifacts/README.md,11 variants
ambiguous,99_Operations 2/Visionary_Intelligence/04_Artifacts/Tesla/publications/README.md,11 variants
ambiguous,99_Operations 2/Visionary_Intelligence/04_Artifacts/Tesla/images/README.md,11 variants
ambiguous,99_Operations 2/Visionary_Intelligence/04_Artifacts/Tesla/patents/README.md,11 variants
ambiguous,99_Operations 2/Visionary_Intelligence/04_Artifacts/Schauberger/publications/README.md,11 variants
ambiguous,99_Operations 2/Visionary_Intelligence/04_Artifacts/Schauberger/images/README.md,11 variants
ambiguous,99_Operations 2/Visionary_Intelligence/04_Artifacts/Schauberger/patents/README.md,11 variants
ambiguous,99_Operations 2/Visionary_Intelligence/04_Artifacts/Shared/historical_images/README.md,11 variants
ambiguous,99_Operations 2/Visionary_Intelligence/04_Artifacts/Shared/figures/README.md,11 variants
ambiguous,99_Operations 2/Visionary_Intelligence/04_Artifacts/Shared/diagrams/README.md,11 variants
ambiguous,artifacts/ResonanceEnergy_Enterprise_20260122_193803/README.md,11 variants
ambiguous,artifacts/ResonanceEnergy_Enterprise_20260122_193803/04_Technology/handbooks/README.md,11 variants
ambiguous,temp_integration/tools/README.md,11 variants
ambiguous,_CONSOLIDATION_BACKUP/pre_consolidation_20260211_223612/OffGrid_Renewables_Cleantech_Reference_Library/00_Readme/README.md,11 variants
ambiguous,_CONSOLIDATION_BACKUP/pre_consolidation_20260211_223612/99_Operations 3/Visionary_Intelligence/README.md,11 variants
ambiguous,_CONSOLIDATION_BACKUP/pre_consolidation_20260211_223612/99_Operations 3/Visionary_Intelligence/06_Tools/crosslinking/README.md,11 variants
ambiguous,_CONSOLIDATION_BACKUP/pre_consolidation_20260211_223612/99_Operations 3/Visionary_Intelligence/06_Tools/hydraulics/README.md,11 variants
ambiguous,_CONSOLIDATION_BACKUP/pre_consolidation_20260211_223612/99_Operations 3/Visionary_Intelligence/07_Scenario_Traceability/README.md,11 variants
ambiguous,_CONSOLIDATION_BACKUP/pre_consolidation_20260211_223612/99_Operations 3/Visionary_Intelligence/05_Doctrine_Output/README.md,11 variants
ambiguous,_CONSOLIDATION_BACKUP/pre_consolidation_20260211_223612/99_Operations 3/Visionary_Intelligence/04_Artifacts/README.md,11 variants
ambiguous,_CONSOLIDATION_BACKUP/pre_consolidation_20260211_223612/99_Operations 3/Visionary_Intelligence/04_Artifacts/Tesla/publications/README.md,11 variants
ambiguous,_CONSOLIDATION_BACKUP/pre_consolidation_20260211_223612/99_Operations 3/Visionary_Intelligence/04_Artifacts/Tesla/images/README.md,11 variants
ambiguous,_CONSOLIDATION_BACKUP/pre_consolidation_20260211_223612/99_Operations 3/Visionary_Intelligence/04_Artifacts/Tesla/patents/README.md,11 variants
ambiguous,_CONSOLIDATION_BACKUP/pre_consolidation_20260211_223612/99_Operations 3/Visionary_Intelligence/04_Artifacts/Schauberger/publications/README.md,11 variants
ambiguous,_CONSOLIDATION_BACKUP/pre_consolidation_20260211_223612/99_Operations 3/Visionary_Intelligence/04_Artifacts/Schauberger/images/README.md,11 variants
ambiguous,_CONSOLIDATION_BACKUP/pre_consolidation_20260211_223612/99_Operations 3/Visionary_Intelligence/04_Artifacts/Schauberger/patents/README.md,11 variants
ambiguous,_CONSOLIDATION_BACKUP/pre_consolidation_20260211_223612/99_Operations 3/Visionary_Intelligence/04_Artifacts/Shared/historical_images/README.md,11 variants
ambiguous,_CONSOLIDATION_BACKUP/pre_consolidation_20260211_223612/99_Operations 3/Visionary_Intelligence/04_Artifacts/Shared/figures/README.md,11 variants
ambiguous,_CONSOLIDATION_BACKUP/pre_consolidation_20260211_223612/99_Operations 3/Visionary_Intelligence/04_Artifacts/Shared/diagrams/README.md,11 variants
ambiguous,_CONSOLIDATION_BACKUP/pre_consolidation_20260211_223612/99_Operations/Visionary_Intelligence/README.md,11 variants
ambiguous,_CONSOLIDATION_BACKUP/pre_consolidation_20260211_223612/99_Operations/Visionary_Intelligence/06_Tools/crosslinking/README.md,11 variants
ambiguous,_CONSOLIDATION_BACKUP/pre_consolidation_20260211_223612/99_Operations/Visionary_Intelligence/06_Tools/hydraulics/README.md,11 variants
ambiguous,_CONSOLIDATION_BACKUP/pre_consolidation_20260211_223612/99_Operations/Visionary_Intelligence/07_Scenario_Traceability/README.md,11 variants
ambiguous,_CONSOLIDATION_BACKUP/pre_consolidation_20260211_223612/99_Operations/Visionary_Intelligence/05_Doctrine_Output/README.md,11 variants
ambiguous,_CONSOLIDATION_BACKUP/pre_consolidation_20260211_223612/99_Operations/Visionary_Intelligence/04_Artifacts/README.md,11 variants
ambiguous,_CONSOLIDATION_BACKUP/pre_consolidation_20260211_223612/99_Operations/Visionary_Intelligence/04_Artifacts/Tesla/publications/README.md,11 variants
ambiguous,_CONSOLIDATION_BACKUP/pre_consolidation_20260211_223612/99_Operations/Visionary_Intelligence/04_Artifacts/Tesla/images/README.md,11 variants
ambiguous,_CONSOLIDATION_BACKUP/pre_consolidation_20260211_223612/99_Operations/Visionary_Intelligence/04_Artifacts/Tesla/patents/README.md,11 variants
ambiguous,_CONSOLIDATION_BACKUP/pre_consolidation_20260211_223612/99_Operations/Visionary_Intelligence/04_Artifacts/Schauberger/publications/README.md,11 variants
ambiguous,_CONSOLIDATION_BACKUP/pre_consolidation_20260211_223612/99_Operations/Visionary_Intelligence/04_Artifacts/Schauberger/images/README.md,11 variants
ambiguous,_CONSOLIDATION_BACKUP/pre_consolidation_20260211_223612/99_Operations/Visionary_Intelligence/04_Artifacts/Schauberger/patents/README.md,11 variants
ambiguous,_CONSOLIDATION_BACKUP/pre_consolidation_20260211_223612/99_Operations/Visionary_Intelligence/04_Artifacts/Shared/historical_images/README.md,11 variants
ambiguous,_CONSOLIDATION_BACKUP/pre_consolidation_20260211_223612/99_Operations/Visionary_Intelligence/04_Artifacts/Shared/figures/README.md,11 variants
ambiguous,_CONSOLIDATION_BACKUP/pre_consolidation_20260211_223612/99_Operations/Visionary_Intelligence/04_Artifacts/Shared/diagrams/README.md,11 variants
ambiguous,_CONSOLIDATION_BACKUP/pre_consolidation_20260211_223612/Tools/README.txt,9 variants
ambiguous,_CONSOLIDATION_BACKUP/pre_consolidation_20260211_223612/MicroHydroV1_Phase3_Automation_Pack_macOS_OpenReleases/README.md,11 variants
ambiguous,_CONSOLIDATION_BACKUP/pre_consolidation_20260211_223612/04_Technology/handbooks/README.md,11 variants
ambiguous,_CONSOLIDATION_BACKUP/pre_consolidation_20260211_223612/OffGrid_Renewables_Cleantech_Engineering_Manual_V2/00_Readme/README.md,11 variants
ambiguous,_CONSOLIDATION_BACKUP/pre_consolidation_20260211_223612/99_Operations 2/Visionary_Intelligence/README.md,11 variants
ambiguous,_CONSOLIDATION_BACKUP/pre_consolidation_20260211_223612/99_Operations 2/Visionary_Intelligence/06_Tools/crosslinking/README.md,11 variants
ambiguous,_CONSOLIDATION_BACKUP/pre_consolidation_20260211_223612/99_Operations 2/Visionary_Intelligence/06_Tools/hydraulics/README.md,11 variants
ambiguous,_CONSOLIDATION_BACKUP/pre_consolidation_20260211_223612/99_Operations 2/Visionary_Intelligence/07_Scenario_Traceability/README.md,11 variants
ambiguous,_CONSOLIDATION_BACKUP/pre_consolidation_20260211_223612/99_Operations 2/Visionary_Intelligence/05_Doctrine_Output/README.md,11 variants
ambiguous,_CONSOLIDATION_BACKUP/pre_consolidation_20260211_223612/99_Operations 2/Visionary_Intelligence/04_Artifacts/README.md,11 variants
ambiguous,_CONSOLIDATION_BACKUP/pre_consolidation_20260211_223612/99_Operations 2/Visionary_Intelligence/04_Artifacts/Tesla/publications/README.md,11 variants
ambiguous,_CONSOLIDATION_BACKUP/pre_consolidation_20260211_223612/99_Operations 2/Visionary_Intelligence/04_Artifacts/Tesla/images/README.md,11 variants
ambiguous,_CONSOLIDATION_BACKUP/pre_consolidation_20260211_223612/99_Operations 2/Visionary_Intelligence/04_Artifacts/Tesla/patents/README.md,11 variants
ambiguous,_CONSOLIDATION_BACKUP/pre_consolidation_20260211_223612/99_Operations 2/Visionary_Intelligence/04_Artifacts/Schauberger/publications/README.md,11 variants
ambiguous,_CONSOLIDATION_BACKUP/pre_consolidation_20260211_223612/99_Operations 2/Visionary_Intelligence/04_Artifacts/Schauberger/images/README.md,11 variants
ambiguous,_CONSOLIDATION_BACKUP/pre_consolidation_20260211_223612/99_Operations 2/Visionary_Intelligence/04_Artifacts/Schauberger/patents/README.md,11 variants
ambiguous,_CONSOLIDATION_BACKUP/pre_consolidation_20260211_223612/99_Operations 2/Visionary_Intelligence/04_Artifacts/Shared/historical_images/README.md,11 variants
ambiguous,_CONSOLIDATION_BACKUP/pre_consolidation_20260211_223612/99_Operations 2/Visionary_Intelligence/04_Artifacts/Shared/figures/README.md,11 variants
ambiguous,_CONSOLIDATION_BACKUP/pre_consolidation_20260211_223612/99_Operations 2/Visionary_Intelligence/04_Artifacts/Shared/diagrams/README.md,11 variants
ambiguous,_CONSOLIDATION_BACKUP/pre_consolidation_20260211_223612/artifacts/ResonanceEnergy_Enterprise_20260122_193803/README.md,11 variants
ambiguous,_CONSOLIDATION_BACKUP/pre_consolidation_20260211_223612/artifacts/ResonanceEnergy_Enterprise_20260122_193803/04_Technology/handbooks/README.md,11 variants
no_source,resonance_backup_manifest.json,
no_source,Reorganize.py,
no_source,RUN_RESONANCE_SETUP.command,
no_source,RUN_RENDER_GUARDED.command,
no_source,RUN_INSTALL_WORKSPACE_GUARD.command,
no_source,RUN_BUILD_ALL.command,
no_source,RUN_BUILD_ALL_GUARDED.command,
no_source,02_Vision_Ethics_Founders/VISION_FOUNDATION.md,
no_source,OffGrid_Renewables_Cleantech_Reference_Library/01_Executive_Summary/OffGrid_Renewables_Report.md,
no_source,OffGrid_Renewables_Cleantech_Reference_Library/08_Tools_Checklists/Design_Checklists.md,
no_source,OffGrid_Renewables_Cleantech_Reference_Library/09_Reference_Index/references.md,
no_source,OffGrid_Renewables_Cleantech_Reference_Library/09_Reference_Index/references.json,
no_source,99_Operations 3/Visionary_Intelligence/SCOPE.md,
no_source,99_Operations 3/Visionary_Intelligence/STATUS.md,
no_source,99_Operations 3/Visionary_Intelligence/02_Founder_Collections/Tesla/Tesla_Profile.md,
no_source,99_Operations 3/Visionary_Intelligence/02_Founder_Collections/Tesla/Tesla_Works_Index.md,
no_source,99_Operations 3/Visionary_Intelligence/02_Founder_Collections/Tesla/Tesla_Patent_Compendium.md,
no_source,99_Operations 3/Visionary_Intelligence/02_Founder_Collections/Schauberger/Schauberger_Profile.md,
no_source,99_Operations 3/Visionary_Intelligence/02_Founder_Collections/Schauberger/Schauberger_Works_Index.md,
no_source,99_Operations 3/Visionary_Intelligence/02_Founder_Collections/Schauberger/Schauberger_Patent_Compendium.md,
no_source,99_Operations 3/Visionary_Intelligence/02_Founder_Collections/Dan_Winter/Dan_Winter_Profile.md,
no_source,99_Operations 3/Visionary_Intelligence/02_Founder_Collections/Dan_Winter/Dan_Winter_Total_Work_Index.md,
no_source,99_Operations 3/Visionary_Intelligence/02_Founder_Collections/Dan_Winter/Dan_Winter_Annex_NonMainstream_Disclaimer.md,
no_source,99_Operations 3/Visionary_Intelligence/06_Tools/crosslinking/scenario_linker_rules.md,
no_source,99_Operations 3/Visionary_Intelligence/06_Tools/hydraulics/hydraulics_friction_calculator.py,
no_source,99_Operations 3/Visionary_Intelligence/06_Tools/hydraulics/sample_inputs/example_site_01.json,
no_source,99_Operations 3/Visionary_Intelligence/06_Tools/hydraulics/sample_inputs/example_site_02.json,
no_source,99_Operations 3/Visionary_Intelligence/07_Scenario_Traceability/Traceability_Matrix.md,
no_source,99_Operations 3/Visionary_Intelligence/07_Scenario_Traceability/Scenario_Crosslinks/Scenario1.md,
no_source,99_Operations 3/Visionary_Intelligence/07_Scenario_Traceability/Scenario_Crosslinks/Scenario5.md,
no_source,99_Operations 3/Visionary_Intelligence/07_Scenario_Traceability/Scenario_Crosslinks/Scenario3.md,
no_source,99_Operations 3/Visionary_Intelligence/07_Scenario_Traceability/Scenario_Crosslinks/Scenario4.md,
no_source,99_Operations 3/Visionary_Intelligence/07_Scenario_Traceability/Scenario_Crosslinks/Scenario2.md,
no_source,99_Operations 3/Visionary_Intelligence/05_Doctrine_Output/markdown/Crossflow_Setup_Tuning.md,
no_source,99_Operations 3/Visionary_Intelligence/05_Doctrine_Output/markdown/Turbine_Selection_Doctrine.md,
no_source,99_Operations 3/Visionary_Intelligence/05_Doctrine_Output/markdown/Intake_Vortex_Prevention.md,
no_source,99_Operations 3/Visionary_Intelligence/05_Doctrine_Output/markdown/Penstock_Headloss_Rules.md,
no_source,99_Operations 3/Visionary_Intelligence/01_Master_Index/Visionary_Master_Index.md,
no_source,99_Operations 3/Visionary_Intelligence/01_Master_Index/Visionary_Comparative_Matrix.md,
no_source,99_Operations 3/Visionary_Intelligence/01_Master_Index/Crosslink_Map.md,
no_source,99_Operations 3/Visionary_Intelligence/01_Master_Index/Tag_Taxonomy.md,
no_source,99_Operations 3/Visionary_Intelligence/03_Visionary_Profiles/00_Profile_Template.md,
no_source,99_Operations 3/Visionary_Intelligence/04_Artifacts/Tesla/publications/INDEX.json,
no_source,99_Operations 3/Visionary_Intelligence/04_Artifacts/Tesla/images/INDEX.json,
no_source,99_Operations 3/Visionary_Intelligence/04_Artifacts/Tesla/patents/INDEX.json,
no_source,99_Operations 3/Visionary_Intelligence/04_Artifacts/schemas/INDEX.schema.json,
no_source,99_Operations 3/Visionary_Intelligence/04_Artifacts/schemas/LICENSE.schema.json,
no_source,99_Operations 3/Visionary_Intelligence/04_Artifacts/Schauberger/publications/INDEX.json,
no_source,99_Operations 3/Visionary_Intelligence/04_Artifacts/Schauberger/images/INDEX.json,
no_source,99_Operations 3/Visionary_Intelligence/04_Artifacts/Schauberger/patents/INDEX.json,
no_source,99_Operations 3/Visionary_Intelligence/04_Artifacts/Shared/historical_images/INDEX.json,
no_source,99_Operations 3/Visionary_Intelligence/04_Artifacts/Shared/figures/INDEX.json,
no_source,99_Operations 3/Visionary_Intelligence/04_Artifacts/Shared/diagrams/INDEX.json,
no_source,99_Operations 3/Visionary_Intelligence/08_Review_and_Promotion/QA_Checklist.md,
no_source,99_Operations 3/Visionary_Intelligence/08_Review_and_Promotion/Release_Notes_Template.md,
no_source,99_Operations 3/Visionary_Intelligence/08_Review_and_Promotion/Merge_Map_To_Company_Tree.md,
no_source,99_Operations 3/Visionary_Intelligence/08_Review_and_Promotion/Promotion_Checklist.md,
no_source,99_Operations 3/Visionary_Intelligence/00_Admin/License_Policy.md,
no_source,99_Operations 3/Visionary_Intelligence/00_Admin/Conventions.md,
no_source,99_Operations 3/Visionary_Intelligence/00_Admin/Citation_Rules.md,
no_source,99_Operations 3/Visionary_Intelligence/00_Admin/Contribution_Guide.md,
no_source,99_Operations 3/Visionary_Intelligence/00_Admin/Naming_Standards.md,
no_source,00_MASTER_PLAN/DECISION_LOG.md,
no_source,00_MASTER_PLAN/POPULATION_ROADMAP.md,
no_source,00_MASTER_PLAN/FILE_STRUCTURE_MAP.md,
no_source,00_MASTER_PLAN/MASTER_PLAN.md,
no_source,01_Executive_Summary/EXEC_SUMMARY.md,
no_source,Implementation/MicroHydroV1_ASAP_Timeline.xlsx,
no_source,Implementation/MicroHydroV1_MasterIntegrator_Toolkit.zip,
no_source,Implementation/MICRO HYDRO - OLD/RnD/MASTER_PRODUCTION_PACKAGE.zip,
no_source,Implementation/MicroHydroV1 — SoT/MicroHydroV1/docs/addons/zips/MicroHydroV1_v0.3.0_FULL_LOCKED_PressurePa.zip,
no_source,Implementation/MicroHydroV1 — SoT/MicroHydroV1/docs/addons/zips/MicroHydroV1_DO_ALL_AddOn_v0.3.0 (3).zip,
no_source,Implementation/MicroHydroV1 — SoT/MicroHydroV1/docs/addons/zips/MicroHydroV1_RUN3_DoAll_Templates_Plots.zip,
no_source,Implementation/MicroHydroV1 — SoT/MicroHydroV1/docs/addons/zips/MicroHydroV1_DO_ALL_AddOn_v0.3.0.zip,
no_source,Implementation/MicroHydroV1 — SoT/MicroHydroV1/docs/addons/zips/MicroHydroV1_Calibration_AutoEmbed_AddOn_v0.3.0.zip,
no_source,Implementation/MicroHydroV1 — SoT/MicroHydroV1/docs/addons/zips/MicroHydroV1_DO_ALL_AddOn_v0.3.0 (2).zip,
no_source,Implementation/MicroHydroV1 — SoT/MicroHydroV1_BACKUP_20260122_005746/MicroHydroV1_v0.3.0_FULL_LOCKED_PressurePa.zip,
no_source,Implementation/MicroHydroV1 — SoT/MicroHydroV1_BACKUP_20260122_005746/MicroHydroV1_DO_ALL_AddOn_v0.3.0 (3).zip,
no_source,Implementation/MicroHydroV1 — SoT/MicroHydroV1_BACKUP_20260122_005746/MicroHydroV1_RUN3_DoAll_Templates_Plots.zip,
no_source,Implementation/MicroHydroV1 — SoT/MicroHydroV1_BACKUP_20260122_005746/MicroHydroV1_DO_ALL_AddOn_v0.3.0.zip,
no_source,Implementation/MicroHydroV1 — SoT/MicroHydroV1_BACKUP_20260122_005746/MicroHydroV1_Calibration_AutoEmbed_AddOn_v0.3.0.zip,
no_source,Implementation/MicroHydroV1 — SoT/MicroHydroV1_BACKUP_20260122_005746/MicroHydroV1_DO_ALL_AddOn_v0.3.0 (2).zip,
no_source,Tools Folder Kit/Backup_Resonance_HASH.command,
no_source,Tools Folder Kit/Backup_Resonance_DRYRUN.command,
no_source,Tools Folder Kit/RESONANCE_PROJECT_ROOT.txt,
no_source,Tools Folder Kit/Backup_Resonance_REPACK.command,
no_source,Tools Folder Kit/backup_resonance_incremental.py,
no_source,Tools Folder Kit/Backup_Resonance.command,
no_source,12_Admin_Governance/BOARD_CHARTER.md,
no_source,Research/Visionary_Intelligence/SCOPE.md,
no_source,Research/Visionary_Intelligence/STATUS.md,
no_source,Research/Visionary_Intelligence/02_Founder_Collections/Tesla/Tesla_Profile.md,
no_source,Research/Visionary_Intelligence/02_Founder_Collections/Tesla/Tesla_Works_Index.md,
no_source,Research/Visionary_Intelligence/02_Founder_Collections/Tesla/Tesla_Patent_Compendium.md,
no_source,Research/Visionary_Intelligence/02_Founder_Collections/Schauberger/Schauberger_Profile.md,
no_source,Research/Visionary_Intelligence/02_Founder_Collections/Schauberger/Schauberger_Works_Index.md,
no_source,Research/Visionary_Intelligence/02_Founder_Collections/Schauberger/Schauberger_Patent_Compendium.md,
no_source,Research/Visionary_Intelligence/02_Founder_Collections/Dan_Winter/Dan_Winter_Profile.md,
no_source,Research/Visionary_Intelligence/02_Founder_Collections/Dan_Winter/Dan_Winter_Total_Work_Index.md,
no_source,Research/Visionary_Intelligence/02_Founder_Collections/Dan_Winter/Dan_Winter_Annex_NonMainstream_Disclaimer.md,
no_source,Research/Visionary_Intelligence/06_Tools/crosslinking/scenario_linker_rules.md,
no_source,Research/Visionary_Intelligence/06_Tools/hydraulics/hydraulics_friction_calculator.py,
no_source,Research/Visionary_Intelligence/06_Tools/hydraulics/sample_inputs/example_site_01.json,
no_source,Research/Visionary_Intelligence/06_Tools/hydraulics/sample_inputs/example_site_02.json,
no_source,Research/Visionary_Intelligence/07_Scenario_Traceability/Traceability_Matrix.md,
no_source,Research/Visionary_Intelligence/07_Scenario_Traceability/Scenario_Crosslinks/Scenario1.md,
no_source,Research/Visionary_Intelligence/07_Scenario_Traceability/Scenario_Crosslinks/Scenario5.md,
no_source,Research/Visionary_Intelligence/07_Scenario_Traceability/Scenario_Crosslinks/Scenario3.md,
no_source,Research/Visionary_Intelligence/07_Scenario_Traceability/Scenario_Crosslinks/Scenario4.md,
no_source,Research/Visionary_Intelligence/07_Scenario_Traceability/Scenario_Crosslinks/Scenario2.md,
no_source,Research/Visionary_Intelligence/05_Doctrine_Output/markdown/Crossflow_Setup_Tuning.md,
no_source,Research/Visionary_Intelligence/05_Doctrine_Output/markdown/Turbine_Selection_Doctrine.md,
no_source,Research/Visionary_Intelligence/05_Doctrine_Output/markdown/Intake_Vortex_Prevention.md,
no_source,Research/Visionary_Intelligence/05_Doctrine_Output/markdown/Penstock_Headloss_Rules.md,
no_source,Research/Visionary_Intelligence/01_Master_Index/Visionary_Master_Index.md,
no_source,Research/Visionary_Intelligence/01_Master_Index/Visionary_Comparative_Matrix.md,
no_source,Research/Visionary_Intelligence/01_Master_Index/Crosslink_Map.md,
no_source,Research/Visionary_Intelligence/01_Master_Index/Tag_Taxonomy.md,
no_source,Research/Visionary_Intelligence/03_Visionary_Profiles/00_Profile_Template.md,
no_source,Research/Visionary_Intelligence/04_Artifacts/Tesla/publications/INDEX.json,
no_source,Research/Visionary_Intelligence/04_Artifacts/Tesla/images/INDEX.json,
no_source,Research/Visionary_Intelligence/04_Artifacts/Tesla/patents/INDEX.json,
no_source,Research/Visionary_Intelligence/04_Artifacts/schemas/INDEX.schema.json,
no_source,Research/Visionary_Intelligence/04_Artifacts/schemas/LICENSE.schema.json,
no_source,Research/Visionary_Intelligence/04_Artifacts/Schauberger/publications/INDEX.json,
no_source,Research/Visionary_Intelligence/04_Artifacts/Schauberger/images/INDEX.json,
no_source,Research/Visionary_Intelligence/04_Artifacts/Schauberger/patents/INDEX.json,
no_source,Research/Visionary_Intelligence/04_Artifacts/Shared/historical_images/INDEX.json,
no_source,Research/Visionary_Intelligence/04_Artifacts/Shared/figures/INDEX.json,
no_source,Research/Visionary_Intelligence/04_Artifacts/Shared/diagrams/INDEX.json,
no_source,Research/Visionary_Intelligence/08_Review_and_Promotion/QA_Checklist.md,
no_source,Research/Visionary_Intelligence/08_Review_and_Promotion/Release_Notes_Template.md,
no_source,Research/Visionary_Intelligence/08_Review_and_Promotion/Merge_Map_To_Company_Tree.md,
no_source,Research/Visionary_Intelligence/08_Review_and_Promotion/Promotion_Checklist.md,
no_source,Research/Visionary_Intelligence/00_Admin/License_Policy.md,
no_source,Research/Visionary_Intelligence/00_Admin/Conventions.md,
no_source,Research/Visionary_Intelligence/00_Admin/Citation_Rules.md,
no_source,Research/Visionary_Intelligence/00_Admin/Contribution_Guide.md,
no_source,Research/Visionary_Intelligence/00_Admin/Naming_Standards.md,
no_source,03_Market_Scenarios/Scenario5_Resilience_Hub/SCENARIO.md,
no_source,03_Market_Scenarios/Scenario1_Indigenous_Microgrid/SCENARIO.md,
no_source,03_Market_Scenarios/Scenario3_Industrial_Outfall/SCENARIO.md,
no_source,03_Market_Scenarios/Scenario4_EcoResort_Campus/SCENARIO.md,
no_source,03_Market_Scenarios/Scenario2_Irrigation_Canal/SCENARIO.md,
no_source,99_Operations/Visionary_Intelligence/SCOPE.md,
no_source,99_Operations/Visionary_Intelligence/STATUS.md,
no_source,99_Operations/Visionary_Intelligence/02_Founder_Collections/Tesla/Tesla_Profile.md,
no_source,99_Operations/Visionary_Intelligence/02_Founder_Collections/Tesla/Tesla_Works_Index.md,
no_source,99_Operations/Visionary_Intelligence/02_Founder_Collections/Tesla/Tesla_Patent_Compendium.md,
no_source,99_Operations/Visionary_Intelligence/02_Founder_Collections/Schauberger/Schauberger_Profile.md,
no_source,99_Operations/Visionary_Intelligence/02_Founder_Collections/Schauberger/Schauberger_Works_Index.md,
no_source,99_Operations/Visionary_Intelligence/02_Founder_Collections/Schauberger/Schauberger_Patent_Compendium.md,
no_source,99_Operations/Visionary_Intelligence/02_Founder_Collections/Dan_Winter/Dan_Winter_Profile.md,
no_source,99_Operations/Visionary_Intelligence/02_Founder_Collections/Dan_Winter/Dan_Winter_Total_Work_Index.md,
no_source,99_Operations/Visionary_Intelligence/02_Founder_Collections/Dan_Winter/Dan_Winter_Annex_NonMainstream_Disclaimer.md,
no_source,99_Operations/Visionary_Intelligence/06_Tools/crosslinking/scenario_linker_rules.md,
no_source,99_Operations/Visionary_Intelligence/06_Tools/hydraulics/hydraulics_friction_calculator.py,
no_source,99_Operations/Visionary_Intelligence/06_Tools/hydraulics/sample_inputs/example_site_01.json,
no_source,99_Operations/Visionary_Intelligence/06_Tools/hydraulics/sample_inputs/example_site_02.json,
no_source,99_Operations/Visionary_Intelligence/07_Scenario_Traceability/Traceability_Matrix.md,
no_source,99_Operations/Visionary_Intelligence/07_Scenario_Traceability/Scenario_Crosslinks/Scenario1.md,
no_source,99_Operations/Visionary_Intelligence/07_Scenario_Traceability/Scenario_Crosslinks/Scenario5.md,
no_source,99_Operations/Visionary_Intelligence/07_Scenario_Traceability/Scenario_Crosslinks/Scenario3.md,
no_source,99_Operations/Visionary_Intelligence/07_Scenario_Traceability/Scenario_Crosslinks/Scenario4.md,
no_source,99_Operations/Visionary_Intelligence/07_Scenario_Traceability/Scenario_Crosslinks/Scenario2.md,
no_source,99_Operations/Visionary_Intelligence/05_Doctrine_Output/markdown/Crossflow_Setup_Tuning.md,
no_source,99_Operations/Visionary_Intelligence/05_Doctrine_Output/markdown/Turbine_Selection_Doctrine.md,
no_source,99_Operations/Visionary_Intelligence/05_Doctrine_Output/markdown/Intake_Vortex_Prevention.md,
no_source,99_Operations/Visionary_Intelligence/05_Doctrine_Output/markdown/Penstock_Headloss_Rules.md,
no_source,99_Operations/Visionary_Intelligence/01_Master_Index/Visionary_Master_Index.md,
no_source,99_Operations/Visionary_Intelligence/01_Master_Index/Visionary_Comparative_Matrix.md,
no_source,99_Operations/Visionary_Intelligence/01_Master_Index/Crosslink_Map.md,
no_source,99_Operations/Visionary_Intelligence/01_Master_Index/Tag_Taxonomy.md,
no_source,99_Operations/Visionary_Intelligence/03_Visionary_Profiles/00_Profile_Template.md,
no_source,99_Operations/Visionary_Intelligence/04_Artifacts/Tesla/publications/INDEX.json,
no_source,99_Operations/Visionary_Intelligence/04_Artifacts/Tesla/images/INDEX.json,
no_source,99_Operations/Visionary_Intelligence/04_Artifacts/Tesla/patents/INDEX.json,
no_source,99_Operations/Visionary_Intelligence/04_Artifacts/schemas/INDEX.schema.json,
no_source,99_Operations/Visionary_Intelligence/04_Artifacts/schemas/LICENSE.schema.json,
no_source,99_Operations/Visionary_Intelligence/04_Artifacts/Schauberger/publications/INDEX.json,
no_source,99_Operations/Visionary_Intelligence/04_Artifacts/Schauberger/images/INDEX.json,
no_source,99_Operations/Visionary_Intelligence/04_Artifacts/Schauberger/patents/INDEX.json,
no_source,99_Operations/Visionary_Intelligence/04_Artifacts/Shared/historical_images/INDEX.json,
no_source,99_Operations/Visionary_Intelligence/04_Artifacts/Shared/figures/INDEX.json,
no_source,99_Operations/Visionary_Intelligence/04_Artifacts/Shared/diagrams/INDEX.json,
no_source,99_Operations/Visionary_Intelligence/08_Review_and_Promotion/QA_Checklist.md,
no_source,99_Operations/Visionary_Intelligence/08_Review_and_Promotion/Release_Notes_Template.md,
no_source,99_Operations/Visionary_Intelligence/08_Review_and_Promotion/Merge_Map_To_Company_Tree.md,
no_source,99_Operations/Visionary_Intelligence/08_Review_and_Promotion/Promotion_Checklist.md,
no_source,99_Operations/Visionary_Intelligence/00_Admin/License_Policy.md,
no_source,99_Operations/Visionary_Intelligence/00_Admin/Conventions.md,
no_source,99_Operations/Visionary_Intelligence/00_Admin/Citation_Rules.md,
no_source,99_Operations/Visionary_Intelligence/00_Admin/Contribution_Guide.md,
no_source,99_Operations/Visionary_Intelligence/00_Admin/Naming_Standards.md,
no_source,scripts/workspace_disk_guard.py,
no_source,scripts/build_all.py,
no_source,scripts/zip_repo_safe_guarded.py,
no_source,scripts/copy_context_to_clipboard.sh,
no_source,scripts/render_handbooks_guarded.py,
no_source,scripts/one_click_installer.py,
no_source,scripts/one_click_full_build.py,
no_source,scripts/render_handbooks.py,
no_source,scripts/zip_repo_safe.py,
no_source,scripts/one_click_bootstrap.py,
no_source,scripts/build_all_guarded.py,
no_source,scripts/preflight_handbooks.py,
no_source,scripts/automate_handbooks.py,
no_source,scripts/context_for_chat.py,
no_source,branding/DECISIONS_AND_TODOS.md,
no_source,branding/taglines/TAGLINES_MASTER.md,
no_source,Tools/daily_fast.command,
no_source,Tools/weekly_hash.command,
no_source,Tools/backup_engine.py,
no_source,Tools/dry_run.command,
no_source,Tools/fix_permissions.command,
no_source,Tools/monthly_repack.command,
no_source,Tools/restore.py,
no_source,Tools/restore.command,
no_source,Tools/backup_config.json,
no_source,MicroHydroV1_FastTrack_Bundle/Evidence_Doc_Example.txt,
no_source,MicroHydroV1_FastTrack_Bundle/Operator_Card.txt,
no_source,MicroHydroV1_FastTrack_Bundle/PowerAutomate_Flows.txt,
no_source,MicroHydroV1_FastTrack_Bundle/SOP.txt,
no_source,MicroHydroV1_FastTrack_Bundle/SharePoint_Config.txt,
no_source,MicroHydroV1_Phase3_Automation_Pack_macOS_OpenReleases/requirements.txt,
no_source,MicroHydroV1_Phase3_Automation_Pack_macOS_OpenReleases/RELEASES_URL_SAMPLE.txt,
no_source,MicroHydroV1_Phase3_Automation_Pack_macOS_OpenReleases/launch_mac.sh,
no_source,MicroHydroV1_Phase3_Automation_Pack_macOS_OpenReleases/scripts/new_run.py,
no_source,MicroHydroV1_Phase3_Automation_Pack_macOS_OpenReleases/scripts/run_one_command.py,
no_source,MicroHydroV1_Phase3_Automation_Pack_macOS_OpenReleases/scripts/preflight_t002.py,
no_source,MicroHydroV1_Phase3_Automation_Pack_macOS_OpenReleases/docs/POWER_AUTOMATE_EXTENSIONS.md,
no_source,04_Technology/05_Battery_PV_Wind/COST_BENCHMARKS.md,
no_source,04_Technology/04_Electrical_Protection/PROTECTION_OVERVIEW.md,
no_source,04_Technology/06_Control_SCADA/BLACKSTART_CONCEPT.md,
no_source,04_Technology/01_Hydraulics/HYDRAULICS_PRIMER.md,
no_source,04_Technology/03_Turbine_Generator/CROSSFLOW_TURBINE.md,
no_source,04_Technology/02_Hydram/HYDRAM_GUIDE.md,
no_source,04_Technology/handbooks/HB-01_Turbine_Selection/handbook.md,
no_source,04_Technology/handbooks/HB-01_Turbine_Selection/exports/HB-01_Turbine_Selection_Doctrine_(Crossflow-first).pdf,
no_source,04_Technology/handbooks/HB-01_Turbine_Selection/contexts/CONTEXT_OVERLAYS.md,
no_source,04_Technology/handbooks/HB-02_Intake_Debris/handbook.md,
no_source,"04_Technology/handbooks/HB-02_Intake_Debris/exports/HB-02_Intake_&_Debris_Management_(Run-of-River,_Water-kind).pdf",
no_source,04_Technology/handbooks/HB-02_Intake_Debris/contexts/CONTEXT_OVERLAYS.md,
no_source,04_Technology/handbooks/HB-05_Controls_SCADA/handbook.md,
no_source,"04_Technology/handbooks/HB-05_Controls_SCADA/exports/HB-05_Controls,_Blackstart_&_SCADA_(Microgrid_Backbone).pdf",
no_source,04_Technology/handbooks/HB-05_Controls_SCADA/contexts/CONTEXT_OVERLAYS.md,
no_source,04_Technology/handbooks/HB-06_Commissioning_FAT_SAT/handbook.md,
no_source,04_Technology/handbooks/HB-06_Commissioning_FAT_SAT/exports/HB-06_Commissioning_&_Acceptance_Testing_(FAT_→_SAT).pdf,
no_source,04_Technology/handbooks/HB-06_Commissioning_FAT_SAT/contexts/CONTEXT_OVERLAYS.md,
no_source,04_Technology/handbooks/HB-03_Penstock_Headloss/handbook.md,
no_source,04_Technology/handbooks/HB-03_Penstock_Headloss/exports/HB-03_Penstock_&_Headloss_Design_(≤10%_Loss_Standard).pdf,
no_source,04_Technology/handbooks/HB-03_Penstock_Headloss/contexts/CONTEXT_OVERLAYS.md,
no_source,04_Technology/handbooks/HB-04_Hydram_Tuning/handbook.md,
no_source,04_Technology/handbooks/HB-04_Hydram_Tuning/exports/HB-04_Hydraulic_Ram_Pump_Design_&_Tuning.pdf,
no_source,04_Technology/handbooks/HB-04_Hydram_Tuning/contexts/CONTEXT_OVERLAYS.md,
no_source,04_Technology/handbooks/_shared/COVER_TEMPLATE.md,
no_source,04_Technology/handbooks/_shared/handbook_style.json,
no_source,04_Technology/handbooks/_shared/DEFAULT_CONTEXTS.md,
no_source,04_Technology/handbooks/_shared/CONTEXT_MATRIX.md,
no_source,04_Technology/handbooks/_shared/DISCLAIMER.md,
no_source,OffGrid_Renewables_Cleantech_Engineering_Manual_V2/07_Volume_G_Resonance_RamPump_to_Turbine_Generator/Volume_G_Resonance_RamPump_to_Turbine_Generator.md,
no_source,OffGrid_Renewables_Cleantech_Engineering_Manual_V2/DOCX_Versions/Volume_D_Microgrids_and_Controls.docx,
no_source,OffGrid_Renewables_Cleantech_Engineering_Manual_V2/DOCX_Versions/Volume_E_Safety_Codes_Standards.docx,
no_source,OffGrid_Renewables_Cleantech_Engineering_Manual_V2/DOCX_Versions/Volume_C_Storage_and_Power_Electronics.docx,
no_source,OffGrid_Renewables_Cleantech_Engineering_Manual_V2/DOCX_Versions/Volume_F_Economics_and_Costs.docx,
no_source,OffGrid_Renewables_Cleantech_Engineering_Manual_V2/DOCX_Versions/Volume_B1_Solar_PV.docx,
no_source,OffGrid_Renewables_Cleantech_Engineering_Manual_V2/DOCX_Versions/Volume_B4_Biogas.docx,
no_source,OffGrid_Renewables_Cleantech_Engineering_Manual_V2/DOCX_Versions/Volume_B5_Hydrogen.docx,
no_source,OffGrid_Renewables_Cleantech_Engineering_Manual_V2/DOCX_Versions/Volume_G_Resonance_RamPump_to_Turbine_Generator.docx,
no_source,OffGrid_Renewables_Cleantech_Engineering_Manual_V2/DOCX_Versions/Volume_B2_Wind.docx,
no_source,OffGrid_Renewables_Cleantech_Engineering_Manual_V2/DOCX_Versions/Volume_B3_Microhydro.docx,
no_source,OffGrid_Renewables_Cleantech_Engineering_Manual_V2/DOCX_Versions/Volume_A_System_Engineering.docx,
no_source,OffGrid_Renewables_Cleantech_Engineering_Manual_V2/06_Volume_F_Economics_and_Costs/Volume_F_Economics_and_Costs.md,
no_source,OffGrid_Renewables_Cleantech_Engineering_Manual_V2/02_Volume_B_Generation_Tech/Wind/Volume_B2_Wind.md,
no_source,OffGrid_Renewables_Cleantech_Engineering_Manual_V2/02_Volume_B_Generation_Tech/Hydrogen/Volume_B5_Hydrogen.md,
no_source,OffGrid_Renewables_Cleantech_Engineering_Manual_V2/02_Volume_B_Generation_Tech/Solar_PV/Volume_B1_Solar_PV.md,
no_source,OffGrid_Renewables_Cleantech_Engineering_Manual_V2/02_Volume_B_Generation_Tech/Microhydro/Volume_B3_Microhydro.md,
no_source,OffGrid_Renewables_Cleantech_Engineering_Manual_V2/02_Volume_B_Generation_Tech/Bioenergy_Biogas/Volume_B4_Biogas.md,
no_source,OffGrid_Renewables_Cleantech_Engineering_Manual_V2/03_Volume_C_Storage_and_Power_Electronics/Volume_C_Storage_and_Power_Electronics.md,
no_source,OffGrid_Renewables_Cleantech_Engineering_Manual_V2/01_Volume_A_System_Engineering/Volume_A_System_Engineering.md,
no_source,OffGrid_Renewables_Cleantech_Engineering_Manual_V2/05_Volume_E_Safety_Codes_Standards/Volume_E_Safety_Codes_Standards.md,
no_source,OffGrid_Renewables_Cleantech_Engineering_Manual_V2/04_Volume_D_Microgrids_and_Controls/Volume_D_Microgrids_and_Controls.md,
no_source,OffGrid_Renewables_Cleantech_Engineering_Manual_V2/08_Tools_Templates/Hydro_Site_Survey.md,
no_source,OffGrid_Renewables_Cleantech_Engineering_Manual_V2/08_Tools_Templates/Load_Audit_Template.md,
no_source,OffGrid_Renewables_Cleantech_Engineering_Manual_V2/09_Reference_Library/references.md,
no_source,OffGrid_Renewables_Cleantech_Engineering_Manual_V2/09_Reference_Library/references.json,
no_source,99_Operations 2/Visionary_Intelligence/SCOPE.md,
no_source,99_Operations 2/Visionary_Intelligence/STATUS.md,
no_source,99_Operations 2/Visionary_Intelligence/02_Founder_Collections/Tesla/Tesla_Profile.md,
no_source,99_Operations 2/Visionary_Intelligence/02_Founder_Collections/Tesla/Tesla_Works_Index.md,
no_source,99_Operations 2/Visionary_Intelligence/02_Founder_Collections/Tesla/Tesla_Patent_Compendium.md,
no_source,99_Operations 2/Visionary_Intelligence/02_Founder_Collections/Schauberger/Schauberger_Profile.md,
no_source,99_Operations 2/Visionary_Intelligence/02_Founder_Collections/Schauberger/Schauberger_Works_Index.md,
no_source,99_Operations 2/Visionary_Intelligence/02_Founder_Collections/Schauberger/Schauberger_Patent_Compendium.md,
no_source,99_Operations 2/Visionary_Intelligence/02_Founder_Collections/Dan_Winter/Dan_Winter_Profile.md,
no_source,99_Operations 2/Visionary_Intelligence/02_Founder_Collections/Dan_Winter/Dan_Winter_Total_Work_Index.md,
no_source,99_Operations 2/Visionary_Intelligence/02_Founder_Collections/Dan_Winter/Dan_Winter_Annex_NonMainstream_Disclaimer.md,
no_source,99_Operations 2/Visionary_Intelligence/06_Tools/crosslinking/scenario_linker_rules.md,
no_source,99_Operations 2/Visionary_Intelligence/06_Tools/hydraulics/hydraulics_friction_calculator.py,
no_source,99_Operations 2/Visionary_Intelligence/06_Tools/hydraulics/sample_inputs/example_site_01.json,
no_source,99_Operations 2/Visionary_Intelligence/06_Tools/hydraulics/sample_inputs/example_site_02.json,
no_source,99_Operations 2/Visionary_Intelligence/07_Scenario_Traceability/Traceability_Matrix.md,
no_source,99_Operations 2/Visionary_Intelligence/07_Scenario_Traceability/Scenario_Crosslinks/Scenario1.md,
no_source,99_Operations 2/Visionary_Intelligence/07_Scenario_Traceability/Scenario_Crosslinks/Scenario5.md,
no_source,99_Operations 2/Visionary_Intelligence/07_Scenario_Traceability/Scenario_Crosslinks/Scenario3.md,
no_source,99_Operations 2/Visionary_Intelligence/07_Scenario_Traceability/Scenario_Crosslinks/Scenario4.md,
no_source,99_Operations 2/Visionary_Intelligence/07_Scenario_Traceability/Scenario_Crosslinks/Scenario2.md,
no_source,99_Operations 2/Visionary_Intelligence/05_Doctrine_Output/markdown/Crossflow_Setup_Tuning.md,
no_source,99_Operations 2/Visionary_Intelligence/05_Doctrine_Output/markdown/Turbine_Selection_Doctrine.md,
no_source,99_Operations 2/Visionary_Intelligence/05_Doctrine_Output/markdown/Intake_Vortex_Prevention.md,
no_source,99_Operations 2/Visionary_Intelligence/05_Doctrine_Output/markdown/Penstock_Headloss_Rules.md,
no_source,99_Operations 2/Visionary_Intelligence/01_Master_Index/Visionary_Master_Index.md,
no_source,99_Operations 2/Visionary_Intelligence/01_Master_Index/Visionary_Comparative_Matrix.md,
no_source,99_Operations 2/Visionary_Intelligence/01_Master_Index/Crosslink_Map.md,
no_source,99_Operations 2/Visionary_Intelligence/01_Master_Index/Tag_Taxonomy.md,
no_source,99_Operations 2/Visionary_Intelligence/03_Visionary_Profiles/00_Profile_Template.md,
no_source,99_Operations 2/Visionary_Intelligence/04_Artifacts/Tesla/publications/INDEX.json,
no_source,99_Operations 2/Visionary_Intelligence/04_Artifacts/Tesla/images/INDEX.json,
no_source,99_Operations 2/Visionary_Intelligence/04_Artifacts/Tesla/patents/INDEX.json,
no_source,99_Operations 2/Visionary_Intelligence/04_Artifacts/schemas/INDEX.schema.json,
no_source,99_Operations 2/Visionary_Intelligence/04_Artifacts/schemas/LICENSE.schema.json,
no_source,99_Operations 2/Visionary_Intelligence/04_Artifacts/Schauberger/publications/INDEX.json,
no_source,99_Operations 2/Visionary_Intelligence/04_Artifacts/Schauberger/images/INDEX.json,
no_source,99_Operations 2/Visionary_Intelligence/04_Artifacts/Schauberger/patents/INDEX.json,
no_source,99_Operations 2/Visionary_Intelligence/04_Artifacts/Shared/historical_images/INDEX.json,
no_source,99_Operations 2/Visionary_Intelligence/04_Artifacts/Shared/figures/INDEX.json,
no_source,99_Operations 2/Visionary_Intelligence/04_Artifacts/Shared/diagrams/INDEX.json,
no_source,99_Operations 2/Visionary_Intelligence/08_Review_and_Promotion/QA_Checklist.md,
no_source,99_Operations 2/Visionary_Intelligence/08_Review_and_Promotion/Release_Notes_Template.md,
no_source,99_Operations 2/Visionary_Intelligence/08_Review_and_Promotion/Merge_Map_To_Company_Tree.md,
no_source,99_Operations 2/Visionary_Intelligence/08_Review_and_Promotion/Promotion_Checklist.md,
no_source,99_Operations 2/Visionary_Intelligence/00_Admin/License_Policy.md,
no_source,99_Operations 2/Visionary_Intelligence/00_Admin/Conventions.md,
no_source,99_Operations 2/Visionary_Intelligence/00_Admin/Citation_Rules.md,
no_source,99_Operations 2/Visionary_Intelligence/00_Admin/Contribution_Guide.md,
no_source,99_Operations 2/Visionary_Intelligence/00_Admin/Naming_Standards.md,
no_source,_BACKUPS/Visionary_Intelligence_OneClick_Update.zip,
no_source,_BACKUPS/ResonanceEnergy_OneClick_FullBuild_Patch.zip,
no_source,_BACKUPS/BackupToolsPackage.zip,
no_source,_BACKUPS/99_Operations.zip,
no_source,_BACKUPS/99_Operations copy.zip,
no_source,_BACKUPS/resonance_backup_incremental.zip,
no_source,_BACKUPS/OffGrid_Renewables_Cleantech_Reference_Library.zip,
no_source,_BACKUPS/Visionary_Intelligence_OneClick_Update_ApplyOnly_SafetyFlags.zip,
no_source,_BACKUPS/OffGrid_Renewables_Cleantech_Engineering_Manual_V2.zip,
no_source,11_References/MASTER_REFERENCES.md,
no_source,artifacts/ResonanceEnergy_Enterprise_20260122_193803.zip,
no_source,artifacts/build_all_report.md,
no_source,artifacts/preflight_report.md,
no_source,artifacts/bootstrap_report.md,
no_source,artifacts/ResonanceEnergy_Enterprise_20260122_210052.zip,
no_source,artifacts/handbook_automation_report.md,
no_source,artifacts/ResonanceEnergy_Enterprise_20260122_194438.zip,
no_source,artifacts/chat_context/CHAT_CONTEXT.md,
no_source,artifacts/ResonanceEnergy_Enterprise_20260122_193803/02_Vision_Ethics_Founders/VISION_FOUNDATION.md,
no_source,artifacts/ResonanceEnergy_Enterprise_20260122_193803/01_Executive_Summary/EXEC_SUMMARY.md,
no_source,artifacts/ResonanceEnergy_Enterprise_20260122_193803/12_Admin_Governance/BOARD_CHARTER.md,
no_source,artifacts/ResonanceEnergy_Enterprise_20260122_193803/03_Market_Scenarios/Scenario5_Resilience_Hub/SCENARIO.md,
no_source,artifacts/ResonanceEnergy_Enterprise_20260122_193803/03_Market_Scenarios/Scenario1_Indigenous_Microgrid/SCENARIO.md,
no_source,artifacts/ResonanceEnergy_Enterprise_20260122_193803/03_Market_Scenarios/Scenario3_Industrial_Outfall/SCENARIO.md,
no_source,artifacts/ResonanceEnergy_Enterprise_20260122_193803/03_Market_Scenarios/Scenario4_EcoResort_Campus/SCENARIO.md,
no_source,artifacts/ResonanceEnergy_Enterprise_20260122_193803/03_Market_Scenarios/Scenario2_Irrigation_Canal/SCENARIO.md,
no_source,artifacts/ResonanceEnergy_Enterprise_20260122_193803/scripts/one_click_installer.py,
no_source,artifacts/ResonanceEnergy_Enterprise_20260122_193803/scripts/render_handbooks.py,
no_source,artifacts/ResonanceEnergy_Enterprise_20260122_193803/scripts/zip_repo_safe.py,
no_source,artifacts/ResonanceEnergy_Enterprise_20260122_193803/scripts/automate_handbooks.py,
no_source,artifacts/ResonanceEnergy_Enterprise_20260122_193803/04_Technology/05_Battery_PV_Wind/COST_BENCHMARKS.md,
no_source,artifacts/ResonanceEnergy_Enterprise_20260122_193803/04_Technology/04_Electrical_Protection/PROTECTION_OVERVIEW.md,
no_source,artifacts/ResonanceEnergy_Enterprise_20260122_193803/04_Technology/06_Control_SCADA/BLACKSTART_CONCEPT.md,
no_source,artifacts/ResonanceEnergy_Enterprise_20260122_193803/04_Technology/01_Hydraulics/HYDRAULICS_PRIMER.md,
no_source,artifacts/ResonanceEnergy_Enterprise_20260122_193803/04_Technology/03_Turbine_Generator/CROSSFLOW_TURBINE.md,
no_source,artifacts/ResonanceEnergy_Enterprise_20260122_193803/04_Technology/02_Hydram/HYDRAM_GUIDE.md,
no_source,artifacts/ResonanceEnergy_Enterprise_20260122_193803/04_Technology/handbooks/HB-01_Turbine_Selection/handbook.md,
no_source,artifacts/ResonanceEnergy_Enterprise_20260122_193803/04_Technology/handbooks/HB-01_Turbine_Selection/contexts/CONTEXT_OVERLAYS.md,
no_source,artifacts/ResonanceEnergy_Enterprise_20260122_193803/04_Technology/handbooks/HB-02_Intake_Debris/handbook.md,
no_source,artifacts/ResonanceEnergy_Enterprise_20260122_193803/04_Technology/handbooks/HB-02_Intake_Debris/contexts/CONTEXT_OVERLAYS.md,
no_source,artifacts/ResonanceEnergy_Enterprise_20260122_193803/04_Technology/handbooks/HB-05_Controls_SCADA/handbook.md,
no_source,artifacts/ResonanceEnergy_Enterprise_20260122_193803/04_Technology/handbooks/HB-05_Controls_SCADA/contexts/CONTEXT_OVERLAYS.md,
no_source,artifacts/ResonanceEnergy_Enterprise_20260122_193803/04_Technology/handbooks/HB-06_Commissioning_FAT_SAT/handbook.md,
no_source,artifacts/ResonanceEnergy_Enterprise_20260122_193803/04_Technology/handbooks/HB-06_Commissioning_FAT_SAT/contexts/CONTEXT_OVERLAYS.md,
no_source,artifacts/ResonanceEnergy_Enterprise_20260122_193803/04_Technology/handbooks/HB-03_Penstock_Headloss/handbook.md,
no_source,artifacts/ResonanceEnergy_Enterprise_20260122_193803/04_Technology/handbooks/HB-03_Penstock_Headloss/contexts/CONTEXT_OVERLAYS.md,
no_source,artifacts/ResonanceEnergy_Enterprise_20260122_193803/04_Technology/handbooks/HB-04_Hydram_Tuning/handbook.md,
no_source,artifacts/ResonanceEnergy_Enterprise_20260122_193803/04_Technology/handbooks/HB-04_Hydram_Tuning/contexts/CONTEXT_OVERLAYS.md,
no_source,artifacts/ResonanceEnergy_Enterprise_20260122_193803/04_Technology/handbooks/_shared/COVER_TEMPLATE.md,
no_source,artifacts/ResonanceEnergy_Enterprise_20260122_193803/04_Technology/handbooks/_shared/handbook_style.json,
no_source,artifacts/ResonanceEnergy_Enterprise_20260122_193803/04_Technology/handbooks/_shared/DEFAULT_CONTEXTS.md,
no_source,artifacts/ResonanceEnergy_Enterprise_20260122_193803/04_Technology/handbooks/_shared/CONTEXT_MATRIX.md,
no_source,artifacts/ResonanceEnergy_Enterprise_20260122_193803/04_Technology/handbooks/_shared/DISCLAIMER.md,
no_source,artifacts/ResonanceEnergy_Enterprise_20260122_193803/11_References/MASTER_REFERENCES.md,
no_source,artifacts/ResonanceEnergy_Enterprise_20260122_193803/artifacts/handbook_automation_report.md,
no_source,artifacts/ResonanceEnergy_Enterprise_20260122_193803/05_RnD/04_Coherent_Geometry/SOURCES.md,
no_source,artifacts/ResonanceEnergy_Enterprise_20260122_193803/05_RnD/03_Advanced_Intake_Vortex/IAHR_VORTEX_INTAKES.md,
no_source,05_RnD/04_Coherent_Geometry/SOURCES.md,
no_source,05_RnD/03_Advanced_Intake_Vortex/IAHR_VORTEX_INTAKES.md,
no_source,05_RnD/annex_winter_phase_coherence/DISCLAIMER.md,
no_source,05_RnD/experiment_registry/EXP-000_TEMPLATE.md,
no_source,_CONSOLIDATION_BACKUP/pre_consolidation_20260211_223612/resonance_backup_manifest.json,
no_source,_CONSOLIDATION_BACKUP/pre_consolidation_20260211_223612/Reorganize.py,
no_source,_CONSOLIDATION_BACKUP/pre_consolidation_20260211_223612/RUN_RESONANCE_SETUP.command,
no_source,_CONSOLIDATION_BACKUP/pre_consolidation_20260211_223612/RUN_RENDER_GUARDED.command,
no_source,_CONSOLIDATION_BACKUP/pre_consolidation_20260211_223612/RUN_INSTALL_WORKSPACE_GUARD.command,
no_source,_CONSOLIDATION_BACKUP/pre_consolidation_20260211_223612/RUN_BUILD_ALL.command,
no_source,_CONSOLIDATION_BACKUP/pre_consolidation_20260211_223612/RUN_BUILD_ALL_GUARDED.command,
no_source,_CONSOLIDATION_BACKUP/pre_consolidation_20260211_223612/02_Vision_Ethics_Founders/VISION_FOUNDATION.md,
no_source,_CONSOLIDATION_BACKUP/pre_consolidation_20260211_223612/OffGrid_Renewables_Cleantech_Reference_Library/01_Executive_Summary/OffGrid_Renewables_Report.md,
no_source,_CONSOLIDATION_BACKUP/pre_consolidation_20260211_223612/OffGrid_Renewables_Cleantech_Reference_Library/08_Tools_Checklists/Design_Checklists.md,
no_source,_CONSOLIDATION_BACKUP/pre_consolidation_20260211_223612/OffGrid_Renewables_Cleantech_Reference_Library/09_Reference_Index/references.md,
no_source,_CONSOLIDATION_BACKUP/pre_consolidation_20260211_223612/OffGrid_Renewables_Cleantech_Reference_Library/09_Reference_Index/references.json,
no_source,_CONSOLIDATION_BACKUP/pre_consolidation_20260211_223612/99_Operations 3/Visionary_Intelligence/SCOPE.md,
no_source,_CONSOLIDATION_BACKUP/pre_consolidation_20260211_223612/99_Operations 3/Visionary_Intelligence/STATUS.md,
no_source,_CONSOLIDATION_BACKUP/pre_consolidation_20260211_223612/99_Operations 3/Visionary_Intelligence/02_Founder_Collections/Tesla/Tesla_Profile.md,
no_source,_CONSOLIDATION_BACKUP/pre_consolidation_20260211_223612/99_Operations 3/Visionary_Intelligence/02_Founder_Collections/Tesla/Tesla_Works_Index.md,
no_source,_CONSOLIDATION_BACKUP/pre_consolidation_20260211_223612/99_Operations 3/Visionary_Intelligence/02_Founder_Collections/Tesla/Tesla_Patent_Compendium.md,
no_source,_CONSOLIDATION_BACKUP/pre_consolidation_20260211_223612/99_Operations 3/Visionary_Intelligence/02_Founder_Collections/Schauberger/Schauberger_Profile.md,
no_source,_CONSOLIDATION_BACKUP/pre_consolidation_20260211_223612/99_Operations 3/Visionary_Intelligence/02_Founder_Collections/Schauberger/Schauberger_Works_Index.md,
no_source,_CONSOLIDATION_BACKUP/pre_consolidation_20260211_223612/99_Operations 3/Visionary_Intelligence/02_Founder_Collections/Schauberger/Schauberger_Patent_Compendium.md,
no_source,_CONSOLIDATION_BACKUP/pre_consolidation_20260211_223612/99_Operations 3/Visionary_Intelligence/02_Founder_Collections/Dan_Winter/Dan_Winter_Profile.md,
no_source,_CONSOLIDATION_BACKUP/pre_consolidation_20260211_223612/99_Operations 3/Visionary_Intelligence/02_Founder_Collections/Dan_Winter/Dan_Winter_Total_Work_Index.md,
no_source,_CONSOLIDATION_BACKUP/pre_consolidation_20260211_223612/99_Operations 3/Visionary_Intelligence/02_Founder_Collections/Dan_Winter/Dan_Winter_Annex_NonMainstream_Disclaimer.md,
no_source,_CONSOLIDATION_BACKUP/pre_consolidation_20260211_223612/99_Operations 3/Visionary_Intelligence/06_Tools/crosslinking/scenario_linker_rules.md,
no_source,_CONSOLIDATION_BACKUP/pre_consolidation_20260211_223612/99_Operations 3/Visionary_Intelligence/06_Tools/hydraulics/hydraulics_friction_calculator.py,
no_source,_CONSOLIDATION_BACKUP/pre_consolidation_20260211_223612/99_Operations 3/Visionary_Intelligence/06_Tools/hydraulics/sample_inputs/example_site_01.json,
no_source,_CONSOLIDATION_BACKUP/pre_consolidation_20260211_223612/99_Operations 3/Visionary_Intelligence/06_Tools/hydraulics/sample_inputs/example_site_02.json,
no_source,_CONSOLIDATION_BACKUP/pre_consolidation_20260211_223612/99_Operations 3/Visionary_Intelligence/07_Scenario_Traceability/Traceability_Matrix.md,
no_source,_CONSOLIDATION_BACKUP/pre_consolidation_20260211_223612/99_Operations 3/Visionary_Intelligence/07_Scenario_Traceability/Scenario_Crosslinks/Scenario1.md,
no_source,_CONSOLIDATION_BACKUP/pre_consolidation_20260211_223612/99_Operations 3/Visionary_Intelligence/07_Scenario_Traceability/Scenario_Crosslinks/Scenario5.md,
no_source,_CONSOLIDATION_BACKUP/pre_consolidation_20260211_223612/99_Operations 3/Visionary_Intelligence/07_Scenario_Traceability/Scenario_Crosslinks/Scenario3.md,
no_source,_CONSOLIDATION_BACKUP/pre_consolidation_20260211_223612/99_Operations 3/Visionary_Intelligence/07_Scenario_Traceability/Scenario_Crosslinks/Scenario4.md,
no_source,_CONSOLIDATION_BACKUP/pre_consolidation_20260211_223612/99_Operations 3/Visionary_Intelligence/07_Scenario_Traceability/Scenario_Crosslinks/Scenario2.md,
no_source,_CONSOLIDATION_BACKUP/pre_consolidation_20260211_223612/99_Operations 3/Visionary_Intelligence/05_Doctrine_Output/markdown/Crossflow_Setup_Tuning.md,
no_source,_CONSOLIDATION_BACKUP/pre_consolidation_20260211_223612/99_Operations 3/Visionary_Intelligence/05_Doctrine_Output/markdown/Turbine_Selection_Doctrine.md,
no_source,_CONSOLIDATION_BACKUP/pre_consolidation_20260211_223612/99_Operations 3/Visionary_Intelligence/05_Doctrine_Output/markdown/Intake_Vortex_Prevention.md,
no_source,_CONSOLIDATION_BACKUP/pre_consolidation_20260211_223612/99_Operations 3/Visionary_Intelligence/05_Doctrine_Output/markdown/Penstock_Headloss_Rules.md,
no_source,_CONSOLIDATION_BACKUP/pre_consolidation_20260211_223612/99_Operations 3/Visionary_Intelligence/01_Master_Index/Visionary_Master_Index.md,
no_source,_CONSOLIDATION_BACKUP/pre_consolidation_20260211_223612/99_Operations 3/Visionary_Intelligence/01_Master_Index/Visionary_Comparative_Matrix.md,
no_source,_CONSOLIDATION_BACKUP/pre_consolidation_20260211_223612/99_Operations 3/Visionary_Intelligence/01_Master_Index/Crosslink_Map.md,
no_source,_CONSOLIDATION_BACKUP/pre_consolidation_20260211_223612/99_Operations 3/Visionary_Intelligence/01_Master_Index/Tag_Taxonomy.md,
no_source,_CONSOLIDATION_BACKUP/pre_consolidation_20260211_223612/99_Operations 3/Visionary_Intelligence/03_Visionary_Profiles/00_Profile_Template.md,
no_source,_CONSOLIDATION_BACKUP/pre_consolidation_20260211_223612/99_Operations 3/Visionary_Intelligence/04_Artifacts/Tesla/publications/INDEX.json,
no_source,_CONSOLIDATION_BACKUP/pre_consolidation_20260211_223612/99_Operations 3/Visionary_Intelligence/04_Artifacts/Tesla/images/INDEX.json,
no_source,_CONSOLIDATION_BACKUP/pre_consolidation_20260211_223612/99_Operations 3/Visionary_Intelligence/04_Artifacts/Tesla/patents/INDEX.json,
no_source,_CONSOLIDATION_BACKUP/pre_consolidation_20260211_223612/99_Operations 3/Visionary_Intelligence/04_Artifacts/schemas/INDEX.schema.json,
no_source,_CONSOLIDATION_BACKUP/pre_consolidation_20260211_223612/99_Operations 3/Visionary_Intelligence/04_Artifacts/schemas/LICENSE.schema.json,
no_source,_CONSOLIDATION_BACKUP/pre_consolidation_20260211_223612/99_Operations 3/Visionary_Intelligence/04_Artifacts/Schauberger/publications/INDEX.json,
no_source,_CONSOLIDATION_BACKUP/pre_consolidation_20260211_223612/99_Operations 3/Visionary_Intelligence/04_Artifacts/Schauberger/images/INDEX.json,
no_source,_CONSOLIDATION_BACKUP/pre_consolidation_20260211_223612/99_Operations 3/Visionary_Intelligence/04_Artifacts/Schauberger/patents/INDEX.json,
no_source,_CONSOLIDATION_BACKUP/pre_consolidation_20260211_223612/99_Operations 3/Visionary_Intelligence/04_Artifacts/Shared/historical_images/INDEX.json,
no_source,_CONSOLIDATION_BACKUP/pre_consolidation_20260211_223612/99_Operations 3/Visionary_Intelligence/04_Artifacts/Shared/figures/INDEX.json,
no_source,_CONSOLIDATION_BACKUP/pre_consolidation_20260211_223612/99_Operations 3/Visionary_Intelligence/04_Artifacts/Shared/diagrams/INDEX.json,
no_source,_CONSOLIDATION_BACKUP/pre_consolidation_20260211_223612/99_Operations 3/Visionary_Intelligence/08_Review_and_Promotion/QA_Checklist.md,
no_source,_CONSOLIDATION_BACKUP/pre_consolidation_20260211_223612/99_Operations 3/Visionary_Intelligence/08_Review_and_Promotion/Release_Notes_Template.md,
no_source,_CONSOLIDATION_BACKUP/pre_consolidation_20260211_223612/99_Operations 3/Visionary_Intelligence/08_Review_and_Promotion/Merge_Map_To_Company_Tree.md,
no_source,_CONSOLIDATION_BACKUP/pre_consolidation_20260211_223612/99_Operations 3/Visionary_Intelligence/08_Review_and_Promotion/Promotion_Checklist.md,
no_source,_CONSOLIDATION_BACKUP/pre_consolidation_20260211_223612/99_Operations 3/Visionary_Intelligence/00_Admin/License_Policy.md,
no_source,_CONSOLIDATION_BACKUP/pre_consolidation_20260211_223612/99_Operations 3/Visionary_Intelligence/00_Admin/Conventions.md,
no_source,_CONSOLIDATION_BACKUP/pre_consolidation_20260211_223612/99_Operations 3/Visionary_Intelligence/00_Admin/Citation_Rules.md,
no_source,_CONSOLIDATION_BACKUP/pre_consolidation_20260211_223612/99_Operations 3/Visionary_Intelligence/00_Admin/Contribution_Guide.md,
no_source,_CONSOLIDATION_BACKUP/pre_consolidation_20260211_223612/99_Operations 3/Visionary_Intelligence/00_Admin/Naming_Standards.md,
no_source,_CONSOLIDATION_BACKUP/pre_consolidation_20260211_223612/00_MASTER_PLAN/DECISION_LOG.md,
no_source,_CONSOLIDATION_BACKUP/pre_consolidation_20260211_223612/00_MASTER_PLAN/POPULATION_ROADMAP.md,
no_source,_CONSOLIDATION_BACKUP/pre_consolidation_20260211_223612/00_MASTER_PLAN/FILE_STRUCTURE_MAP.md,
no_source,_CONSOLIDATION_BACKUP/pre_consolidation_20260211_223612/00_MASTER_PLAN/MASTER_PLAN.md,
no_source,_CONSOLIDATION_BACKUP/pre_consolidation_20260211_223612/01_Executive_Summary/EXEC_SUMMARY.md,
no_source,_CONSOLIDATION_BACKUP/pre_consolidation_20260211_223612/Tools Folder Kit/Backup_Resonance_HASH.command,
no_source,_CONSOLIDATION_BACKUP/pre_consolidation_20260211_223612/Tools Folder Kit/Backup_Resonance_DRYRUN.command,
no_source,_CONSOLIDATION_BACKUP/pre_consolidation_20260211_223612/Tools Folder Kit/RESONANCE_PROJECT_ROOT.txt,
no_source,_CONSOLIDATION_BACKUP/pre_consolidation_20260211_223612/Tools Folder Kit/Backup_Resonance_REPACK.command,
no_source,_CONSOLIDATION_BACKUP/pre_consolidation_20260211_223612/Tools Folder Kit/backup_resonance_incremental.py,
no_source,_CONSOLIDATION_BACKUP/pre_consolidation_20260211_223612/Tools Folder Kit/Backup_Resonance.command,
no_source,_CONSOLIDATION_BACKUP/pre_consolidation_20260211_223612/12_Admin_Governance/BOARD_CHARTER.md,
no_source,_CONSOLIDATION_BACKUP/pre_consolidation_20260211_223612/03_Market_Scenarios/Scenario5_Resilience_Hub/SCENARIO.md,
no_source,_CONSOLIDATION_BACKUP/pre_consolidation_20260211_223612/03_Market_Scenarios/Scenario1_Indigenous_Microgrid/SCENARIO.md,
no_source,_CONSOLIDATION_BACKUP/pre_consolidation_20260211_223612/03_Market_Scenarios/Scenario3_Industrial_Outfall/SCENARIO.md,
no_source,_CONSOLIDATION_BACKUP/pre_consolidation_20260211_223612/03_Market_Scenarios/Scenario4_EcoResort_Campus/SCENARIO.md,
no_source,_CONSOLIDATION_BACKUP/pre_consolidation_20260211_223612/03_Market_Scenarios/Scenario2_Irrigation_Canal/SCENARIO.md,
no_source,_CONSOLIDATION_BACKUP/pre_consolidation_20260211_223612/99_Operations/Visionary_Intelligence/SCOPE.md,
no_source,_CONSOLIDATION_BACKUP/pre_consolidation_20260211_223612/99_Operations/Visionary_Intelligence/STATUS.md,
no_source,_CONSOLIDATION_BACKUP/pre_consolidation_20260211_223612/99_Operations/Visionary_Intelligence/02_Founder_Collections/Tesla/Tesla_Profile.md,
no_source,_CONSOLIDATION_BACKUP/pre_consolidation_20260211_223612/99_Operations/Visionary_Intelligence/02_Founder_Collections/Tesla/Tesla_Works_Index.md,
no_source,_CONSOLIDATION_BACKUP/pre_consolidation_20260211_223612/99_Operations/Visionary_Intelligence/02_Founder_Collections/Tesla/Tesla_Patent_Compendium.md,
no_source,_CONSOLIDATION_BACKUP/pre_consolidation_20260211_223612/99_Operations/Visionary_Intelligence/02_Founder_Collections/Schauberger/Schauberger_Profile.md,
no_source,_CONSOLIDATION_BACKUP/pre_consolidation_20260211_223612/99_Operations/Visionary_Intelligence/02_Founder_Collections/Schauberger/Schauberger_Works_Index.md,
no_source,_CONSOLIDATION_BACKUP/pre_consolidation_20260211_223612/99_Operations/Visionary_Intelligence/02_Founder_Collections/Schauberger/Schauberger_Patent_Compendium.md,
no_source,_CONSOLIDATION_BACKUP/pre_consolidation_20260211_223612/99_Operations/Visionary_Intelligence/02_Founder_Collections/Dan_Winter/Dan_Winter_Profile.md,
no_source,_CONSOLIDATION_BACKUP/pre_consolidation_20260211_223612/99_Operations/Visionary_Intelligence/02_Founder_Collections/Dan_Winter/Dan_Winter_Total_Work_Index.md,
no_source,_CONSOLIDATION_BACKUP/pre_consolidation_20260211_223612/99_Operations/Visionary_Intelligence/02_Founder_Collections/Dan_Winter/Dan_Winter_Annex_NonMainstream_Disclaimer.md,
no_source,_CONSOLIDATION_BACKUP/pre_consolidation_20260211_223612/99_Operations/Visionary_Intelligence/06_Tools/crosslinking/scenario_linker_rules.md,
no_source,_CONSOLIDATION_BACKUP/pre_consolidation_20260211_223612/99_Operations/Visionary_Intelligence/06_Tools/hydraulics/hydraulics_friction_calculator.py,
no_source,_CONSOLIDATION_BACKUP/pre_consolidation_20260211_223612/99_Operations/Visionary_Intelligence/06_Tools/hydraulics/sample_inputs/example_site_01.json,
no_source,_CONSOLIDATION_BACKUP/pre_consolidation_20260211_223612/99_Operations/Visionary_Intelligence/06_Tools/hydraulics/sample_inputs/example_site_02.json,
no_source,_CONSOLIDATION_BACKUP/pre_consolidation_20260211_223612/99_Operations/Visionary_Intelligence/07_Scenario_Traceability/Traceability_Matrix.md,
no_source,_CONSOLIDATION_BACKUP/pre_consolidation_20260211_223612/99_Operations/Visionary_Intelligence/07_Scenario_Traceability/Scenario_Crosslinks/Scenario1.md,
no_source,_CONSOLIDATION_BACKUP/pre_consolidation_20260211_223612/99_Operations/Visionary_Intelligence/07_Scenario_Traceability/Scenario_Crosslinks/Scenario5.md,
no_source,_CONSOLIDATION_BACKUP/pre_consolidation_20260211_223612/99_Operations/Visionary_Intelligence/07_Scenario_Traceability/Scenario_Crosslinks/Scenario3.md,
no_source,_CONSOLIDATION_BACKUP/pre_consolidation_20260211_223612/99_Operations/Visionary_Intelligence/07_Scenario_Traceability/Scenario_Crosslinks/Scenario4.md,
no_source,_CONSOLIDATION_BACKUP/pre_consolidation_20260211_223612/99_Operations/Visionary_Intelligence/07_Scenario_Traceability/Scenario_Crosslinks/Scenario2.md,
no_source,_CONSOLIDATION_BACKUP/pre_consolidation_20260211_223612/99_Operations/Visionary_Intelligence/05_Doctrine_Output/markdown/Crossflow_Setup_Tuning.md,
no_source,_CONSOLIDATION_BACKUP/pre_consolidation_20260211_223612/99_Operations/Visionary_Intelligence/05_Doctrine_Output/markdown/Turbine_Selection_Doctrine.md,
no_source,_CONSOLIDATION_BACKUP/pre_consolidation_20260211_223612/99_Operations/Visionary_Intelligence/05_Doctrine_Output/markdown/Intake_Vortex_Prevention.md,
no_source,_CONSOLIDATION_BACKUP/pre_consolidation_20260211_223612/99_Operations/Visionary_Intelligence/05_Doctrine_Output/markdown/Penstock_Headloss_Rules.md,
no_source,_CONSOLIDATION_BACKUP/pre_consolidation_20260211_223612/99_Operations/Visionary_Intelligence/01_Master_Index/Visionary_Master_Index.md,
no_source,_CONSOLIDATION_BACKUP/pre_consolidation_20260211_223612/99_Operations/Visionary_Intelligence/01_Master_Index/Visionary_Comparative_Matrix.md,
no_source,_CONSOLIDATION_BACKUP/pre_consolidation_20260211_223612/99_Operations/Visionary_Intelligence/01_Master_Index/Crosslink_Map.md,
no_source,_CONSOLIDATION_BACKUP/pre_consolidation_20260211_223612/99_Operations/Visionary_Intelligence/01_Master_Index/Tag_Taxonomy.md,
no_source,_CONSOLIDATION_BACKUP/pre_consolidation_20260211_223612/99_Operations/Visionary_Intelligence/03_Visionary_Profiles/00_Profile_Template.md,
no_source,_CONSOLIDATION_BACKUP/pre_consolidation_20260211_223612/99_Operations/Visionary_Intelligence/04_Artifacts/Tesla/publications/INDEX.json,
no_source,_CONSOLIDATION_BACKUP/pre_consolidation_20260211_223612/99_Operations/Visionary_Intelligence/04_Artifacts/Tesla/images/INDEX.json,
no_source,_CONSOLIDATION_BACKUP/pre_consolidation_20260211_223612/99_Operations/Visionary_Intelligence/04_Artifacts/Tesla/patents/INDEX.json,
no_source,_CONSOLIDATION_BACKUP/pre_consolidation_20260211_223612/99_Operations/Visionary_Intelligence/04_Artifacts/schemas/INDEX.schema.json,
no_source,_CONSOLIDATION_BACKUP/pre_consolidation_20260211_223612/99_Operations/Visionary_Intelligence/04_Artifacts/schemas/LICENSE.schema.json,
no_source,_CONSOLIDATION_BACKUP/pre_consolidation_20260211_223612/99_Operations/Visionary_Intelligence/04_Artifacts/Schauberger/publications/INDEX.json,
no_source,_CONSOLIDATION_BACKUP/pre_consolidation_20260211_223612/99_Operations/Visionary_Intelligence/04_Artifacts/Schauberger/images/INDEX.json,
no_source,_CONSOLIDATION_BACKUP/pre_consolidation_20260211_223612/99_Operations/Visionary_Intelligence/04_Artifacts/Schauberger/patents/INDEX.json,
no_source,_CONSOLIDATION_BACKUP/pre_consolidation_20260211_223612/99_Operations/Visionary_Intelligence/04_Artifacts/Shared/historical_images/INDEX.json,
no_source,_CONSOLIDATION_BACKUP/pre_consolidation_20260211_223612/99_Operations/Visionary_Intelligence/04_Artifacts/Shared/figures/INDEX.json,
no_source,_CONSOLIDATION_BACKUP/pre_consolidation_20260211_223612/99_Operations/Visionary_Intelligence/04_Artifacts/Shared/diagrams/INDEX.json,
no_source,_CONSOLIDATION_BACKUP/pre_consolidation_20260211_223612/99_Operations/Visionary_Intelligence/08_Review_and_Promotion/QA_Checklist.md,
no_source,_CONSOLIDATION_BACKUP/pre_consolidation_20260211_223612/99_Operations/Visionary_Intelligence/08_Review_and_Promotion/Release_Notes_Template.md,
no_source,_CONSOLIDATION_BACKUP/pre_consolidation_20260211_223612/99_Operations/Visionary_Intelligence/08_Review_and_Promotion/Merge_Map_To_Company_Tree.md,
no_source,_CONSOLIDATION_BACKUP/pre_consolidation_20260211_223612/99_Operations/Visionary_Intelligence/08_Review_and_Promotion/Promotion_Checklist.md,
no_source,_CONSOLIDATION_BACKUP/pre_consolidation_20260211_223612/99_Operations/Visionary_Intelligence/00_Admin/License_Policy.md,
no_source,_CONSOLIDATION_BACKUP/pre_consolidation_20260211_223612/99_Operations/Visionary_Intelligence/00_Admin/Conventions.md,
no_source,_CONSOLIDATION_BACKUP/pre_consolidation_20260211_223612/99_Operations/Visionary_Intelligence/00_Admin/Citation_Rules.md,
no_source,_CONSOLIDATION_BACKUP/pre_consolidation_20260211_223612/99_Operations/Visionary_Intelligence/00_Admin/Contribution_Guide.md,
no_source,_CONSOLIDATION_BACKUP/pre_consolidation_20260211_223612/99_Operations/Visionary_Intelligence/00_Admin/Naming_Standards.md,
no_source,_CONSOLIDATION_BACKUP/pre_consolidation_20260211_223612/scripts/workspace_disk_guard.py,
no_source,_CONSOLIDATION_BACKUP/pre_consolidation_20260211_223612/scripts/build_all.py,
no_source,_CONSOLIDATION_BACKUP/pre_consolidation_20260211_223612/scripts/zip_repo_safe_guarded.py,
no_source,_CONSOLIDATION_BACKUP/pre_consolidation_20260211_223612/scripts/copy_context_to_clipboard.sh,
no_source,_CONSOLIDATION_BACKUP/pre_consolidation_20260211_223612/scripts/render_handbooks_guarded.py,
no_source,_CONSOLIDATION_BACKUP/pre_consolidation_20260211_223612/scripts/one_click_installer.py,
no_source,_CONSOLIDATION_BACKUP/pre_consolidation_20260211_223612/scripts/one_click_full_build.py,
no_source,_CONSOLIDATION_BACKUP/pre_consolidation_20260211_223612/scripts/render_handbooks.py,
no_source,_CONSOLIDATION_BACKUP/pre_consolidation_20260211_223612/scripts/zip_repo_safe.py,
no_source,_CONSOLIDATION_BACKUP/pre_consolidation_20260211_223612/scripts/one_click_bootstrap.py,
no_source,_CONSOLIDATION_BACKUP/pre_consolidation_20260211_223612/scripts/build_all_guarded.py,
no_source,_CONSOLIDATION_BACKUP/pre_consolidation_20260211_223612/scripts/preflight_handbooks.py,
no_source,_CONSOLIDATION_BACKUP/pre_consolidation_20260211_223612/scripts/automate_handbooks.py,
no_source,_CONSOLIDATION_BACKUP/pre_consolidation_20260211_223612/scripts/context_for_chat.py,
no_source,_CONSOLIDATION_BACKUP/pre_consolidation_20260211_223612/branding/DECISIONS_AND_TODOS.md,
no_source,_CONSOLIDATION_BACKUP/pre_consolidation_20260211_223612/branding/taglines/TAGLINES_MASTER.md,
no_source,_CONSOLIDATION_BACKUP/pre_consolidation_20260211_223612/Tools/daily_fast.command,
no_source,_CONSOLIDATION_BACKUP/pre_consolidation_20260211_223612/Tools/weekly_hash.command,
no_source,_CONSOLIDATION_BACKUP/pre_consolidation_20260211_223612/Tools/backup_engine.py,
no_source,_CONSOLIDATION_BACKUP/pre_consolidation_20260211_223612/Tools/dry_run.command,
no_source,_CONSOLIDATION_BACKUP/pre_consolidation_20260211_223612/Tools/fix_permissions.command,
no_source,_CONSOLIDATION_BACKUP/pre_consolidation_20260211_223612/Tools/monthly_repack.command,
no_source,_CONSOLIDATION_BACKUP/pre_consolidation_20260211_223612/Tools/restore.py,
no_source,_CONSOLIDATION_BACKUP/pre_consolidation_20260211_223612/Tools/restore.command,
no_source,_CONSOLIDATION_BACKUP/pre_consolidation_20260211_223612/Tools/backup_config.json,
no_source,_CONSOLIDATION_BACKUP/pre_consolidation_20260211_223612/MicroHydroV1_FastTrack_Bundle/Evidence_Doc_Example.txt,
no_source,_CONSOLIDATION_BACKUP/pre_consolidation_20260211_223612/MicroHydroV1_FastTrack_Bundle/Operator_Card.txt,
no_source,_CONSOLIDATION_BACKUP/pre_consolidation_20260211_223612/MicroHydroV1_FastTrack_Bundle/PowerAutomate_Flows.txt,
no_source,_CONSOLIDATION_BACKUP/pre_consolidation_20260211_223612/MicroHydroV1_FastTrack_Bundle/SOP.txt,
no_source,_CONSOLIDATION_BACKUP/pre_consolidation_20260211_223612/MicroHydroV1_FastTrack_Bundle/SharePoint_Config.txt,
no_source,_CONSOLIDATION_BACKUP/pre_consolidation_20260211_223612/MicroHydroV1_Phase3_Automation_Pack_macOS_OpenReleases/requirements.txt,
no_source,_CONSOLIDATION_BACKUP/pre_consolidation_20260211_223612/MicroHydroV1_Phase3_Automation_Pack_macOS_OpenReleases/RELEASES_URL_SAMPLE.txt,
no_source,_CONSOLIDATION_BACKUP/pre_consolidation_20260211_223612/MicroHydroV1_Phase3_Automation_Pack_macOS_OpenReleases/launch_mac.sh,
no_source,_CONSOLIDATION_BACKUP/pre_consolidation_20260211_223612/MicroHydroV1_Phase3_Automation_Pack_macOS_OpenReleases/scripts/new_run.py,
no_source,_CONSOLIDATION_BACKUP/pre_consolidation_20260211_223612/MicroHydroV1_Phase3_Automation_Pack_macOS_OpenReleases/scripts/run_one_command.py,
no_source,_CONSOLIDATION_BACKUP/pre_consolidation_20260211_223612/MicroHydroV1_Phase3_Automation_Pack_macOS_OpenReleases/scripts/preflight_t002.py,
no_source,_CONSOLIDATION_BACKUP/pre_consolidation_20260211_223612/MicroHydroV1_Phase3_Automation_Pack_macOS_OpenReleases/docs/POWER_AUTOMATE_EXTENSIONS.md,
no_source,_CONSOLIDATION_BACKUP/pre_consolidation_20260211_223612/04_Technology/05_Battery_PV_Wind/COST_BENCHMARKS.md,
no_source,_CONSOLIDATION_BACKUP/pre_consolidation_20260211_223612/04_Technology/04_Electrical_Protection/PROTECTION_OVERVIEW.md,
no_source,_CONSOLIDATION_BACKUP/pre_consolidation_20260211_223612/04_Technology/06_Control_SCADA/BLACKSTART_CONCEPT.md,
no_source,_CONSOLIDATION_BACKUP/pre_consolidation_20260211_223612/04_Technology/01_Hydraulics/HYDRAULICS_PRIMER.md,
no_source,_CONSOLIDATION_BACKUP/pre_consolidation_20260211_223612/04_Technology/03_Turbine_Generator/CROSSFLOW_TURBINE.md,
no_source,_CONSOLIDATION_BACKUP/pre_consolidation_20260211_223612/04_Technology/02_Hydram/HYDRAM_GUIDE.md,
no_source,_CONSOLIDATION_BACKUP/pre_consolidation_20260211_223612/04_Technology/handbooks/HB-01_Turbine_Selection/handbook.md,
no_source,_CONSOLIDATION_BACKUP/pre_consolidation_20260211_223612/04_Technology/handbooks/HB-01_Turbine_Selection/exports/HB-01_Turbine_Selection_Doctrine_(Crossflow-first).pdf,
no_source,_CONSOLIDATION_BACKUP/pre_consolidation_20260211_223612/04_Technology/handbooks/HB-01_Turbine_Selection/contexts/CONTEXT_OVERLAYS.md,
no_source,_CONSOLIDATION_BACKUP/pre_consolidation_20260211_223612/04_Technology/handbooks/HB-02_Intake_Debris/handbook.md,
no_source,"_CONSOLIDATION_BACKUP/pre_consolidation_20260211_223612/04_Technology/handbooks/HB-02_Intake_Debris/exports/HB-02_Intake_&_Debris_Management_(Run-of-River,_Water-kind).pdf",
no_source,_CONSOLIDATION_BACKUP/pre_consolidation_20260211_223612/04_Technology/handbooks/HB-02_Intake_Debris/contexts/CONTEXT_OVERLAYS.md,
no_source,_CONSOLIDATION_BACKUP/pre_consolidation_20260211_223612/04_Technology/handbooks/HB-05_Controls_SCADA/handbook.md,
no_source,"_CONSOLIDATION_BACKUP/pre_consolidation_20260211_223612/04_Technology/handbooks/HB-05_Controls_SCADA/exports/HB-05_Controls,_Blackstart_&_SCADA_(Microgrid_Backbone).pdf",
no_source,_CONSOLIDATION_BACKUP/pre_consolidation_20260211_223612/04_Technology/handbooks/HB-05_Controls_SCADA/contexts/CONTEXT_OVERLAYS.md,
no_source,_CONSOLIDATION_BACKUP/pre_consolidation_20260211_223612/04_Technology/handbooks/HB-06_Commissioning_FAT_SAT/handbook.md,
no_source,_CONSOLIDATION_BACKUP/pre_consolidation_20260211_223612/04_Technology/handbooks/HB-06_Commissioning_FAT_SAT/exports/HB-06_Commissioning_&_Acceptance_Testing_(FAT_→_SAT).pdf,
no_source,_CONSOLIDATION_BACKUP/pre_consolidation_20260211_223612/04_Technology/handbooks/HB-06_Commissioning_FAT_SAT/contexts/CONTEXT_OVERLAYS.md,
no_source,_CONSOLIDATION_BACKUP/pre_consolidation_20260211_223612/04_Technology/handbooks/HB-03_Penstock_Headloss/handbook.md,
no_source,_CONSOLIDATION_BACKUP/pre_consolidation_20260211_223612/04_Technology/handbooks/HB-03_Penstock_Headloss/exports/HB-03_Penstock_&_Headloss_Design_(≤10%_Loss_Standard).pdf,
no_source,_CONSOLIDATION_BACKUP/pre_consolidation_20260211_223612/04_Technology/handbooks/HB-03_Penstock_Headloss/contexts/CONTEXT_OVERLAYS.md,
no_source,_CONSOLIDATION_BACKUP/pre_consolidation_20260211_223612/04_Technology/handbooks/HB-04_Hydram_Tuning/handbook.md,
no_source,_CONSOLIDATION_BACKUP/pre_consolidation_20260211_223612/04_Technology/handbooks/HB-04_Hydram_Tuning/exports/HB-04_Hydraulic_Ram_Pump_Design_&_Tuning.pdf,
no_source,_CONSOLIDATION_BACKUP/pre_consolidation_20260211_223612/04_Technology/handbooks/HB-04_Hydram_Tuning/contexts/CONTEXT_OVERLAYS.md,
no_source,_CONSOLIDATION_BACKUP/pre_consolidation_20260211_223612/04_Technology/handbooks/_shared/COVER_TEMPLATE.md,
no_source,_CONSOLIDATION_BACKUP/pre_consolidation_20260211_223612/04_Technology/handbooks/_shared/handbook_style.json,
no_source,_CONSOLIDATION_BACKUP/pre_consolidation_20260211_223612/04_Technology/handbooks/_shared/DEFAULT_CONTEXTS.md,
no_source,_CONSOLIDATION_BACKUP/pre_consolidation_20260211_223612/04_Technology/handbooks/_shared/CONTEXT_MATRIX.md,
no_source,_CONSOLIDATION_BACKUP/pre_consolidation_20260211_223612/04_Technology/handbooks/_shared/DISCLAIMER.md,
no_source,_CONSOLIDATION_BACKUP/pre_consolidation_20260211_223612/OffGrid_Renewables_Cleantech_Engineering_Manual_V2/07_Volume_G_Resonance_RamPump_to_Turbine_Generator/Volume_G_Resonance_RamPump_to_Turbine_Generator.md,
no_source,_CONSOLIDATION_BACKUP/pre_consolidation_20260211_223612/OffGrid_Renewables_Cleantech_Engineering_Manual_V2/DOCX_Versions/Volume_D_Microgrids_and_Controls.docx,
no_source,_CONSOLIDATION_BACKUP/pre_consolidation_20260211_223612/OffGrid_Renewables_Cleantech_Engineering_Manual_V2/DOCX_Versions/Volume_E_Safety_Codes_Standards.docx,
no_source,_CONSOLIDATION_BACKUP/pre_consolidation_20260211_223612/OffGrid_Renewables_Cleantech_Engineering_Manual_V2/DOCX_Versions/Volume_C_Storage_and_Power_Electronics.docx,
no_source,_CONSOLIDATION_BACKUP/pre_consolidation_20260211_223612/OffGrid_Renewables_Cleantech_Engineering_Manual_V2/DOCX_Versions/Volume_F_Economics_and_Costs.docx,
no_source,_CONSOLIDATION_BACKUP/pre_consolidation_20260211_223612/OffGrid_Renewables_Cleantech_Engineering_Manual_V2/DOCX_Versions/Volume_B1_Solar_PV.docx,
no_source,_CONSOLIDATION_BACKUP/pre_consolidation_20260211_223612/OffGrid_Renewables_Cleantech_Engineering_Manual_V2/DOCX_Versions/Volume_B4_Biogas.docx,
no_source,_CONSOLIDATION_BACKUP/pre_consolidation_20260211_223612/OffGrid_Renewables_Cleantech_Engineering_Manual_V2/DOCX_Versions/Volume_B5_Hydrogen.docx,
no_source,_CONSOLIDATION_BACKUP/pre_consolidation_20260211_223612/OffGrid_Renewables_Cleantech_Engineering_Manual_V2/DOCX_Versions/Volume_G_Resonance_RamPump_to_Turbine_Generator.docx,
no_source,_CONSOLIDATION_BACKUP/pre_consolidation_20260211_223612/OffGrid_Renewables_Cleantech_Engineering_Manual_V2/DOCX_Versions/Volume_B2_Wind.docx,
no_source,_CONSOLIDATION_BACKUP/pre_consolidation_20260211_223612/OffGrid_Renewables_Cleantech_Engineering_Manual_V2/DOCX_Versions/Volume_B3_Microhydro.docx,
no_source,_CONSOLIDATION_BACKUP/pre_consolidation_20260211_223612/OffGrid_Renewables_Cleantech_Engineering_Manual_V2/DOCX_Versions/Volume_A_System_Engineering.docx,
no_source,_CONSOLIDATION_BACKUP/pre_consolidation_20260211_223612/OffGrid_Renewables_Cleantech_Engineering_Manual_V2/06_Volume_F_Economics_and_Costs/Volume_F_Economics_and_Costs.md,
no_source,_CONSOLIDATION_BACKUP/pre_consolidation_20260211_223612/OffGrid_Renewables_Cleantech_Engineering_Manual_V2/02_Volume_B_Generation_Tech/Wind/Volume_B2_Wind.md,
no_source,_CONSOLIDATION_BACKUP/pre_consolidation_20260211_223612/OffGrid_Renewables_Cleantech_Engineering_Manual_V2/02_Volume_B_Generation_Tech/Hydrogen/Volume_B5_Hydrogen.md,
no_source,_CONSOLIDATION_BACKUP/pre_consolidation_20260211_223612/OffGrid_Renewables_Cleantech_Engineering_Manual_V2/02_Volume_B_Generation_Tech/Solar_PV/Volume_B1_Solar_PV.md,
no_source,_CONSOLIDATION_BACKUP/pre_consolidation_20260211_223612/OffGrid_Renewables_Cleantech_Engineering_Manual_V2/02_Volume_B_Generation_Tech/Microhydro/Volume_B3_Microhydro.md,
no_source,_CONSOLIDATION_BACKUP/pre_consolidation_20260211_223612/OffGrid_Renewables_Cleantech_Engineering_Manual_V2/02_Volume_B_Generation_Tech/Bioenergy_Biogas/Volume_B4_Biogas.md,
no_source,_CONSOLIDATION_BACKUP/pre_consolidation_20260211_223612/OffGrid_Renewables_Cleantech_Engineering_Manual_V2/03_Volume_C_Storage_and_Power_Electronics/Volume_C_Storage_and_Power_Electronics.md,
no_source,_CONSOLIDATION_BACKUP/pre_consolidation_20260211_223612/OffGrid_Renewables_Cleantech_Engineering_Manual_V2/01_Volume_A_System_Engineering/Volume_A_System_Engineering.md,
no_source,_CONSOLIDATION_BACKUP/pre_consolidation_20260211_223612/OffGrid_Renewables_Cleantech_Engineering_Manual_V2/05_Volume_E_Safety_Codes_Standards/Volume_E_Safety_Codes_Standards.md,
no_source,_CONSOLIDATION_BACKUP/pre_consolidation_20260211_223612/OffGrid_Renewables_Cleantech_Engineering_Manual_V2/04_Volume_D_Microgrids_and_Controls/Volume_D_Microgrids_and_Controls.md,
no_source,_CONSOLIDATION_BACKUP/pre_consolidation_20260211_223612/OffGrid_Renewables_Cleantech_Engineering_Manual_V2/08_Tools_Templates/Hydro_Site_Survey.md,
no_source,_CONSOLIDATION_BACKUP/pre_consolidation_20260211_223612/OffGrid_Renewables_Cleantech_Engineering_Manual_V2/08_Tools_Templates/Load_Audit_Template.md,
no_source,_CONSOLIDATION_BACKUP/pre_consolidation_20260211_223612/OffGrid_Renewables_Cleantech_Engineering_Manual_V2/09_Reference_Library/references.md,
no_source,_CONSOLIDATION_BACKUP/pre_consolidation_20260211_223612/OffGrid_Renewables_Cleantech_Engineering_Manual_V2/09_Reference_Library/references.json,
no_source,_CONSOLIDATION_BACKUP/pre_consolidation_20260211_223612/99_Operations 2/Visionary_Intelligence/SCOPE.md,
no_source,_CONSOLIDATION_BACKUP/pre_consolidation_20260211_223612/99_Operations 2/Visionary_Intelligence/STATUS.md,
no_source,_CONSOLIDATION_BACKUP/pre_consolidation_20260211_223612/99_Operations 2/Visionary_Intelligence/02_Founder_Collections/Tesla/Tesla_Profile.md,
no_source,_CONSOLIDATION_BACKUP/pre_consolidation_20260211_223612/99_Operations 2/Visionary_Intelligence/02_Founder_Collections/Tesla/Tesla_Works_Index.md,
no_source,_CONSOLIDATION_BACKUP/pre_consolidation_20260211_223612/99_Operations 2/Visionary_Intelligence/02_Founder_Collections/Tesla/Tesla_Patent_Compendium.md,
no_source,_CONSOLIDATION_BACKUP/pre_consolidation_20260211_223612/99_Operations 2/Visionary_Intelligence/02_Founder_Collections/Schauberger/Schauberger_Profile.md,
no_source,_CONSOLIDATION_BACKUP/pre_consolidation_20260211_223612/99_Operations 2/Visionary_Intelligence/02_Founder_Collections/Schauberger/Schauberger_Works_Index.md,
no_source,_CONSOLIDATION_BACKUP/pre_consolidation_20260211_223612/99_Operations 2/Visionary_Intelligence/02_Founder_Collections/Schauberger/Schauberger_Patent_Compendium.md,
no_source,_CONSOLIDATION_BACKUP/pre_consolidation_20260211_223612/99_Operations 2/Visionary_Intelligence/02_Founder_Collections/Dan_Winter/Dan_Winter_Profile.md,
no_source,_CONSOLIDATION_BACKUP/pre_consolidation_20260211_223612/99_Operations 2/Visionary_Intelligence/02_Founder_Collections/Dan_Winter/Dan_Winter_Total_Work_Index.md,
no_source,_CONSOLIDATION_BACKUP/pre_consolidation_20260211_223612/99_Operations 2/Visionary_Intelligence/02_Founder_Collections/Dan_Winter/Dan_Winter_Annex_NonMainstream_Disclaimer.md,
no_source,_CONSOLIDATION_BACKUP/pre_consolidation_20260211_223612/99_Operations 2/Visionary_Intelligence/06_Tools/crosslinking/scenario_linker_rules.md,
no_source,_CONSOLIDATION_BACKUP/pre_consolidation_20260211_223612/99_Operations 2/Visionary_Intelligence/06_Tools/hydraulics/hydraulics_friction_calculator.py,
no_source,_CONSOLIDATION_BACKUP/pre_consolidation_20260211_223612/99_Operations 2/Visionary_Intelligence/06_Tools/hydraulics/sample_inputs/example_site_01.json,
no_source,_CONSOLIDATION_BACKUP/pre_consolidation_20260211_223612/99_Operations 2/Visionary_Intelligence/06_Tools/hydraulics/sample_inputs/example_site_02.json,
no_source,_CONSOLIDATION_BACKUP/pre_consolidation_20260211_223612/99_Operations 2/Visionary_Intelligence/07_Scenario_Traceability/Traceability_Matrix.md,
no_source,_CONSOLIDATION_BACKUP/pre_consolidation_20260211_223612/99_Operations 2/Visionary_Intelligence/07_Scenario_Traceability/Scenario_Crosslinks/Scenario1.md,
no_source,_CONSOLIDATION_BACKUP/pre_consolidation_20260211_223612/99_Operations 2/Visionary_Intelligence/07_Scenario_Traceability/Scenario_Crosslinks/Scenario5.md,
no_source,_CONSOLIDATION_BACKUP/pre_consolidation_20260211_223612/99_Operations 2/Visionary_Intelligence/07_Scenario_Traceability/Scenario_Crosslinks/Scenario3.md,
no_source,_CONSOLIDATION_BACKUP/pre_consolidation_20260211_223612/99_Operations 2/Visionary_Intelligence/07_Scenario_Traceability/Scenario_Crosslinks/Scenario4.md,
no_source,_CONSOLIDATION_BACKUP/pre_consolidation_20260211_223612/99_Operations 2/Visionary_Intelligence/07_Scenario_Traceability/Scenario_Crosslinks/Scenario2.md,
no_source,_CONSOLIDATION_BACKUP/pre_consolidation_20260211_223612/99_Operations 2/Visionary_Intelligence/05_Doctrine_Output/markdown/Crossflow_Setup_Tuning.md,
no_source,_CONSOLIDATION_BACKUP/pre_consolidation_20260211_223612/99_Operations 2/Visionary_Intelligence/05_Doctrine_Output/markdown/Turbine_Selection_Doctrine.md,
no_source,_CONSOLIDATION_BACKUP/pre_consolidation_20260211_223612/99_Operations 2/Visionary_Intelligence/05_Doctrine_Output/markdown/Intake_Vortex_Prevention.md,
no_source,_CONSOLIDATION_BACKUP/pre_consolidation_20260211_223612/99_Operations 2/Visionary_Intelligence/05_Doctrine_Output/markdown/Penstock_Headloss_Rules.md,
no_source,_CONSOLIDATION_BACKUP/pre_consolidation_20260211_223612/99_Operations 2/Visionary_Intelligence/01_Master_Index/Visionary_Master_Index.md,
no_source,_CONSOLIDATION_BACKUP/pre_consolidation_20260211_223612/99_Operations 2/Visionary_Intelligence/01_Master_Index/Visionary_Comparative_Matrix.md,
no_source,_CONSOLIDATION_BACKUP/pre_consolidation_20260211_223612/99_Operations 2/Visionary_Intelligence/01_Master_Index/Crosslink_Map.md,
no_source,_CONSOLIDATION_BACKUP/pre_consolidation_20260211_223612/99_Operations 2/Visionary_Intelligence/01_Master_Index/Tag_Taxonomy.md,
no_source,_CONSOLIDATION_BACKUP/pre_consolidation_20260211_223612/99_Operations 2/Visionary_Intelligence/03_Visionary_Profiles/00_Profile_Template.md,
no_source,_CONSOLIDATION_BACKUP/pre_consolidation_20260211_223612/99_Operations 2/Visionary_Intelligence/04_Artifacts/Tesla/publications/INDEX.json,
no_source,_CONSOLIDATION_BACKUP/pre_consolidation_20260211_223612/99_Operations 2/Visionary_Intelligence/04_Artifacts/Tesla/images/INDEX.json,
no_source,_CONSOLIDATION_BACKUP/pre_consolidation_20260211_223612/99_Operations 2/Visionary_Intelligence/04_Artifacts/Tesla/patents/INDEX.json,
no_source,_CONSOLIDATION_BACKUP/pre_consolidation_20260211_223612/99_Operations 2/Visionary_Intelligence/04_Artifacts/schemas/INDEX.schema.json,
no_source,_CONSOLIDATION_BACKUP/pre_consolidation_20260211_223612/99_Operations 2/Visionary_Intelligence/04_Artifacts/schemas/LICENSE.schema.json,
no_source,_CONSOLIDATION_BACKUP/pre_consolidation_20260211_223612/99_Operations 2/Visionary_Intelligence/04_Artifacts/Schauberger/publications/INDEX.json,
no_source,_CONSOLIDATION_BACKUP/pre_consolidation_20260211_223612/99_Operations 2/Visionary_Intelligence/04_Artifacts/Schauberger/images/INDEX.json,
no_source,_CONSOLIDATION_BACKUP/pre_consolidation_20260211_223612/99_Operations 2/Visionary_Intelligence/04_Artifacts/Schauberger/patents/INDEX.json,
no_source,_CONSOLIDATION_BACKUP/pre_consolidation_20260211_223612/99_Operations 2/Visionary_Intelligence/04_Artifacts/Shared/historical_images/INDEX.json,
no_source,_CONSOLIDATION_BACKUP/pre_consolidation_20260211_223612/99_Operations 2/Visionary_Intelligence/04_Artifacts/Shared/figures/INDEX.json,
no_source,_CONSOLIDATION_BACKUP/pre_consolidation_20260211_223612/99_Operations 2/Visionary_Intelligence/04_Artifacts/Shared/diagrams/INDEX.json,
no_source,_CONSOLIDATION_BACKUP/pre_consolidation_20260211_223612/99_Operations 2/Visionary_Intelligence/08_Review_and_Promotion/QA_Checklist.md,
no_source,_CONSOLIDATION_BACKUP/pre_consolidation_20260211_223612/99_Operations 2/Visionary_Intelligence/08_Review_and_Promotion/Release_Notes_Template.md,
no_source,_CONSOLIDATION_BACKUP/pre_consolidation_20260211_223612/99_Operations 2/Visionary_Intelligence/08_Review_and_Promotion/Merge_Map_To_Company_Tree.md,
no_source,_CONSOLIDATION_BACKUP/pre_consolidation_20260211_223612/99_Operations 2/Visionary_Intelligence/08_Review_and_Promotion/Promotion_Checklist.md,
no_source,_CONSOLIDATION_BACKUP/pre_consolidation_20260211_223612/99_Operations 2/Visionary_Intelligence/00_Admin/License_Policy.md,
no_source,_CONSOLIDATION_BACKUP/pre_consolidation_20260211_223612/99_Operations 2/Visionary_Intelligence/00_Admin/Conventions.md,
no_source,_CONSOLIDATION_BACKUP/pre_consolidation_20260211_223612/99_Operations 2/Visionary_Intelligence/00_Admin/Citation_Rules.md,
no_source,_CONSOLIDATION_BACKUP/pre_consolidation_20260211_223612/99_Operations 2/Visionary_Intelligence/00_Admin/Contribution_Guide.md,
no_source,_CONSOLIDATION_BACKUP/pre_consolidation_20260211_223612/99_Operations 2/Visionary_Intelligence/00_Admin/Naming_Standards.md,
no_source,_CONSOLIDATION_BACKUP/pre_consolidation_20260211_223612/_BACKUPS/Visionary_Intelligence_OneClick_Update.zip,
no_source,_CONSOLIDATION_BACKUP/pre_consolidation_20260211_223612/_BACKUPS/ResonanceEnergy_OneClick_FullBuild_Patch.zip,
no_source,_CONSOLIDATION_BACKUP/pre_consolidation_20260211_223612/_BACKUPS/BackupToolsPackage.zip,
no_source,_CONSOLIDATION_BACKUP/pre_consolidation_20260211_223612/_BACKUPS/99_Operations.zip,
no_source,_CONSOLIDATION_BACKUP/pre_consolidation_20260211_223612/_BACKUPS/99_Operations copy.zip,
no_source,_CONSOLIDATION_BACKUP/pre_consolidation_20260211_223612/_BACKUPS/resonance_backup_incremental.zip,
no_source,_CONSOLIDATION_BACKUP/pre_consolidation_20260211_223612/_BACKUPS/OffGrid_Renewables_Cleantech_Reference_Library.zip,
no_source,_CONSOLIDATION_BACKUP/pre_consolidation_20260211_223612/_BACKUPS/Visionary_Intelligence_OneClick_Update_ApplyOnly_SafetyFlags.zip,
no_source,_CONSOLIDATION_BACKUP/pre_consolidation_20260211_223612/_BACKUPS/OffGrid_Renewables_Cleantech_Engineering_Manual_V2.zip,
no_source,_CONSOLIDATION_BACKUP/pre_consolidation_20260211_223612/11_References/MASTER_REFERENCES.md,
no_source,_CONSOLIDATION_BACKUP/pre_consolidation_20260211_223612/artifacts/ResonanceEnergy_Enterprise_20260122_193803.zip,
no_source,_CONSOLIDATION_BACKUP/pre_consolidation_20260211_223612/artifacts/build_all_report.md,
no_source,_CONSOLIDATION_BACKUP/pre_consolidation_20260211_223612/artifacts/preflight_report.md,
no_source,_CONSOLIDATION_BACKUP/pre_consolidation_20260211_223612/artifacts/bootstrap_report.md,
no_source,_CONSOLIDATION_BACKUP/pre_consolidation_20260211_223612/artifacts/ResonanceEnergy_Enterprise_20260122_210052.zip,
no_source,_CONSOLIDATION_BACKUP/pre_consolidation_20260211_223612/artifacts/handbook_automation_report.md,
no_source,_CONSOLIDATION_BACKUP/pre_consolidation_20260211_223612/artifacts/ResonanceEnergy_Enterprise_20260122_194438.zip,
no_source,_CONSOLIDATION_BACKUP/pre_consolidation_20260211_223612/artifacts/chat_context/CHAT_CONTEXT.md,
no_source,_CONSOLIDATION_BACKUP/pre_consolidation_20260211_223612/artifacts/ResonanceEnergy_Enterprise_20260122_193803/02_Vision_Ethics_Founders/VISION_FOUNDATION.md,
no_source,_CONSOLIDATION_BACKUP/pre_consolidation_20260211_223612/artifacts/ResonanceEnergy_Enterprise_20260122_193803/01_Executive_Summary/EXEC_SUMMARY.md,
no_source,_CONSOLIDATION_BACKUP/pre_consolidation_20260211_223612/artifacts/ResonanceEnergy_Enterprise_20260122_193803/12_Admin_Governance/BOARD_CHARTER.md,
no_source,_CONSOLIDATION_BACKUP/pre_consolidation_20260211_223612/artifacts/ResonanceEnergy_Enterprise_20260122_193803/03_Market_Scenarios/Scenario5_Resilience_Hub/SCENARIO.md,
no_source,_CONSOLIDATION_BACKUP/pre_consolidation_20260211_223612/artifacts/ResonanceEnergy_Enterprise_20260122_193803/03_Market_Scenarios/Scenario1_Indigenous_Microgrid/SCENARIO.md,
no_source,_CONSOLIDATION_BACKUP/pre_consolidation_20260211_223612/artifacts/ResonanceEnergy_Enterprise_20260122_193803/03_Market_Scenarios/Scenario3_Industrial_Outfall/SCENARIO.md,
no_source,_CONSOLIDATION_BACKUP/pre_consolidation_20260211_223612/artifacts/ResonanceEnergy_Enterprise_20260122_193803/03_Market_Scenarios/Scenario4_EcoResort_Campus/SCENARIO.md,
no_source,_CONSOLIDATION_BACKUP/pre_consolidation_20260211_223612/artifacts/ResonanceEnergy_Enterprise_20260122_193803/03_Market_Scenarios/Scenario2_Irrigation_Canal/SCENARIO.md,
no_source,_CONSOLIDATION_BACKUP/pre_consolidation_20260211_223612/artifacts/ResonanceEnergy_Enterprise_20260122_193803/scripts/one_click_installer.py,
no_source,_CONSOLIDATION_BACKUP/pre_consolidation_20260211_223612/artifacts/ResonanceEnergy_Enterprise_20260122_193803/scripts/render_handbooks.py,
no_source,_CONSOLIDATION_BACKUP/pre_consolidation_20260211_223612/artifacts/ResonanceEnergy_Enterprise_20260122_193803/scripts/zip_repo_safe.py,
no_source,_CONSOLIDATION_BACKUP/pre_consolidation_20260211_223612/artifacts/ResonanceEnergy_Enterprise_20260122_193803/scripts/automate_handbooks.py,
no_source,_CONSOLIDATION_BACKUP/pre_consolidation_20260211_223612/artifacts/ResonanceEnergy_Enterprise_20260122_193803/04_Technology/05_Battery_PV_Wind/COST_BENCHMARKS.md,
no_source,_CONSOLIDATION_BACKUP/pre_consolidation_20260211_223612/artifacts/ResonanceEnergy_Enterprise_20260122_193803/04_Technology/04_Electrical_Protection/PROTECTION_OVERVIEW.md,
no_source,_CONSOLIDATION_BACKUP/pre_consolidation_20260211_223612/artifacts/ResonanceEnergy_Enterprise_20260122_193803/04_Technology/06_Control_SCADA/BLACKSTART_CONCEPT.md,
no_source,_CONSOLIDATION_BACKUP/pre_consolidation_20260211_223612/artifacts/ResonanceEnergy_Enterprise_20260122_193803/04_Technology/01_Hydraulics/HYDRAULICS_PRIMER.md,
no_source,_CONSOLIDATION_BACKUP/pre_consolidation_20260211_223612/artifacts/ResonanceEnergy_Enterprise_20260122_193803/04_Technology/03_Turbine_Generator/CROSSFLOW_TURBINE.md,
no_source,_CONSOLIDATION_BACKUP/pre_consolidation_20260211_223612/artifacts/ResonanceEnergy_Enterprise_20260122_193803/04_Technology/02_Hydram/HYDRAM_GUIDE.md,
no_source,_CONSOLIDATION_BACKUP/pre_consolidation_20260211_223612/artifacts/ResonanceEnergy_Enterprise_20260122_193803/04_Technology/handbooks/HB-01_Turbine_Selection/handbook.md,
no_source,_CONSOLIDATION_BACKUP/pre_consolidation_20260211_223612/artifacts/ResonanceEnergy_Enterprise_20260122_193803/04_Technology/handbooks/HB-01_Turbine_Selection/contexts/CONTEXT_OVERLAYS.md,
no_source,_CONSOLIDATION_BACKUP/pre_consolidation_20260211_223612/artifacts/ResonanceEnergy_Enterprise_20260122_193803/04_Technology/handbooks/HB-02_Intake_Debris/handbook.md,
no_source,_CONSOLIDATION_BACKUP/pre_consolidation_20260211_223612/artifacts/ResonanceEnergy_Enterprise_20260122_193803/04_Technology/handbooks/HB-02_Intake_Debris/contexts/CONTEXT_OVERLAYS.md,
no_source,_CONSOLIDATION_BACKUP/pre_consolidation_20260211_223612/artifacts/ResonanceEnergy_Enterprise_20260122_193803/04_Technology/handbooks/HB-05_Controls_SCADA/handbook.md,
no_source,_CONSOLIDATION_BACKUP/pre_consolidation_20260211_223612/artifacts/ResonanceEnergy_Enterprise_20260122_193803/04_Technology/handbooks/HB-05_Controls_SCADA/contexts/CONTEXT_OVERLAYS.md,
no_source,_CONSOLIDATION_BACKUP/pre_consolidation_20260211_223612/artifacts/ResonanceEnergy_Enterprise_20260122_193803/04_Technology/handbooks/HB-06_Commissioning_FAT_SAT/handbook.md,
no_source,_CONSOLIDATION_BACKUP/pre_consolidation_20260211_223612/artifacts/ResonanceEnergy_Enterprise_20260122_193803/04_Technology/handbooks/HB-06_Commissioning_FAT_SAT/contexts/CONTEXT_OVERLAYS.md,
no_source,_CONSOLIDATION_BACKUP/pre_consolidation_20260211_223612/artifacts/ResonanceEnergy_Enterprise_20260122_193803/04_Technology/handbooks/HB-03_Penstock_Headloss/handbook.md,
no_source,_CONSOLIDATION_BACKUP/pre_consolidation_20260211_223612/artifacts/ResonanceEnergy_Enterprise_20260122_193803/04_Technology/handbooks/HB-03_Penstock_Headloss/contexts/CONTEXT_OVERLAYS.md,
no_source,_CONSOLIDATION_BACKUP/pre_consolidation_20260211_223612/artifacts/ResonanceEnergy_Enterprise_20260122_193803/04_Technology/handbooks/HB-04_Hydram_Tuning/handbook.md,
no_source,_CONSOLIDATION_BACKUP/pre_consolidation_20260211_223612/artifacts/ResonanceEnergy_Enterprise_20260122_193803/04_Technology/handbooks/HB-04_Hydram_Tuning/contexts/CONTEXT_OVERLAYS.md,
no_source,_CONSOLIDATION_BACKUP/pre_consolidation_20260211_223612/artifacts/ResonanceEnergy_Enterprise_20260122_193803/04_Technology/handbooks/_shared/COVER_TEMPLATE.md,
no_source,_CONSOLIDATION_BACKUP/pre_consolidation_20260211_223612/artifacts/ResonanceEnergy_Enterprise_20260122_193803/04_Technology/handbooks/_shared/handbook_style.json,
no_source,_CONSOLIDATION_BACKUP/pre_consolidation_20260211_223612/artifacts/ResonanceEnergy_Enterprise_20260122_193803/04_Technology/handbooks/_shared/DEFAULT_CONTEXTS.md,
no_source,_CONSOLIDATION_BACKUP/pre_consolidation_20260211_223612/artifacts/ResonanceEnergy_Enterprise_20260122_193803/04_Technology/handbooks/_shared/CONTEXT_MATRIX.md,
no_source,_CONSOLIDATION_BACKUP/pre_consolidation_20260211_223612/artifacts/ResonanceEnergy_Enterprise_20260122_193803/04_Technology/handbooks/_shared/DISCLAIMER.md,
no_source,_CONSOLIDATION_BACKUP/pre_consolidation_20260211_223612/artifacts/ResonanceEnergy_Enterprise_20260122_193803/11_References/MASTER_REFERENCES.md,
no_source,_CONSOLIDATION_BACKUP/pre_consolidation_20260211_223612/artifacts/ResonanceEnergy_Enterprise_20260122_193803/artifacts/handbook_automation_report.md,
no_source,_CONSOLIDATION_BACKUP/pre_consolidation_20260211_223612/artifacts/ResonanceEnergy_Enterprise_20260122_193803/05_RnD/04_Coherent_Geometry/SOURCES.md,
no_source,_CONSOLIDATION_BACKUP/pre_consolidation_20260211_223612/artifacts/ResonanceEnergy_Enterprise_20260122_193803/05_RnD/03_Advanced_Intake_Vortex/IAHR_VORTEX_INTAKES.md,
no_source,_CONSOLIDATION_BACKUP/pre_consolidation_20260211_223612/05_RnD/04_Coherent_Geometry/SOURCES.md,
no_source,_CONSOLIDATION_BACKUP/pre_consolidation_20260211_223612/05_RnD/03_Advanced_Intake_Vortex/IAHR_VORTEX_INTAKES.md,
no_source,_CONSOLIDATION_BACKUP/pre_consolidation_20260211_223612/05_RnD/annex_winter_phase_coherence/DISCLAIMER.md,
no_source,_CONSOLIDATION_BACKUP/pre_consolidation_20260211_223612/05_RnD/experiment_registry/EXP-000_TEMPLATE.md,
no_source,_CONSOLIDATION_BACKUP/pre_consolidation_20260211_223612/01_Company/NORTH_STAR_METRICS.md,
no_source,_CONSOLIDATION_BACKUP/pre_consolidation_20260211_223612/01_Company/VISION_MISSION_VALUES.md,
no_source,_CONSOLIDATION_BACKUP/pre_consolidation_20260211_223612/01_Company/FOUNDING_STATEMENT.md,
no_source,01_Company/NORTH_STAR_METRICS.md,
no_source,01_Company/VISION_MISSION_VALUES.md,
no_source,01_Company/FOUNDING_STATEMENT.md,
status,file,note
filled_from_zip,OffGrid_Renewables_Cleantech_Reference_Library/00_Readme/README.md,/tmp/zipex/z123/README.md
filled_from_zip,99_Operations 3/Visionary_Intelligence/README.md,/tmp/zipex/z123/README.md
filled_from_zip,99_Operations 3/Visionary_Intelligence/06_Tools/crosslinking/README.md,/tmp/zipex/z123/README.md
filled_from_zip,99_Operations 3/Visionary_Intelligence/06_Tools/hydraulics/README.md,/tmp/zipex/z123/README.md
filled_from_zip,99_Operations 3/Visionary_Intelligence/07_Scenario_Traceability/README.md,/tmp/zipex/z123/README.md
filled_from_zip,99_Operations 3/Visionary_Intelligence/05_Doctrine_Output/README.md,/tmp/zipex/z123/README.md
filled_from_zip,99_Operations 3/Visionary_Intelligence/04_Artifacts/README.md,/tmp/zipex/z123/README.md
filled_from_zip,99_Operations 3/Visionary_Intelligence/04_Artifacts/Tesla/publications/README.md,/tmp/zipex/z123/README.md
filled_from_zip,99_Operations 3/Visionary_Intelligence/04_Artifacts/Tesla/images/README.md,/tmp/zipex/z123/README.md
filled_from_zip,99_Operations 3/Visionary_Intelligence/04_Artifacts/Tesla/patents/README.md,/tmp/zipex/z123/README.md
filled_from_zip,99_Operations 3/Visionary_Intelligence/04_Artifacts/Schauberger/publications/README.md,/tmp/zipex/z123/README.md
filled_from_zip,99_Operations 3/Visionary_Intelligence/04_Artifacts/Schauberger/images/README.md,/tmp/zipex/z123/README.md
filled_from_zip,99_Operations 3/Visionary_Intelligence/04_Artifacts/Schauberger/patents/README.md,/tmp/zipex/z123/README.md
filled_from_zip,99_Operations 3/Visionary_Intelligence/04_Artifacts/Shared/historical_images/README.md,/tmp/zipex/z123/README.md
filled_from_zip,99_Operations 3/Visionary_Intelligence/04_Artifacts/Shared/figures/README.md,/tmp/zipex/z123/README.md
filled_from_zip,99_Operations 3/Visionary_Intelligence/04_Artifacts/Shared/diagrams/README.md,/tmp/zipex/z123/README.md
filled_from_zip,Implementation/MicroHydroV1/README.md,/tmp/zipex/z123/README.md
filled_from_zip,Implementation/MicroHydroV1/.gitignore,/tmp/zipex/z52/MicroHydroV1/.gitignore
filled_from_zip,Implementation/MicroHydroV1/automation/README.md,/tmp/zipex/z52/MicroHydroV1/automation/README.md
filled_from_zip,Implementation/MicroHydroV1/tests/README.md,/tmp/zipex/z52/MicroHydroV1/tests/README.md
filled_from_zip,Implementation/MicroHydroV1/data/README.md,/tmp/zipex/z52/MicroHydroV1/data/README.md
filled_from_zip,Implementation/MicroHydroV1/tools/validate/validate_repo.py,/tmp/zipex/z84/MicroHydroV1_SoT_Package/validate_repo.py
filled_from_zip,Implementation/MicroHydroV1/cad/README.md,/tmp/zipex/z52/MicroHydroV1/cad/README.md
filled_from_zip,Implementation/MicroHydroV1/docs/README.md,/tmp/zipex/z52/MicroHydroV1/docs/README.md
filled_from_zip,Implementation/MicroHydroV1_Shapr3D_ReferenceModel/params.json,/tmp/zipex/z11/New Folder With Items/params.json
filled_from_zip,Implementation/MicroHydroV1_InitGui_PATCH/README.txt,/tmp/zipex/z21/MICRO HYDRO NEW/NextChat_Package/README.txt
filled_from_zip,Implementation/MICRO HYDRO - OLD/RnD/MASTER_PRODUCTION_PACKAGE.zip,/tmp/zipex/z21/MICRO HYDRO NEW/MICRO HYDRO - OLD/RnD/MASTER_PRODUCTION_PACKAGE.zip
filled_from_zip,Implementation/MICRO HYDRO - OLD/RnD/MASTER_PRODUCTION_PACKAGE 2/params.json,/tmp/zipex/z11/New Folder With Items/params.json
filled_from_zip,Implementation/MICRO HYDRO - OLD/RnD/MASTER_PRODUCTION_PACKAGE 2/import_measurements.py,/tmp/zipex/z21/MICRO HYDRO NEW/MICRO HYDRO - OLD/RnD/MASTER_PRODUCTION_PACKAGE 2/import_measurements.py
filled_from_zip,Implementation/MICRO HYDRO - OLD/RnD/MASTER_PRODUCTION_PACKAGE 2/Import_Config.json,/tmp/zipex/z21/MICRO HYDRO NEW/MICRO HYDRO - OLD/RnD/MASTER_PRODUCTION_PACKAGE 2/Import_Config.json
filled_from_zip,Implementation/MICRO HYDRO - OLD/RnD/MASTER_PRODUCTION_PACKAGE 2/build_all.FCMacro.docx,/tmp/zipex/z11/New Folder With Items/build_all.FCMacro.docx
filled_from_zip,Implementation/MICRO HYDRO - OLD/RnD/MASTER_PRODUCTION_PACKAGE 2/05_Tank_Hydraulics_Unit/MicroHydroV1_Bench_Test_Tracker.xlsx,/tmp/zipex/z21/MICRO HYDRO NEW/MICRO HYDRO - OLD/RnD/MASTER_PRODUCTION_PACKAGE 2/05_Tank_Hydraulics_Unit/MicroHydroV1_Bench_Test_Tracker.xlsx
filled_from_zip,Implementation/MICRO HYDRO - OLD/RnD/MASTER_PRODUCTION_PACKAGE 2/05_Tank_Hydraulics_Unit/TANK_Ripple_Model.xlsx,/tmp/zipex/z21/MICRO HYDRO NEW/MICRO HYDRO - OLD/RnD/MASTER_PRODUCTION_PACKAGE 2/05_Tank_Hydraulics_Unit/TANK_Ripple_Model.xlsx
filled_from_zip,Implementation/MICRO HYDRO - OLD/RnD/MASTER_PRODUCTION_PACKAGE 2/04_Hydram_Research_Unit/TANK_Ripple_Model.xlsx,/tmp/zipex/z21/MICRO HYDRO NEW/MICRO HYDRO - OLD/RnD/MASTER_PRODUCTION_PACKAGE 2/04_Hydram_Research_Unit/TANK_Ripple_Model.xlsx
filled_from_zip,Implementation/MICRO HYDRO - OLD/RnD/NextChat_Package/README.txt,/tmp/zipex/z21/MICRO HYDRO NEW/NextChat_Package/README.txt
filled_from_zip,Implementation/MICRO HYDRO - OLD/RnD/zipppittt/MICRO HYDRO.zip,/tmp/zipex/z21/MICRO HYDRO NEW/MICRO HYDRO - OLD/zipppittt/MICRO HYDRO.zip
filled_from_zip,Implementation/MicroHydroV1 — SoT/MicroHydroV1/tests/raw/2026-01-22_Run1_JetCoherence/T001_JetCoherence_Run1.csv,/tmp/zipex/z13/01_SharePoint_Libraries/MicroHydroV1 — SoT/MicroHydroV1/tests/raw/2026-01-22_Run1_JetCoherence/T001_JetCoherence_Run1.csv
filled_from_zip,Implementation/MicroHydroV1 — SoT/MicroHydroV1/tests/raw/2026-01-22_Run1_TankRipple/T002_TankRipple_Run1.csv,/tmp/zipex/z13/01_SharePoint_Libraries/MicroHydroV1 — SoT/MicroHydroV1/tests/raw/2026-01-22_Run1_TankRipple/T002_TankRipple_Run1.csv
filled_from_zip,Implementation/MicroHydroV1 — SoT/MicroHydroV1/tests/raw/2026-01-22_Run1_Power/T004_Power_Run1.csv,/tmp/zipex/z13/01_SharePoint_Libraries/MicroHydroV1 — SoT/MicroHydroV1/tests/raw/2026-01-22_Run1_Power/T004_Power_Run1.csv
filled_from_zip,Implementation/MicroHydroV1 — SoT/MicroHydroV1/tests/raw/2026-01-22_Run1_ELCStability/T003_ELCStability_Run1.csv,/tmp/zipex/z13/01_SharePoint_Libraries/MicroHydroV1 — SoT/MicroHydroV1/tests/raw/2026-01-22_Run1_ELCStability/T003_ELCStability_Run1.csv
filled_from_zip,Implementation/MicroHydroV1 — SoT/MicroHydroV1/tools/workflow/autofill_evidence_doc.py,/tmp/zipex/z13/01_SharePoint_Libraries/MicroHydroV1 — SoT/MicroHydroV1/MicroHydroV1_RUN3_AutoFill_Evidence_RUNID_BASELINE_v0.3.0/MicroHydroV1/tools/workflow/autofill_evidence_doc.py
filled_from_zip,Implementation/MicroHydroV1 — SoT/MicroHydroV1/docs/addons/zips/MicroHydroV1_v0.3.0_FULL_LOCKED_PressurePa.zip,/tmp/zipex/z13/01_SharePoint_Libraries/MicroHydroV1 — SoT/MicroHydroV1/MicroHydroV1_v0.3.0_FULL_LOCKED_PressurePa.zip
filled_from_zip,Implementation/MicroHydroV1 — SoT/MicroHydroV1/docs/addons/zips/MicroHydroV1_DO_ALL_AddOn_v0.3.0 (3).zip,/tmp/zipex/z13/01_SharePoint_Libraries/MicroHydroV1 — SoT/MicroHydroV1/MicroHydroV1_DO_ALL_AddOn_v0.3.0 (3).zip
filled_from_zip,Implementation/MicroHydroV1 — SoT/MicroHydroV1/docs/addons/zips/MicroHydroV1_RUN3_DoAll_Templates_Plots.zip,/tmp/zipex/z13/01_SharePoint_Libraries/MicroHydroV1 — SoT/MicroHydroV1/MicroHydroV1_RUN3_DoAll_Templates_Plots.zip
filled_from_zip,Implementation/MicroHydroV1 — SoT/MicroHydroV1/docs/addons/zips/MicroHydroV1_DO_ALL_AddOn_v0.3.0.zip,/tmp/zipex/z13/01_SharePoint_Libraries/MicroHydroV1 — SoT/MicroHydroV1/MicroHydroV1_DO_ALL_AddOn_v0.3.0.zip
filled_from_zip,Implementation/MicroHydroV1 — SoT/MicroHydroV1/docs/addons/zips/MicroHydroV1_Calibration_AutoEmbed_AddOn_v0.3.0.zip,/tmp/zipex/z13/01_SharePoint_Libraries/MicroHydroV1 — SoT/MicroHydroV1/MicroHydroV1_Calibration_AutoEmbed_AddOn_v0.3.0.zip
filled_from_zip,Implementation/MicroHydroV1 — SoT/MicroHydroV1/docs/addons/zips/MicroHydroV1_DO_ALL_AddOn_v0.3.0 (2).zip,/tmp/zipex/z13/01_SharePoint_Libraries/MicroHydroV1 — SoT/MicroHydroV1/MicroHydroV1_DO_ALL_AddOn_v0.3.0 (2).zip
filled_from_zip,Implementation/MicroHydroV1 — SoT/MicroHydroV1/docs/run3/README_AUTOFILL.md,/tmp/zipex/z13/01_SharePoint_Libraries/MicroHydroV1 — SoT/MicroHydroV1/MicroHydroV1_RUN3_AutoFill_Evidence_RUNID_BASELINE_v0.3.0/MicroHydroV1/docs/run3/README_AUTOFILL.md
filled_from_zip,Implementation/MicroHydroV1 — SoT/MicroHydroV1_BACKUP_20260122_005746/MicroHydroV1_v0.3.0_FULL_LOCKED_PressurePa.zip,/tmp/zipex/z13/01_SharePoint_Libraries/MicroHydroV1 — SoT/MicroHydroV1/MicroHydroV1_v0.3.0_FULL_LOCKED_PressurePa.zip
filled_from_zip,Implementation/MicroHydroV1 — SoT/MicroHydroV1_BACKUP_20260122_005746/MicroHydroV1_DO_ALL_AddOn_v0.3.0 (3).zip,/tmp/zipex/z13/01_SharePoint_Libraries/MicroHydroV1 — SoT/MicroHydroV1/MicroHydroV1_DO_ALL_AddOn_v0.3.0 (3).zip
filled_from_zip,Implementation/MicroHydroV1 — SoT/MicroHydroV1_BACKUP_20260122_005746/MicroHydroV1_RUN3_DoAll_Templates_Plots.zip,/tmp/zipex/z13/01_SharePoint_Libraries/MicroHydroV1 — SoT/MicroHydroV1/MicroHydroV1_RUN3_DoAll_Templates_Plots.zip
filled_from_zip,Implementation/MicroHydroV1 — SoT/MicroHydroV1_BACKUP_20260122_005746/MicroHydroV1_DO_ALL_AddOn_v0.3.0.zip,/tmp/zipex/z13/01_SharePoint_Libraries/MicroHydroV1 — SoT/MicroHydroV1/MicroHydroV1_DO_ALL_AddOn_v0.3.0.zip
filled_from_zip,Implementation/MicroHydroV1 — SoT/MicroHydroV1_BACKUP_20260122_005746/MicroHydroV1_Calibration_AutoEmbed_AddOn_v0.3.0.zip,/tmp/zipex/z13/01_SharePoint_Libraries/MicroHydroV1 — SoT/MicroHydroV1/MicroHydroV1_Calibration_AutoEmbed_AddOn_v0.3.0.zip
filled_from_zip,Implementation/MicroHydroV1 — SoT/MicroHydroV1_BACKUP_20260122_005746/MicroHydroV1_DO_ALL_AddOn_v0.3.0 (2).zip,/tmp/zipex/z13/01_SharePoint_Libraries/MicroHydroV1 — SoT/MicroHydroV1/MicroHydroV1_DO_ALL_AddOn_v0.3.0 (2).zip
filled_from_zip,Implementation/MicroHydroV1 — SoT/MicroHydroV1_BACKUP_20260122_005746/tests/raw/2026-01-22_Run1_JetCoherence/T001_JetCoherence_Run1.csv,/tmp/zipex/z60/MicroHydroV1/tests/raw/2026-01-22_Run1_JetCoherence/T001_JetCoherence_Run1.csv
filled_from_zip,Implementation/MicroHydroV1 — SoT/MicroHydroV1_BACKUP_20260122_005746/tests/raw/2026-01-22_Run1_TankRipple/T002_TankRipple_Run1.csv,/tmp/zipex/z60/MicroHydroV1/tests/raw/2026-01-22_Run1_TankRipple/T002_TankRipple_Run1.csv
filled_from_zip,Implementation/MicroHydroV1 — SoT/MicroHydroV1_BACKUP_20260122_005746/tests/raw/2026-01-22_Run1_Power/T004_Power_Run1.csv,/tmp/zipex/z60/MicroHydroV1/tests/raw/2026-01-22_Run1_Power/T004_Power_Run1.csv
filled_from_zip,Implementation/MicroHydroV1 — SoT/MicroHydroV1_BACKUP_20260122_005746/tests/raw/2026-01-22_Run1_ELCStability/T003_ELCStability_Run1.csv,/tmp/zipex/z60/MicroHydroV1/tests/raw/2026-01-22_Run1_ELCStability/T003_ELCStability_Run1.csv
filled_from_zip,Implementation/MicroHydroV1_Shapr3D_ReferenceModel_v2/params.json,/tmp/zipex/z11/New Folder With Items/params.json
filled_from_zip,Research/MASTER_PRODUCTION_PACKAGE 2/import_measurements.py,/tmp/zipex/z21/MICRO HYDRO NEW/MICRO HYDRO - OLD/RnD/MASTER_PRODUCTION_PACKAGE 2/import_measurements.py
filled_from_zip,Research/MASTER_PRODUCTION_PACKAGE 2/MicroHydroV1_Bench_Test_Tracker.xlsx,/tmp/zipex/z21/MICRO HYDRO NEW/MICRO HYDRO - OLD/RnD/MASTER_PRODUCTION_PACKAGE 2/MicroHydroV1_Bench_Test_Tracker.xlsx
filled_from_zip,Research/MASTER_PRODUCTION_PACKAGE 2/Import_Config.json,/tmp/zipex/z21/MICRO HYDRO NEW/MICRO HYDRO - OLD/RnD/MASTER_PRODUCTION_PACKAGE 2/Import_Config.json
filled_from_zip,Research/MASTER_PRODUCTION_PACKAGE 2/05_Tank_Hydraulics_Unit/MicroHydroV1_Bench_Test_Tracker.xlsx,/tmp/zipex/z21/MICRO HYDRO NEW/MICRO HYDRO - OLD/RnD/MASTER_PRODUCTION_PACKAGE 2/05_Tank_Hydraulics_Unit/MicroHydroV1_Bench_Test_Tracker.xlsx
filled_from_zip,Research/MASTER_PRODUCTION_PACKAGE 2/05_Tank_Hydraulics_Unit/TANK_Ripple_Model.xlsx,/tmp/zipex/z21/MICRO HYDRO NEW/MICRO HYDRO - OLD/RnD/MASTER_PRODUCTION_PACKAGE 2/05_Tank_Hydraulics_Unit/TANK_Ripple_Model.xlsx
filled_from_zip,Research/MASTER_PRODUCTION_PACKAGE 2/04_Hydram_Research_Unit/TANK_Ripple_Model.xlsx,/tmp/zipex/z21/MICRO HYDRO NEW/MICRO HYDRO - OLD/RnD/MASTER_PRODUCTION_PACKAGE 2/04_Hydram_Research_Unit/TANK_Ripple_Model.xlsx
filled_from_zip,Research/Visionary_Intelligence/README.md,/tmp/zipex/z123/README.md
filled_from_zip,Research/Visionary_Intelligence/06_Tools/crosslinking/README.md,/tmp/zipex/z123/README.md
filled_from_zip,Research/Visionary_Intelligence/06_Tools/hydraulics/README.md,/tmp/zipex/z123/README.md
filled_from_zip,Research/Visionary_Intelligence/07_Scenario_Traceability/README.md,/tmp/zipex/z123/README.md
filled_from_zip,Research/Visionary_Intelligence/05_Doctrine_Output/README.md,/tmp/zipex/z123/README.md
filled_from_zip,Research/Visionary_Intelligence/04_Artifacts/README.md,/tmp/zipex/z123/README.md
filled_from_zip,Research/Visionary_Intelligence/04_Artifacts/Tesla/publications/README.md,/tmp/zipex/z123/README.md
filled_from_zip,Research/Visionary_Intelligence/04_Artifacts/Tesla/images/README.md,/tmp/zipex/z123/README.md
filled_from_zip,Research/Visionary_Intelligence/04_Artifacts/Tesla/patents/README.md,/tmp/zipex/z123/README.md
filled_from_zip,Research/Visionary_Intelligence/04_Artifacts/Schauberger/publications/README.md,/tmp/zipex/z123/README.md
filled_from_zip,Research/Visionary_Intelligence/04_Artifacts/Schauberger/images/README.md,/tmp/zipex/z123/README.md
filled_from_zip,Research/Visionary_Intelligence/04_Artifacts/Schauberger/patents/README.md,/tmp/zipex/z123/README.md
filled_from_zip,Research/Visionary_Intelligence/04_Artifacts/Shared/historical_images/README.md,/tmp/zipex/z123/README.md
filled_from_zip,Research/Visionary_Intelligence/04_Artifacts/Shared/figures/README.md,/tmp/zipex/z123/README.md
filled_from_zip,Research/Visionary_Intelligence/04_Artifacts/Shared/diagrams/README.md,/tmp/zipex/z123/README.md
filled_from_zip,Research/RnD_Additional/params.json,/tmp/zipex/z11/New Folder With Items/params.json
filled_from_zip,Research/RnD_Additional/import_measurements.py,/tmp/zipex/z13/01_SharePoint_Libraries/MicroHydroV1 — SoT/MicroHydroV1/MicroHydroV1_Importer_RunID_Patch_v0.3.0/MicroHydroV1/automation/import_measurements.py
filled_from_zip,Research/RnD_Additional/Import_Config.json,/tmp/zipex/z11/New Folder With Items/Import_Config.json
filled_from_zip,Research/RnD_Additional/build_all.FCMacro.docx,/tmp/zipex/z11/New Folder With Items/build_all.FCMacro.docx
filled_from_zip,Research/RnD_Additional/05_Tank_Hydraulics_Unit/MicroHydroV1_Bench_Test_Tracker.xlsx,/tmp/zipex/z11/New Folder With Items/05_Tank_Hydraulics_Unit/MicroHydroV1_Bench_Test_Tracker.xlsx
filled_from_zip,Research/RnD_Additional/05_Tank_Hydraulics_Unit/TANK_Ripple_Model.xlsx,/tmp/zipex/z11/New Folder With Items/05_Tank_Hydraulics_Unit/TANK_Ripple_Model.xlsx
filled_from_zip,Research/RnD_Additional/04_Hydram_Research_Unit/TANK_Ripple_Model.xlsx,/tmp/zipex/z11/New Folder With Items/04_Hydram_Research_Unit/TANK_Ripple_Model.xlsx
filled_from_zip,99_Operations/Visionary_Intelligence/README.md,/tmp/zipex/z123/README.md
filled_from_zip,99_Operations/Visionary_Intelligence/06_Tools/crosslinking/README.md,/tmp/zipex/z123/README.md
filled_from_zip,99_Operations/Visionary_Intelligence/06_Tools/hydraulics/README.md,/tmp/zipex/z123/README.md
filled_from_zip,99_Operations/Visionary_Intelligence/07_Scenario_Traceability/README.md,/tmp/zipex/z123/README.md
filled_from_zip,99_Operations/Visionary_Intelligence/05_Doctrine_Output/README.md,/tmp/zipex/z123/README.md
filled_from_zip,99_Operations/Visionary_Intelligence/04_Artifacts/README.md,/tmp/zipex/z123/README.md
filled_from_zip,99_Operations/Visionary_Intelligence/04_Artifacts/Tesla/publications/README.md,/tmp/zipex/z123/README.md
filled_from_zip,99_Operations/Visionary_Intelligence/04_Artifacts/Tesla/images/README.md,/tmp/zipex/z123/README.md
filled_from_zip,99_Operations/Visionary_Intelligence/04_Artifacts/Tesla/patents/README.md,/tmp/zipex/z123/README.md
filled_from_zip,99_Operations/Visionary_Intelligence/04_Artifacts/Schauberger/publications/README.md,/tmp/zipex/z123/README.md
filled_from_zip,99_Operations/Visionary_Intelligence/04_Artifacts/Schauberger/images/README.md,/tmp/zipex/z123/README.md
filled_from_zip,99_Operations/Visionary_Intelligence/04_Artifacts/Schauberger/patents/README.md,/tmp/zipex/z123/README.md
filled_from_zip,99_Operations/Visionary_Intelligence/04_Artifacts/Shared/historical_images/README.md,/tmp/zipex/z123/README.md
filled_from_zip,99_Operations/Visionary_Intelligence/04_Artifacts/Shared/figures/README.md,/tmp/zipex/z123/README.md
filled_from_zip,99_Operations/Visionary_Intelligence/04_Artifacts/Shared/diagrams/README.md,/tmp/zipex/z123/README.md
filled_from_zip,scripts/tools/README.md,/tmp/zipex/z123/README.md
filled_from_zip,Tools/README.txt,/tmp/zipex/z21/MICRO HYDRO NEW/NextChat_Package/README.txt
filled_from_zip,MicroHydroV1_FastTrack_Bundle/Evidence_Doc_Example.txt,/tmp/zipex/z103/Evidence_Doc_Example.txt
filled_from_zip,MicroHydroV1_FastTrack_Bundle/Operator_Card.txt,/tmp/zipex/z103/Operator_Card.txt
filled_from_zip,MicroHydroV1_FastTrack_Bundle/PowerAutomate_Flows.txt,/tmp/zipex/z103/PowerAutomate_Flows.txt
filled_from_zip,MicroHydroV1_FastTrack_Bundle/SOP.txt,/tmp/zipex/z103/SOP.txt
filled_from_zip,MicroHydroV1_FastTrack_Bundle/SharePoint_Config.txt,/tmp/zipex/z103/SharePoint_Config.txt
filled_from_zip,MicroHydroV1_Phase3_Automation_Pack_macOS_OpenReleases/requirements.txt,/tmp/zipex/z123/requirements.txt
filled_from_zip,MicroHydroV1_Phase3_Automation_Pack_macOS_OpenReleases/RELEASES_URL_SAMPLE.txt,/tmp/zipex/z123/RELEASES_URL_SAMPLE.txt
filled_from_zip,MicroHydroV1_Phase3_Automation_Pack_macOS_OpenReleases/README.md,/tmp/zipex/z123/README.md
filled_from_zip,MicroHydroV1_Phase3_Automation_Pack_macOS_OpenReleases/launch_mac.sh,/tmp/zipex/z123/launch_mac.sh
filled_from_zip,MicroHydroV1_Phase3_Automation_Pack_macOS_OpenReleases/scripts/new_run.py,/tmp/zipex/z123/scripts/new_run.py
filled_from_zip,MicroHydroV1_Phase3_Automation_Pack_macOS_OpenReleases/scripts/run_one_command.py,/tmp/zipex/z123/scripts/run_one_command.py
filled_from_zip,MicroHydroV1_Phase3_Automation_Pack_macOS_OpenReleases/scripts/preflight_t002.py,/tmp/zipex/z123/scripts/preflight_t002.py
filled_from_zip,MicroHydroV1_Phase3_Automation_Pack_macOS_OpenReleases/docs/POWER_AUTOMATE_EXTENSIONS.md,/tmp/zipex/z123/docs/POWER_AUTOMATE_EXTENSIONS.md
filled_from_zip,04_Technology/handbooks/README.md,/tmp/zipex/z123/README.md
filled_from_zip,Engineering/README.md,/tmp/zipex/z123/README.md
filled_from_zip,Engineering/Tests/Data/T003_ELCStability_Run1.csv,/tmp/zipex/z21/MICRO HYDRO NEW/MICRO HYDRO - OLD/MicroHydroV1_Full_Package/T003_ELCStability_Run1.csv
filled_from_zip,Engineering/Tests/Data/T004_Power_Run1.csv,/tmp/zipex/z21/MICRO HYDRO NEW/MICRO HYDRO - OLD/MicroHydroV1_Full_Package/T004_Power_Run1.csv
filled_from_zip,Engineering/Tests/Data/T002_TankRipple_Run1.csv,/tmp/zipex/z21/MICRO HYDRO NEW/MICRO HYDRO - OLD/MicroHydroV1_Full_Package/T002_TankRipple_Run1.csv
filled_from_zip,Engineering/Tests/Data/T001_JetCoherence_Run1.csv,/tmp/zipex/z21/MICRO HYDRO NEW/MICRO HYDRO - OLD/MicroHydroV1_Full_Package/T001_JetCoherence_Run1.csv
filled_from_zip,Engineering/MicroHydroV1/README.md,/tmp/zipex/z123/README.md
filled_from_zip,Engineering/MicroHydroV1/MANIFEST.json,/tmp/zipex/z13/01_SharePoint_Libraries/MicroHydroV1 — SoT/MicroHydroV1/MANIFEST.json
filled_from_zip,Engineering/MicroHydroV1/tests/raw/2026-01-22_Run1_JetCoherence/T001_JetCoherence_Run1.csv,/tmp/zipex/z60/MicroHydroV1/tests/raw/2026-01-22_Run1_JetCoherence/T001_JetCoherence_Run1.csv
filled_from_zip,Engineering/MicroHydroV1/tests/raw/2026-01-22_Run1_TankRipple/T002_TankRipple_Run1.csv,/tmp/zipex/z60/MicroHydroV1/tests/raw/2026-01-22_Run1_TankRipple/T002_TankRipple_Run1.csv
filled_from_zip,Engineering/MicroHydroV1/tests/raw/2026-01-22_Run1_Power/T004_Power_Run1.csv,/tmp/zipex/z60/MicroHydroV1/tests/raw/2026-01-22_Run1_Power/T004_Power_Run1.csv
filled_from_zip,Engineering/MicroHydroV1/tests/raw/2026-01-22_Run1_ELCStability/T003_ELCStability_Run1.csv,/tmp/zipex/z60/MicroHydroV1/tests/raw/2026-01-22_Run1_ELCStability/T003_ELCStability_Run1.csv
filled_from_zip,Engineering/MicroHydroV1/tools/validate/validate_repo.py,/tmp/zipex/z84/MicroHydroV1_SoT_Package/validate_repo.py
filled_from_zip,Engineering/MicroHydroV1/tools/workflow/autofill_evidence_doc.py,/tmp/zipex/z13/01_SharePoint_Libraries/MicroHydroV1 — SoT/MicroHydroV1/MicroHydroV1_RUN3_AutoFill_Evidence_RUNID_BASELINE_v0.3.0/MicroHydroV1/tools/workflow/autofill_evidence_doc.py
filled_from_zip,Engineering/MicroHydroV1/tools/optimize/optimize_params.py,/tmp/zipex/z13/01_SharePoint_Libraries/MicroHydroV1 — SoT/MicroHydroV1/tools/optimize/optimize_params.py
filled_from_zip,Engineering/MicroHydroV1/docs/run3/README_AUTOFILL.md,/tmp/zipex/z13/01_SharePoint_Libraries/MicroHydroV1 — SoT/MicroHydroV1/MicroHydroV1_RUN3_AutoFill_Evidence_RUNID_BASELINE_v0.3.0/MicroHydroV1/docs/run3/README_AUTOFILL.md
filled_from_zip,Engineering/CAD/MicroHydroV1_CAD Archive/MicroHydroV1_Bench_Test_Tracker.xlsx,/tmp/zipex/z43/03_Data/RnD_Workbook/MicroHydroV1_Bench_Test_Tracker.xlsx
filled_from_zip,Engineering/CAD/MicroHydroV1_CAD Archive/MicroHydroV1_FULL_Workspace/Tests/Data/Imported/T003_ELCStability_Run1.csv,/tmp/zipex/z21/MICRO HYDRO NEW/MicroHydroV1_FULL_Workspace/Tests/Data/Imported/T003_ELCStability_Run1.csv
filled_from_zip,Engineering/CAD/MicroHydroV1_CAD Archive/MicroHydroV1_FULL_Workspace/Tests/Data/Imported/T004_Power_Run1.csv,/tmp/zipex/z21/MICRO HYDRO NEW/MicroHydroV1_FULL_Workspace/Tests/Data/Imported/T004_Power_Run1.csv
filled_from_zip,Engineering/CAD/MicroHydroV1_CAD Archive/MicroHydroV1_FULL_Workspace/Tests/Data/Imported/T002_TankRipple_Run1.csv,/tmp/zipex/z21/MICRO HYDRO NEW/MicroHydroV1_FULL_Workspace/Tests/Data/Imported/T002_TankRipple_Run1.csv
filled_from_zip,Engineering/CAD/MicroHydroV1_CAD Archive/MicroHydroV1_FULL_Workspace/Tests/Data/Imported/T001_JetCoherence_Run1.csv,/tmp/zipex/z21/MICRO HYDRO NEW/MicroHydroV1_FULL_Workspace/Tests/Data/Imported/T001_JetCoherence_Run1.csv
filled_from_zip,Engineering/CAD/MicroHydroV1_Shapr3D_ReferenceModel/params.json,/tmp/zipex/z11/New Folder With Items/params.json
filled_from_zip,Engineering/CAD/Reference_Models/Parametric_Values.md,/tmp/zipex/z29/Docs/Parametric_Values.md
filled_from_zip,OffGrid_Renewables_Cleantech_Engineering_Manual_V2/00_Readme/README.md,/tmp/zipex/z123/README.md
filled_from_zip,99_Operations 2/Visionary_Intelligence/README.md,/tmp/zipex/z123/README.md
filled_from_zip,99_Operations 2/Visionary_Intelligence/06_Tools/crosslinking/README.md,/tmp/zipex/z123/README.md
filled_from_zip,99_Operations 2/Visionary_Intelligence/06_Tools/hydraulics/README.md,/tmp/zipex/z123/README.md
filled_from_zip,99_Operations 2/Visionary_Intelligence/07_Scenario_Traceability/README.md,/tmp/zipex/z123/README.md
filled_from_zip,99_Operations 2/Visionary_Intelligence/05_Doctrine_Output/README.md,/tmp/zipex/z123/README.md
filled_from_zip,99_Operations 2/Visionary_Intelligence/04_Artifacts/README.md,/tmp/zipex/z123/README.md
filled_from_zip,99_Operations 2/Visionary_Intelligence/04_Artifacts/Tesla/publications/README.md,/tmp/zipex/z123/README.md
filled_from_zip,99_Operations 2/Visionary_Intelligence/04_Artifacts/Tesla/images/README.md,/tmp/zipex/z123/README.md
filled_from_zip,99_Operations 2/Visionary_Intelligence/04_Artifacts/Tesla/patents/README.md,/tmp/zipex/z123/README.md
filled_from_zip,99_Operations 2/Visionary_Intelligence/04_Artifacts/Schauberger/publications/README.md,/tmp/zipex/z123/README.md
filled_from_zip,99_Operations 2/Visionary_Intelligence/04_Artifacts/Schauberger/images/README.md,/tmp/zipex/z123/README.md
filled_from_zip,99_Operations 2/Visionary_Intelligence/04_Artifacts/Schauberger/patents/README.md,/tmp/zipex/z123/README.md
filled_from_zip,99_Operations 2/Visionary_Intelligence/04_Artifacts/Shared/historical_images/README.md,/tmp/zipex/z123/README.md
filled_from_zip,99_Operations 2/Visionary_Intelligence/04_Artifacts/Shared/figures/README.md,/tmp/zipex/z123/README.md
filled_from_zip,99_Operations 2/Visionary_Intelligence/04_Artifacts/Shared/diagrams/README.md,/tmp/zipex/z123/README.md
filled_from_zip,artifacts/ResonanceEnergy_Enterprise_20260122_193803/README.md,/tmp/zipex/z123/README.md
filled_from_zip,artifacts/ResonanceEnergy_Enterprise_20260122_193803/04_Technology/handbooks/README.md,/tmp/zipex/z123/README.md
filled_from_zip,temp_integration/tools/README.md,/tmp/zipex/z123/README.md
filled_from_zip,_CONSOLIDATION_BACKUP/pre_consolidation_20260211_223612/OffGrid_Renewables_Cleantech_Reference_Library/00_Readme/README.md,/tmp/zipex/z123/README.md
filled_from_zip,_CONSOLIDATION_BACKUP/pre_consolidation_20260211_223612/99_Operations 3/Visionary_Intelligence/README.md,/tmp/zipex/z123/README.md
filled_from_zip,_CONSOLIDATION_BACKUP/pre_consolidation_20260211_223612/99_Operations 3/Visionary_Intelligence/06_Tools/crosslinking/README.md,/tmp/zipex/z123/README.md
filled_from_zip,_CONSOLIDATION_BACKUP/pre_consolidation_20260211_223612/99_Operations 3/Visionary_Intelligence/06_Tools/hydraulics/README.md,/tmp/zipex/z123/README.md
filled_from_zip,_CONSOLIDATION_BACKUP/pre_consolidation_20260211_223612/99_Operations 3/Visionary_Intelligence/07_Scenario_Traceability/README.md,/tmp/zipex/z123/README.md
filled_from_zip,_CONSOLIDATION_BACKUP/pre_consolidation_20260211_223612/99_Operations 3/Visionary_Intelligence/05_Doctrine_Output/README.md,/tmp/zipex/z123/README.md
filled_from_zip,_CONSOLIDATION_BACKUP/pre_consolidation_20260211_223612/99_Operations 3/Visionary_Intelligence/04_Artifacts/README.md,/tmp/zipex/z123/README.md
filled_from_zip,_CONSOLIDATION_BACKUP/pre_consolidation_20260211_223612/99_Operations 3/Visionary_Intelligence/04_Artifacts/Tesla/publications/README.md,/tmp/zipex/z123/README.md
filled_from_zip,_CONSOLIDATION_BACKUP/pre_consolidation_20260211_223612/99_Operations 3/Visionary_Intelligence/04_Artifacts/Tesla/images/README.md,/tmp/zipex/z123/README.md
filled_from_zip,_CONSOLIDATION_BACKUP/pre_consolidation_20260211_223612/99_Operations 3/Visionary_Intelligence/04_Artifacts/Tesla/patents/README.md,/tmp/zipex/z123/README.md
filled_from_zip,_CONSOLIDATION_BACKUP/pre_consolidation_20260211_223612/99_Operations 3/Visionary_Intelligence/04_Artifacts/Schauberger/publications/README.md,/tmp/zipex/z123/README.md
filled_from_zip,_CONSOLIDATION_BACKUP/pre_consolidation_20260211_223612/99_Operations 3/Visionary_Intelligence/04_Artifacts/Schauberger/images/README.md,/tmp/zipex/z123/README.md
filled_from_zip,_CONSOLIDATION_BACKUP/pre_consolidation_20260211_223612/99_Operations 3/Visionary_Intelligence/04_Artifacts/Schauberger/patents/README.md,/tmp/zipex/z123/README.md
filled_from_zip,_CONSOLIDATION_BACKUP/pre_consolidation_20260211_223612/99_Operations 3/Visionary_Intelligence/04_Artifacts/Shared/historical_images/README.md,/tmp/zipex/z123/README.md
filled_from_zip,_CONSOLIDATION_BACKUP/pre_consolidation_20260211_223612/99_Operations 3/Visionary_Intelligence/04_Artifacts/Shared/figures/README.md,/tmp/zipex/z123/README.md
filled_from_zip,_CONSOLIDATION_BACKUP/pre_consolidation_20260211_223612/99_Operations 3/Visionary_Intelligence/04_Artifacts/Shared/diagrams/README.md,/tmp/zipex/z123/README.md
filled_from_zip,_CONSOLIDATION_BACKUP/pre_consolidation_20260211_223612/99_Operations/Visionary_Intelligence/README.md,/tmp/zipex/z123/README.md
filled_from_zip,_CONSOLIDATION_BACKUP/pre_consolidation_20260211_223612/99_Operations/Visionary_Intelligence/06_Tools/crosslinking/README.md,/tmp/zipex/z123/README.md
filled_from_zip,_CONSOLIDATION_BACKUP/pre_consolidation_20260211_223612/99_Operations/Visionary_Intelligence/06_Tools/hydraulics/README.md,/tmp/zipex/z123/README.md
filled_from_zip,_CONSOLIDATION_BACKUP/pre_consolidation_20260211_223612/99_Operations/Visionary_Intelligence/07_Scenario_Traceability/README.md,/tmp/zipex/z123/README.md
filled_from_zip,_CONSOLIDATION_BACKUP/pre_consolidation_20260211_223612/99_Operations/Visionary_Intelligence/05_Doctrine_Output/README.md,/tmp/zipex/z123/README.md
filled_from_zip,_CONSOLIDATION_BACKUP/pre_consolidation_20260211_223612/99_Operations/Visionary_Intelligence/04_Artifacts/README.md,/tmp/zipex/z123/README.md
filled_from_zip,_CONSOLIDATION_BACKUP/pre_consolidation_20260211_223612/99_Operations/Visionary_Intelligence/04_Artifacts/Tesla/publications/README.md,/tmp/zipex/z123/README.md
filled_from_zip,_CONSOLIDATION_BACKUP/pre_consolidation_20260211_223612/99_Operations/Visionary_Intelligence/04_Artifacts/Tesla/images/README.md,/tmp/zipex/z123/README.md
filled_from_zip,_CONSOLIDATION_BACKUP/pre_consolidation_20260211_223612/99_Operations/Visionary_Intelligence/04_Artifacts/Tesla/patents/README.md,/tmp/zipex/z123/README.md
filled_from_zip,_CONSOLIDATION_BACKUP/pre_consolidation_20260211_223612/99_Operations/Visionary_Intelligence/04_Artifacts/Schauberger/publications/README.md,/tmp/zipex/z123/README.md
filled_from_zip,_CONSOLIDATION_BACKUP/pre_consolidation_20260211_223612/99_Operations/Visionary_Intelligence/04_Artifacts/Schauberger/images/README.md,/tmp/zipex/z123/README.md
filled_from_zip,_CONSOLIDATION_BACKUP/pre_consolidation_20260211_223612/99_Operations/Visionary_Intelligence/04_Artifacts/Schauberger/patents/README.md,/tmp/zipex/z123/README.md
filled_from_zip,_CONSOLIDATION_BACKUP/pre_consolidation_20260211_223612/99_Operations/Visionary_Intelligence/04_Artifacts/Shared/historical_images/README.md,/tmp/zipex/z123/README.md
filled_from_zip,_CONSOLIDATION_BACKUP/pre_consolidation_20260211_223612/99_Operations/Visionary_Intelligence/04_Artifacts/Shared/figures/README.md,/tmp/zipex/z123/README.md
filled_from_zip,_CONSOLIDATION_BACKUP/pre_consolidation_20260211_223612/99_Operations/Visionary_Intelligence/04_Artifacts/Shared/diagrams/README.md,/tmp/zipex/z123/README.md
filled_from_zip,_CONSOLIDATION_BACKUP/pre_consolidation_20260211_223612/Tools/README.txt,/tmp/zipex/z21/MICRO HYDRO NEW/NextChat_Package/README.txt
filled_from_zip,_CONSOLIDATION_BACKUP/pre_consolidation_20260211_223612/MicroHydroV1_FastTrack_Bundle/Evidence_Doc_Example.txt,/tmp/zipex/z103/Evidence_Doc_Example.txt
filled_from_zip,_CONSOLIDATION_BACKUP/pre_consolidation_20260211_223612/MicroHydroV1_FastTrack_Bundle/Operator_Card.txt,/tmp/zipex/z103/Operator_Card.txt
filled_from_zip,_CONSOLIDATION_BACKUP/pre_consolidation_20260211_223612/MicroHydroV1_FastTrack_Bundle/PowerAutomate_Flows.txt,/tmp/zipex/z103/PowerAutomate_Flows.txt
filled_from_zip,_CONSOLIDATION_BACKUP/pre_consolidation_20260211_223612/MicroHydroV1_FastTrack_Bundle/SOP.txt,/tmp/zipex/z103/SOP.txt
filled_from_zip,_CONSOLIDATION_BACKUP/pre_consolidation_20260211_223612/MicroHydroV1_FastTrack_Bundle/SharePoint_Config.txt,/tmp/zipex/z103/SharePoint_Config.txt
filled_from_zip,_CONSOLIDATION_BACKUP/pre_consolidation_20260211_223612/MicroHydroV1_Phase3_Automation_Pack_macOS_OpenReleases/requirements.txt,/tmp/zipex/z123/requirements.txt
filled_from_zip,_CONSOLIDATION_BACKUP/pre_consolidation_20260211_223612/MicroHydroV1_Phase3_Automation_Pack_macOS_OpenReleases/RELEASES_URL_SAMPLE.txt,/tmp/zipex/z123/RELEASES_URL_SAMPLE.txt
filled_from_zip,_CONSOLIDATION_BACKUP/pre_consolidation_20260211_223612/MicroHydroV1_Phase3_Automation_Pack_macOS_OpenReleases/README.md,/tmp/zipex/z123/README.md
filled_from_zip,_CONSOLIDATION_BACKUP/pre_consolidation_20260211_223612/MicroHydroV1_Phase3_Automation_Pack_macOS_OpenReleases/launch_mac.sh,/tmp/zipex/z123/launch_mac.sh
filled_from_zip,_CONSOLIDATION_BACKUP/pre_consolidation_20260211_223612/MicroHydroV1_Phase3_Automation_Pack_macOS_OpenReleases/scripts/new_run.py,/tmp/zipex/z123/scripts/new_run.py
filled_from_zip,_CONSOLIDATION_BACKUP/pre_consolidation_20260211_223612/MicroHydroV1_Phase3_Automation_Pack_macOS_OpenReleases/scripts/run_one_command.py,/tmp/zipex/z123/scripts/run_one_command.py
filled_from_zip,_CONSOLIDATION_BACKUP/pre_consolidation_20260211_223612/MicroHydroV1_Phase3_Automation_Pack_macOS_OpenReleases/scripts/preflight_t002.py,/tmp/zipex/z123/scripts/preflight_t002.py
filled_from_zip,_CONSOLIDATION_BACKUP/pre_consolidation_20260211_223612/MicroHydroV1_Phase3_Automation_Pack_macOS_OpenReleases/docs/POWER_AUTOMATE_EXTENSIONS.md,/tmp/zipex/z123/docs/POWER_AUTOMATE_EXTENSIONS.md
filled_from_zip,_CONSOLIDATION_BACKUP/pre_consolidation_20260211_223612/04_Technology/handbooks/README.md,/tmp/zipex/z123/README.md
filled_from_zip,_CONSOLIDATION_BACKUP/pre_consolidation_20260211_223612/OffGrid_Renewables_Cleantech_Engineering_Manual_V2/00_Readme/README.md,/tmp/zipex/z123/README.md
filled_from_zip,_CONSOLIDATION_BACKUP/pre_consolidation_20260211_223612/99_Operations 2/Visionary_Intelligence/README.md,/tmp/zipex/z123/README.md
filled_from_zip,_CONSOLIDATION_BACKUP/pre_consolidation_20260211_223612/99_Operations 2/Visionary_Intelligence/06_Tools/crosslinking/README.md,/tmp/zipex/z123/README.md
filled_from_zip,_CONSOLIDATION_BACKUP/pre_consolidation_20260211_223612/99_Operations 2/Visionary_Intelligence/06_Tools/hydraulics/README.md,/tmp/zipex/z123/README.md
filled_from_zip,_CONSOLIDATION_BACKUP/pre_consolidation_20260211_223612/99_Operations 2/Visionary_Intelligence/07_Scenario_Traceability/README.md,/tmp/zipex/z123/README.md
filled_from_zip,_CONSOLIDATION_BACKUP/pre_consolidation_20260211_223612/99_Operations 2/Visionary_Intelligence/05_Doctrine_Output/README.md,/tmp/zipex/z123/README.md
filled_from_zip,_CONSOLIDATION_BACKUP/pre_consolidation_20260211_223612/99_Operations 2/Visionary_Intelligence/04_Artifacts/README.md,/tmp/zipex/z123/README.md
filled_from_zip,_CONSOLIDATION_BACKUP/pre_consolidation_20260211_223612/99_Operations 2/Visionary_Intelligence/04_Artifacts/Tesla/publications/README.md,/tmp/zipex/z123/README.md
filled_from_zip,_CONSOLIDATION_BACKUP/pre_consolidation_20260211_223612/99_Operations 2/Visionary_Intelligence/04_Artifacts/Tesla/images/README.md,/tmp/zipex/z123/README.md
filled_from_zip,_CONSOLIDATION_BACKUP/pre_consolidation_20260211_223612/99_Operations 2/Visionary_Intelligence/04_Artifacts/Tesla/patents/README.md,/tmp/zipex/z123/README.md
filled_from_zip,_CONSOLIDATION_BACKUP/pre_consolidation_20260211_223612/99_Operations 2/Visionary_Intelligence/04_Artifacts/Schauberger/publications/README.md,/tmp/zipex/z123/README.md
filled_from_zip,_CONSOLIDATION_BACKUP/pre_consolidation_20260211_223612/99_Operations 2/Visionary_Intelligence/04_Artifacts/Schauberger/images/README.md,/tmp/zipex/z123/README.md
filled_from_zip,_CONSOLIDATION_BACKUP/pre_consolidation_20260211_223612/99_Operations 2/Visionary_Intelligence/04_Artifacts/Schauberger/patents/README.md,/tmp/zipex/z123/README.md
filled_from_zip,_CONSOLIDATION_BACKUP/pre_consolidation_20260211_223612/99_Operations 2/Visionary_Intelligence/04_Artifacts/Shared/historical_images/README.md,/tmp/zipex/z123/README.md
filled_from_zip,_CONSOLIDATION_BACKUP/pre_consolidation_20260211_223612/99_Operations 2/Visionary_Intelligence/04_Artifacts/Shared/figures/README.md,/tmp/zipex/z123/README.md
filled_from_zip,_CONSOLIDATION_BACKUP/pre_consolidation_20260211_223612/99_Operations 2/Visionary_Intelligence/04_Artifacts/Shared/diagrams/README.md,/tmp/zipex/z123/README.md
filled_from_zip,_CONSOLIDATION_BACKUP/pre_consolidation_20260211_223612/artifacts/ResonanceEnergy_Enterprise_20260122_193803/README.md,/tmp/zipex/z123/README.md
filled_from_zip,_CONSOLIDATION_BACKUP/pre_consolidation_20260211_223612/artifacts/ResonanceEnergy_Enterprise_20260122_193803/04_Technology/handbooks/README.md,/tmp/zipex/z123/README.md
filled_largest_variant,OffGrid_Renewables_Cleantech_Reference_Library/00_Readme/README.md,14 variants
filled_largest_variant,99_Operations 3/Visionary_Intelligence/README.md,14 variants
filled_largest_variant,99_Operations 3/Visionary_Intelligence/06_Tools/crosslinking/README.md,14 variants
filled_largest_variant,99_Operations 3/Visionary_Intelligence/06_Tools/hydraulics/README.md,14 variants
filled_largest_variant,99_Operations 3/Visionary_Intelligence/07_Scenario_Traceability/README.md,14 variants
filled_largest_variant,99_Operations 3/Visionary_Intelligence/05_Doctrine_Output/README.md,14 variants
filled_largest_variant,99_Operations 3/Visionary_Intelligence/04_Artifacts/README.md,14 variants
filled_largest_variant,99_Operations 3/Visionary_Intelligence/04_Artifacts/Tesla/publications/README.md,14 variants
filled_largest_variant,99_Operations 3/Visionary_Intelligence/04_Artifacts/Tesla/images/README.md,14 variants
filled_largest_variant,99_Operations 3/Visionary_Intelligence/04_Artifacts/Tesla/patents/README.md,14 variants
filled_largest_variant,99_Operations 3/Visionary_Intelligence/04_Artifacts/Schauberger/publications/README.md,14 variants
filled_largest_variant,99_Operations 3/Visionary_Intelligence/04_Artifacts/Schauberger/images/README.md,14 variants
filled_largest_variant,99_Operations 3/Visionary_Intelligence/04_Artifacts/Schauberger/patents/README.md,14 variants
filled_largest_variant,99_Operations 3/Visionary_Intelligence/04_Artifacts/Shared/historical_images/README.md,14 variants
filled_largest_variant,99_Operations 3/Visionary_Intelligence/04_Artifacts/Shared/figures/README.md,14 variants
filled_largest_variant,99_Operations 3/Visionary_Intelligence/04_Artifacts/Shared/diagrams/README.md,14 variants
filled_largest_variant,Implementation/MicroHydroV1/README.md,14 variants
filled_largest_variant,Implementation/MicroHydroV1/tools/validate/validate_repo.py,4 variants
filled_largest_variant,Implementation/MicroHydroV1_Shapr3D_ReferenceModel/params.json,9 variants
filled_largest_variant,Implementation/MicroHydroV1_InitGui_PATCH/README.txt,9 variants
filled_largest_variant,Implementation/MICRO HYDRO - OLD/RnD/MASTER_PRODUCTION_PACKAGE 2/params.json,9 variants
filled_largest_variant,Implementation/MICRO HYDRO - OLD/RnD/MASTER_PRODUCTION_PACKAGE 2/build_all.FCMacro.docx,2 variants
filled_largest_variant,Implementation/MicroHydroV1 — SoT/MicroHydroV1/tools/workflow/autofill_evidence_doc.py,4 variants
filled_largest_variant,Implementation/MicroHydroV1 — SoT/MicroHydroV1/docs/run3/README_AUTOFILL.md,4 variants
filled_largest_variant,Implementation/MicroHydroV1_Shapr3D_ReferenceModel_v2/params.json,9 variants
filled_largest_variant,Research/Visionary_Intelligence/README.md,14 variants
filled_largest_variant,Research/Visionary_Intelligence/06_Tools/crosslinking/README.md,14 variants
filled_largest_variant,Research/Visionary_Intelligence/06_Tools/hydraulics/README.md,14 variants
filled_largest_variant,Research/Visionary_Intelligence/07_Scenario_Traceability/README.md,14 variants
filled_largest_variant,Research/Visionary_Intelligence/05_Doctrine_Output/README.md,14 variants
filled_largest_variant,Research/Visionary_Intelligence/04_Artifacts/README.md,14 variants
filled_largest_variant,Research/Visionary_Intelligence/04_Artifacts/Tesla/publications/README.md,14 variants
filled_largest_variant,Research/Visionary_Intelligence/04_Artifacts/Tesla/images/README.md,14 variants
filled_largest_variant,Research/Visionary_Intelligence/04_Artifacts/Tesla/patents/README.md,14 variants
filled_largest_variant,Research/Visionary_Intelligence/04_Artifacts/Schauberger/publications/README.md,14 variants
filled_largest_variant,Research/Visionary_Intelligence/04_Artifacts/Schauberger/images/README.md,14 variants
filled_largest_variant,Research/Visionary_Intelligence/04_Artifacts/Schauberger/patents/README.md,14 variants
filled_largest_variant,Research/Visionary_Intelligence/04_Artifacts/Shared/historical_images/README.md,14 variants
filled_largest_variant,Research/Visionary_Intelligence/04_Artifacts/Shared/figures/README.md,14 variants
filled_largest_variant,Research/Visionary_Intelligence/04_Artifacts/Shared/diagrams/README.md,14 variants
filled_largest_variant,Research/RnD_Additional/params.json,9 variants
filled_largest_variant,Research/RnD_Additional/import_measurements.py,4 variants
filled_largest_variant,Research/RnD_Additional/Import_Config.json,3 variants
filled_largest_variant,Research/RnD_Additional/build_all.FCMacro.docx,2 variants
filled_largest_variant,99_Operations/Visionary_Intelligence/README.md,14 variants
filled_largest_variant,99_Operations/Visionary_Intelligence/06_Tools/crosslinking/README.md,14 variants
filled_largest_variant,99_Operations/Visionary_Intelligence/06_Tools/hydraulics/README.md,14 variants
filled_largest_variant,99_Operations/Visionary_Intelligence/07_Scenario_Traceability/README.md,14 variants
filled_largest_variant,99_Operations/Visionary_Intelligence/05_Doctrine_Output/README.md,14 variants
filled_largest_variant,99_Operations/Visionary_Intelligence/04_Artifacts/README.md,14 variants
filled_largest_variant,99_Operations/Visionary_Intelligence/04_Artifacts/Tesla/publications/README.md,14 variants
filled_largest_variant,99_Operations/Visionary_Intelligence/04_Artifacts/Tesla/images/README.md,14 variants
filled_largest_variant,99_Operations/Visionary_Intelligence/04_Artifacts/Tesla/patents/README.md,14 variants
filled_largest_variant,99_Operations/Visionary_Intelligence/04_Artifacts/Schauberger/publications/README.md,14 variants
filled_largest_variant,99_Operations/Visionary_Intelligence/04_Artifacts/Schauberger/images/README.md,14 variants
filled_largest_variant,99_Operations/Visionary_Intelligence/04_Artifacts/Schauberger/patents/README.md,14 variants
filled_largest_variant,99_Operations/Visionary_Intelligence/04_Artifacts/Shared/historical_images/README.md,14 variants
filled_largest_variant,99_Operations/Visionary_Intelligence/04_Artifacts/Shared/figures/README.md,14 variants
filled_largest_variant,99_Operations/Visionary_Intelligence/04_Artifacts/Shared/diagrams/README.md,14 variants
filled_largest_variant,scripts/tools/README.md,14 variants
filled_largest_variant,Tools/README.txt,9 variants
filled_largest_variant,MicroHydroV1_Phase3_Automation_Pack_macOS_OpenReleases/README.md,14 variants
filled_largest_variant,04_Technology/handbooks/README.md,14 variants
filled_largest_variant,Engineering/README.md,14 variants
filled_largest_variant,Engineering/Tests/Data/T003_ELCStability_Run1.csv,2 variants
filled_largest_variant,Engineering/Tests/Data/T004_Power_Run1.csv,2 variants
filled_largest_variant,Engineering/Tests/Data/T002_TankRipple_Run1.csv,2 variants
filled_largest_variant,Engineering/Tests/Data/T001_JetCoherence_Run1.csv,2 variants
filled_largest_variant,Engineering/MicroHydroV1/README.md,14 variants
filled_largest_variant,Engineering/MicroHydroV1/tools/validate/validate_repo.py,4 variants
filled_largest_variant,Engineering/MicroHydroV1/tools/workflow/autofill_evidence_doc.py,4 variants
filled_largest_variant,Engineering/MicroHydroV1/tools/optimize/optimize_params.py,2 variants
filled_largest_variant,Engineering/MicroHydroV1/docs/run3/README_AUTOFILL.md,4 variants
filled_largest_variant,Engineering/CAD/MicroHydroV1_CAD Archive/MicroHydroV1_Bench_Test_Tracker.xlsx,2 variants
filled_largest_variant,Engineering/CAD/MicroHydroV1_Shapr3D_ReferenceModel/params.json,9 variants
filled_largest_variant,OffGrid_Renewables_Cleantech_Engineering_Manual_V2/00_Readme/README.md,14 variants
filled_largest_variant,99_Operations 2/Visionary_Intelligence/README.md,14 variants
filled_largest_variant,99_Operations 2/Visionary_Intelligence/06_Tools/crosslinking/README.md,14 variants
filled_largest_variant,99_Operations 2/Visionary_Intelligence/06_Tools/hydraulics/README.md,14 variants
filled_largest_variant,99_Operations 2/Visionary_Intelligence/07_Scenario_Traceability/README.md,14 variants
filled_largest_variant,99_Operations 2/Visionary_Intelligence/05_Doctrine_Output/README.md,14 variants
filled_largest_variant,99_Operations 2/Visionary_Intelligence/04_Artifacts/README.md,14 variants
filled_largest_variant,99_Operations 2/Visionary_Intelligence/04_Artifacts/Tesla/publications/README.md,14 variants
filled_largest_variant,99_Operations 2/Visionary_Intelligence/04_Artifacts/Tesla/images/README.md,14 variants
filled_largest_variant,99_Operations 2/Visionary_Intelligence/04_Artifacts/Tesla/patents/README.md,14 variants
filled_largest_variant,99_Operations 2/Visionary_Intelligence/04_Artifacts/Schauberger/publications/README.md,14 variants
filled_largest_variant,99_Operations 2/Visionary_Intelligence/04_Artifacts/Schauberger/images/README.md,14 variants
filled_largest_variant,99_Operations 2/Visionary_Intelligence/04_Artifacts/Schauberger/patents/README.md,14 variants
filled_largest_variant,99_Operations 2/Visionary_Intelligence/04_Artifacts/Shared/historical_images/README.md,14 variants
filled_largest_variant,99_Operations 2/Visionary_Intelligence/04_Artifacts/Shared/figures/README.md,14 variants
filled_largest_variant,99_Operations 2/Visionary_Intelligence/04_Artifacts/Shared/diagrams/README.md,14 variants
filled_largest_variant,artifacts/ResonanceEnergy_Enterprise_20260122_193803/README.md,14 variants
filled_largest_variant,artifacts/ResonanceEnergy_Enterprise_20260122_193803/04_Technology/handbooks/README.md,14 variants
filled_largest_variant,temp_integration/tools/README.md,14 variants
filled_largest_variant,_CONSOLIDATION_BACKUP/pre_consolidation_20260211_223612/OffGrid_Renewables_Cleantech_Reference_Library/00_Readme/README.md,14 variants
filled_largest_variant,_CONSOLIDATION_BACKUP/pre_consolidation_20260211_223612/99_Operations 3/Visionary_Intelligence/README.md,14 variants
filled_largest_variant,_CONSOLIDATION_BACKUP/pre_consolidation_20260211_223612/99_Operations 3/Visionary_Intelligence/06_Tools/crosslinking/README.md,14 variants
filled_largest_variant,_CONSOLIDATION_BACKUP/pre_consolidation_20260211_223612/99_Operations 3/Visionary_Intelligence/06_Tools/hydraulics/README.md,14 variants
filled_largest_variant,_CONSOLIDATION_BACKUP/pre_consolidation_20260211_223612/99_Operations 3/Visionary_Intelligence/07_Scenario_Traceability/README.md,14 variants
filled_largest_variant,_CONSOLIDATION_BACKUP/pre_consolidation_20260211_223612/99_Operations 3/Visionary_Intelligence/05_Doctrine_Output/README.md,14 variants
filled_largest_variant,_CONSOLIDATION_BACKUP/pre_consolidation_20260211_223612/99_Operations 3/Visionary_Intelligence/04_Artifacts/README.md,14 variants
filled_largest_variant,_CONSOLIDATION_BACKUP/pre_consolidation_20260211_223612/99_Operations 3/Visionary_Intelligence/04_Artifacts/Tesla/publications/README.md,14 variants
filled_largest_variant,_CONSOLIDATION_BACKUP/pre_consolidation_20260211_223612/99_Operations 3/Visionary_Intelligence/04_Artifacts/Tesla/images/README.md,14 variants
filled_largest_variant,_CONSOLIDATION_BACKUP/pre_consolidation_20260211_223612/99_Operations 3/Visionary_Intelligence/04_Artifacts/Tesla/patents/README.md,14 variants
filled_largest_variant,_CONSOLIDATION_BACKUP/pre_consolidation_20260211_223612/99_Operations 3/Visionary_Intelligence/04_Artifacts/Schauberger/publications/README.md,14 variants
filled_largest_variant,_CONSOLIDATION_BACKUP/pre_consolidation_20260211_223612/99_Operations 3/Visionary_Intelligence/04_Artifacts/Schauberger/images/README.md,14 variants
filled_largest_variant,_CONSOLIDATION_BACKUP/pre_consolidation_20260211_223612/99_Operations 3/Visionary_Intelligence/04_Artifacts/Schauberger/patents/README.md,14 variants
filled_largest_variant,_CONSOLIDATION_BACKUP/pre_consolidation_20260211_223612/99_Operations 3/Visionary_Intelligence/04_Artifacts/Shared/historical_images/README.md,14 variants
filled_largest_variant,_CONSOLIDATION_BACKUP/pre_consolidation_20260211_223612/99_Operations 3/Visionary_Intelligence/04_Artifacts/Shared/figures/README.md,14 variants
filled_largest_variant,_CONSOLIDATION_BACKUP/pre_consolidation_20260211_223612/99_Operations 3/Visionary_Intelligence/04_Artifacts/Shared/diagrams/README.md,14 variants
filled_largest_variant,_CONSOLIDATION_BACKUP/pre_consolidation_20260211_223612/99_Operations/Visionary_Intelligence/README.md,14 variants
filled_largest_variant,_CONSOLIDATION_BACKUP/pre_consolidation_20260211_223612/99_Operations/Visionary_Intelligence/06_Tools/crosslinking/README.md,14 variants
filled_largest_variant,_CONSOLIDATION_BACKUP/pre_consolidation_20260211_223612/99_Operations/Visionary_Intelligence/06_Tools/hydraulics/README.md,14 variants
filled_largest_variant,_CONSOLIDATION_BACKUP/pre_consolidation_20260211_223612/99_Operations/Visionary_Intelligence/07_Scenario_Traceability/README.md,14 variants
filled_largest_variant,_CONSOLIDATION_BACKUP/pre_consolidation_20260211_223612/99_Operations/Visionary_Intelligence/05_Doctrine_Output/README.md,14 variants
filled_largest_variant,_CONSOLIDATION_BACKUP/pre_consolidation_20260211_223612/99_Operations/Visionary_Intelligence/04_Artifacts/README.md,14 variants
filled_largest_variant,_CONSOLIDATION_BACKUP/pre_consolidation_20260211_223612/99_Operations/Visionary_Intelligence/04_Artifacts/Tesla/publications/README.md,14 variants
filled_largest_variant,_CONSOLIDATION_BACKUP/pre_consolidation_20260211_223612/99_Operations/Visionary_Intelligence/04_Artifacts/Tesla/images/README.md,14 variants
filled_largest_variant,_CONSOLIDATION_BACKUP/pre_consolidation_20260211_223612/99_Operations/Visionary_Intelligence/04_Artifacts/Tesla/patents/README.md,14 variants
filled_largest_variant,_CONSOLIDATION_BACKUP/pre_consolidation_20260211_223612/99_Operations/Visionary_Intelligence/04_Artifacts/Schauberger/publications/README.md,14 variants
filled_largest_variant,_CONSOLIDATION_BACKUP/pre_consolidation_20260211_223612/99_Operations/Visionary_Intelligence/04_Artifacts/Schauberger/images/README.md,14 variants
filled_largest_variant,_CONSOLIDATION_BACKUP/pre_consolidation_20260211_223612/99_Operations/Visionary_Intelligence/04_Artifacts/Schauberger/patents/README.md,14 variants
filled_largest_variant,_CONSOLIDATION_BACKUP/pre_consolidation_20260211_223612/99_Operations/Visionary_Intelligence/04_Artifacts/Shared/historical_images/README.md,14 variants
filled_largest_variant,_CONSOLIDATION_BACKUP/pre_consolidation_20260211_223612/99_Operations/Visionary_Intelligence/04_Artifacts/Shared/figures/README.md,14 variants
filled_largest_variant,_CONSOLIDATION_BACKUP/pre_consolidation_20260211_223612/99_Operations/Visionary_Intelligence/04_Artifacts/Shared/diagrams/README.md,14 variants
filled_largest_variant,_CONSOLIDATION_BACKUP/pre_consolidation_20260211_223612/Tools/README.txt,9 variants
filled_largest_variant,_CONSOLIDATION_BACKUP/pre_consolidation_20260211_223612/MicroHydroV1_Phase3_Automation_Pack_macOS_OpenReleases/README.md,14 variants
filled_largest_variant,_CONSOLIDATION_BACKUP/pre_consolidation_20260211_223612/04_Technology/handbooks/README.md,14 variants
filled_largest_variant,_CONSOLIDATION_BACKUP/pre_consolidation_20260211_223612/OffGrid_Renewables_Cleantech_Engineering_Manual_V2/00_Readme/README.md,14 variants
filled_largest_variant,_CONSOLIDATION_BACKUP/pre_consolidation_20260211_223612/99_Operations 2/Visionary_Intelligence/README.md,14 variants
filled_largest_variant,_CONSOLIDATION_BACKUP/pre_consolidation_20260211_223612/99_Operations 2/Visionary_Intelligence/06_Tools/crosslinking/README.md,14 variants
filled_largest_variant,_CONSOLIDATION_BACKUP/pre_consolidation_20260211_223612/99_Operations 2/Visionary_Intelligence/06_Tools/hydraulics/README.md,14 variants
filled_largest_variant,_CONSOLIDATION_BACKUP/pre_consolidation_20260211_223612/99_Operations 2/Visionary_Intelligence/07_Scenario_Traceability/README.md,14 variants
filled_largest_variant,_CONSOLIDATION_BACKUP/pre_consolidation_20260211_223612/99_Operations 2/Visionary_Intelligence/05_Doctrine_Output/README.md,14 variants
filled_largest_variant,_CONSOLIDATION_BACKUP/pre_consolidation_20260211_223612/99_Operations 2/Visionary_Intelligence/04_Artifacts/README.md,14 variants
filled_largest_variant,_CONSOLIDATION_BACKUP/pre_consolidation_20260211_223612/99_Operations 2/Visionary_Intelligence/04_Artifacts/Tesla/publications/README.md,14 variants
filled_largest_variant,_CONSOLIDATION_BACKUP/pre_consolidation_20260211_223612/99_Operations 2/Visionary_Intelligence/04_Artifacts/Tesla/images/README.md,14 variants
filled_largest_variant,_CONSOLIDATION_BACKUP/pre_consolidation_20260211_223612/99_Operations 2/Visionary_Intelligence/04_Artifacts/Tesla/patents/README.md,14 variants
filled_largest_variant,_CONSOLIDATION_BACKUP/pre_consolidation_20260211_223612/99_Operations 2/Visionary_Intelligence/04_Artifacts/Schauberger/publications/README.md,14 variants
filled_largest_variant,_CONSOLIDATION_BACKUP/pre_consolidation_20260211_223612/99_Operations 2/Visionary_Intelligence/04_Artifacts/Schauberger/images/README.md,14 variants
filled_largest_variant,_CONSOLIDATION_BACKUP/pre_consolidation_20260211_223612/99_Operations 2/Visionary_Intelligence/04_Artifacts/Schauberger/patents/README.md,14 variants
filled_largest_variant,_CONSOLIDATION_BACKUP/pre_consolidation_20260211_223612/99_Operations 2/Visionary_Intelligence/04_Artifacts/Shared/historical_images/README.md,14 variants
filled_largest_variant,_CONSOLIDATION_BACKUP/pre_consolidation_20260211_223612/99_Operations 2/Visionary_Intelligence/04_Artifacts/Shared/figures/README.md,14 variants
filled_largest_variant,_CONSOLIDATION_BACKUP/pre_consolidation_20260211_223612/99_Operations 2/Visionary_Intelligence/04_Artifacts/Shared/diagrams/README.md,14 variants
filled_largest_variant,_CONSOLIDATION_BACKUP/pre_consolidation_20260211_223612/artifacts/ResonanceEnergy_Enterprise_20260122_193803/README.md,14 variants
filled_largest_variant,_CONSOLIDATION_BACKUP/pre_consolidation_20260211_223612/artifacts/ResonanceEnergy_Enterprise_20260122_193803/04_Technology/handbooks/README.md,14 variants
still_missing,resonance_backup_manifest.json,
still_missing,Reorganize.py,
still_missing,RUN_RESONANCE_SETUP.command,
still_missing,RUN_RENDER_GUARDED.command,
still_missing,RUN_INSTALL_WORKSPACE_GUARD.command,
still_missing,RUN_BUILD_ALL.command,
still_missing,RUN_BUILD_ALL_GUARDED.command,
still_missing,02_Vision_Ethics_Founders/VISION_FOUNDATION.md,
still_missing,OffGrid_Renewables_Cleantech_Reference_Library/01_Executive_Summary/OffGrid_Renewables_Report.md,
still_missing,OffGrid_Renewables_Cleantech_Reference_Library/08_Tools_Checklists/Design_Checklists.md,
still_missing,OffGrid_Renewables_Cleantech_Reference_Library/09_Reference_Index/references.md,
still_missing,OffGrid_Renewables_Cleantech_Reference_Library/09_Reference_Index/references.json,
still_missing,99_Operations 3/Visionary_Intelligence/SCOPE.md,
still_missing,99_Operations 3/Visionary_Intelligence/STATUS.md,
still_missing,99_Operations 3/Visionary_Intelligence/02_Founder_Collections/Tesla/Tesla_Profile.md,
still_missing,99_Operations 3/Visionary_Intelligence/02_Founder_Collections/Tesla/Tesla_Works_Index.md,
still_missing,99_Operations 3/Visionary_Intelligence/02_Founder_Collections/Tesla/Tesla_Patent_Compendium.md,
still_missing,99_Operations 3/Visionary_Intelligence/02_Founder_Collections/Schauberger/Schauberger_Profile.md,
still_missing,99_Operations 3/Visionary_Intelligence/02_Founder_Collections/Schauberger/Schauberger_Works_Index.md,
still_missing,99_Operations 3/Visionary_Intelligence/02_Founder_Collections/Schauberger/Schauberger_Patent_Compendium.md,
still_missing,99_Operations 3/Visionary_Intelligence/02_Founder_Collections/Dan_Winter/Dan_Winter_Profile.md,
still_missing,99_Operations 3/Visionary_Intelligence/02_Founder_Collections/Dan_Winter/Dan_Winter_Total_Work_Index.md,
still_missing,99_Operations 3/Visionary_Intelligence/02_Founder_Collections/Dan_Winter/Dan_Winter_Annex_NonMainstream_Disclaimer.md,
still_missing,99_Operations 3/Visionary_Intelligence/06_Tools/crosslinking/scenario_linker_rules.md,
still_missing,99_Operations 3/Visionary_Intelligence/06_Tools/hydraulics/hydraulics_friction_calculator.py,
still_missing,99_Operations 3/Visionary_Intelligence/06_Tools/hydraulics/sample_inputs/example_site_01.json,
still_missing,99_Operations 3/Visionary_Intelligence/06_Tools/hydraulics/sample_inputs/example_site_02.json,
still_missing,99_Operations 3/Visionary_Intelligence/07_Scenario_Traceability/Traceability_Matrix.md,
still_missing,99_Operations 3/Visionary_Intelligence/07_Scenario_Traceability/Scenario_Crosslinks/Scenario1.md,
still_missing,99_Operations 3/Visionary_Intelligence/07_Scenario_Traceability/Scenario_Crosslinks/Scenario5.md,
still_missing,99_Operations 3/Visionary_Intelligence/07_Scenario_Traceability/Scenario_Crosslinks/Scenario3.md,
still_missing,99_Operations 3/Visionary_Intelligence/07_Scenario_Traceability/Scenario_Crosslinks/Scenario4.md,
still_missing,99_Operations 3/Visionary_Intelligence/07_Scenario_Traceability/Scenario_Crosslinks/Scenario2.md,
still_missing,99_Operations 3/Visionary_Intelligence/05_Doctrine_Output/markdown/Crossflow_Setup_Tuning.md,
still_missing,99_Operations 3/Visionary_Intelligence/05_Doctrine_Output/markdown/Turbine_Selection_Doctrine.md,
still_missing,99_Operations 3/Visionary_Intelligence/05_Doctrine_Output/markdown/Intake_Vortex_Prevention.md,
still_missing,99_Operations 3/Visionary_Intelligence/05_Doctrine_Output/markdown/Penstock_Headloss_Rules.md,
still_missing,99_Operations 3/Visionary_Intelligence/01_Master_Index/Visionary_Master_Index.md,
still_missing,99_Operations 3/Visionary_Intelligence/01_Master_Index/Visionary_Comparative_Matrix.md,
still_missing,99_Operations 3/Visionary_Intelligence/01_Master_Index/Crosslink_Map.md,
still_missing,99_Operations 3/Visionary_Intelligence/01_Master_Index/Tag_Taxonomy.md,
still_missing,99_Operations 3/Visionary_Intelligence/03_Visionary_Profiles/00_Profile_Template.md,
still_missing,99_Operations 3/Visionary_Intelligence/04_Artifacts/Tesla/publications/INDEX.json,
still_missing,99_Operations 3/Visionary_Intelligence/04_Artifacts/Tesla/images/INDEX.json,
still_missing,99_Operations 3/Visionary_Intelligence/04_Artifacts/Tesla/patents/INDEX.json,
still_missing,99_Operations 3/Visionary_Intelligence/04_Artifacts/schemas/INDEX.schema.json,
still_missing,99_Operations 3/Visionary_Intelligence/04_Artifacts/schemas/LICENSE.schema.json,
still_missing,99_Operations 3/Visionary_Intelligence/04_Artifacts/Schauberger/publications/INDEX.json,
still_missing,99_Operations 3/Visionary_Intelligence/04_Artifacts/Schauberger/images/INDEX.json,
still_missing,99_Operations 3/Visionary_Intelligence/04_Artifacts/Schauberger/patents/INDEX.json,
still_missing,99_Operations 3/Visionary_Intelligence/04_Artifacts/Shared/historical_images/INDEX.json,
still_missing,99_Operations 3/Visionary_Intelligence/04_Artifacts/Shared/figures/INDEX.json,
still_missing,99_Operations 3/Visionary_Intelligence/04_Artifacts/Shared/diagrams/INDEX.json,
still_missing,99_Operations 3/Visionary_Intelligence/08_Review_and_Promotion/QA_Checklist.md,
still_missing,99_Operations 3/Visionary_Intelligence/08_Review_and_Promotion/Release_Notes_Template.md,
still_missing,99_Operations 3/Visionary_Intelligence/08_Review_and_Promotion/Merge_Map_To_Company_Tree.md,
still_missing,99_Operations 3/Visionary_Intelligence/08_Review_and_Promotion/Promotion_Checklist.md,
still_missing,99_Operations 3/Visionary_Intelligence/00_Admin/License_Policy.md,
still_missing,99_Operations 3/Visionary_Intelligence/00_Admin/Conventions.md,
still_missing,99_Operations 3/Visionary_Intelligence/00_Admin/Citation_Rules.md,
still_missing,99_Operations 3/Visionary_Intelligence/00_Admin/Contribution_Guide.md,
still_missing,99_Operations 3/Visionary_Intelligence/00_Admin/Naming_Standards.md,
still_missing,00_MASTER_PLAN/DECISION_LOG.md,
still_missing,00_MASTER_PLAN/POPULATION_ROADMAP.md,
still_missing,00_MASTER_PLAN/FILE_STRUCTURE_MAP.md,
still_missing,00_MASTER_PLAN/MASTER_PLAN.md,
still_missing,01_Executive_Summary/EXEC_SUMMARY.md,
still_missing,Implementation/MicroHydroV1_ASAP_Timeline.xlsx,
still_missing,Implementation/MicroHydroV1_MasterIntegrator_Toolkit.zip,
still_missing,Tools Folder Kit/Backup_Resonance_HASH.command,
still_missing,Tools Folder Kit/Backup_Resonance_DRYRUN.command,
still_missing,Tools Folder Kit/RESONANCE_PROJECT_ROOT.txt,
still_missing,Tools Folder Kit/Backup_Resonance_REPACK.command,
still_missing,Tools Folder Kit/backup_resonance_incremental.py,
still_missing,Tools Folder Kit/Backup_Resonance.command,
still_missing,12_Admin_Governance/BOARD_CHARTER.md,
still_missing,Research/Visionary_Intelligence/SCOPE.md,
still_missing,Research/Visionary_Intelligence/STATUS.md,
still_missing,Research/Visionary_Intelligence/02_Founder_Collections/Tesla/Tesla_Profile.md,
still_missing,Research/Visionary_Intelligence/02_Founder_Collections/Tesla/Tesla_Works_Index.md,
still_missing,Research/Visionary_Intelligence/02_Founder_Collections/Tesla/Tesla_Patent_Compendium.md,
still_missing,Research/Visionary_Intelligence/02_Founder_Collections/Schauberger/Schauberger_Profile.md,
still_missing,Research/Visionary_Intelligence/02_Founder_Collections/Schauberger/Schauberger_Works_Index.md,
still_missing,Research/Visionary_Intelligence/02_Founder_Collections/Schauberger/Schauberger_Patent_Compendium.md,
still_missing,Research/Visionary_Intelligence/02_Founder_Collections/Dan_Winter/Dan_Winter_Profile.md,
still_missing,Research/Visionary_Intelligence/02_Founder_Collections/Dan_Winter/Dan_Winter_Total_Work_Index.md,
still_missing,Research/Visionary_Intelligence/02_Founder_Collections/Dan_Winter/Dan_Winter_Annex_NonMainstream_Disclaimer.md,
still_missing,Research/Visionary_Intelligence/06_Tools/crosslinking/scenario_linker_rules.md,
still_missing,Research/Visionary_Intelligence/06_Tools/hydraulics/hydraulics_friction_calculator.py,
still_missing,Research/Visionary_Intelligence/06_Tools/hydraulics/sample_inputs/example_site_01.json,
still_missing,Research/Visionary_Intelligence/06_Tools/hydraulics/sample_inputs/example_site_02.json,
still_missing,Research/Visionary_Intelligence/07_Scenario_Traceability/Traceability_Matrix.md,
still_missing,Research/Visionary_Intelligence/07_Scenario_Traceability/Scenario_Crosslinks/Scenario1.md,
still_missing,Research/Visionary_Intelligence/07_Scenario_Traceability/Scenario_Crosslinks/Scenario5.md,
still_missing,Research/Visionary_Intelligence/07_Scenario_Traceability/Scenario_Crosslinks/Scenario3.md,
still_missing,Research/Visionary_Intelligence/07_Scenario_Traceability/Scenario_Crosslinks/Scenario4.md,
still_missing,Research/Visionary_Intelligence/07_Scenario_Traceability/Scenario_Crosslinks/Scenario2.md,
still_missing,Research/Visionary_Intelligence/05_Doctrine_Output/markdown/Crossflow_Setup_Tuning.md,
still_missing,Research/Visionary_Intelligence/05_Doctrine_Output/markdown/Turbine_Selection_Doctrine.md,
still_missing,Research/Visionary_Intelligence/05_Doctrine_Output/markdown/Intake_Vortex_Prevention.md,
still_missing,Research/Visionary_Intelligence/05_Doctrine_Output/markdown/Penstock_Headloss_Rules.md,
still_missing,Research/Visionary_Intelligence/01_Master_Index/Visionary_Master_Index.md,
still_missing,Research/Visionary_Intelligence/01_Master_Index/Visionary_Comparative_Matrix.md,
still_missing,Research/Visionary_Intelligence/01_Master_Index/Crosslink_Map.md,
still_missing,Research/Visionary_Intelligence/01_Master_Index/Tag_Taxonomy.md,
still_missing,Research/Visionary_Intelligence/03_Visionary_Profiles/00_Profile_Template.md,
still_missing,Research/Visionary_Intelligence/04_Artifacts/Tesla/publications/INDEX.json,
still_missing,Research/Visionary_Intelligence/04_Artifacts/Tesla/images/INDEX.json,
still_missing,Research/Visionary_Intelligence/04_Artifacts/Tesla/patents/INDEX.json,
still_missing,Research/Visionary_Intelligence/04_Artifacts/schemas/INDEX.schema.json,
still_missing,Research/Visionary_Intelligence/04_Artifacts/schemas/LICENSE.schema.json,
still_missing,Research/Visionary_Intelligence/04_Artifacts/Schauberger/publications/INDEX.json,
still_missing,Research/Visionary_Intelligence/04_Artifacts/Schauberger/images/INDEX.json,
still_missing,Research/Visionary_Intelligence/04_Artifacts/Schauberger/patents/INDEX.json,
still_missing,Research/Visionary_Intelligence/04_Artifacts/Shared/historical_images/INDEX.json,
still_missing,Research/Visionary_Intelligence/04_Artifacts/Shared/figures/INDEX.json,
still_missing,Research/Visionary_Intelligence/04_Artifacts/Shared/diagrams/INDEX.json,
still_missing,Research/Visionary_Intelligence/08_Review_and_Promotion/QA_Checklist.md,
still_missing,Research/Visionary_Intelligence/08_Review_and_Promotion/Release_Notes_Template.md,
still_missing,Research/Visionary_Intelligence/08_Review_and_Promotion/Merge_Map_To_Company_Tree.md,
still_missing,Research/Visionary_Intelligence/08_Review_and_Promotion/Promotion_Checklist.md,
still_missing,Research/Visionary_Intelligence/00_Admin/License_Policy.md,
still_missing,Research/Visionary_Intelligence/00_Admin/Conventions.md,
still_missing,Research/Visionary_Intelligence/00_Admin/Citation_Rules.md,
still_missing,Research/Visionary_Intelligence/00_Admin/Contribution_Guide.md,
still_missing,Research/Visionary_Intelligence/00_Admin/Naming_Standards.md,
still_missing,03_Market_Scenarios/Scenario5_Resilience_Hub/SCENARIO.md,
still_missing,03_Market_Scenarios/Scenario1_Indigenous_Microgrid/SCENARIO.md,
still_missing,03_Market_Scenarios/Scenario3_Industrial_Outfall/SCENARIO.md,
still_missing,03_Market_Scenarios/Scenario4_EcoResort_Campus/SCENARIO.md,
still_missing,03_Market_Scenarios/Scenario2_Irrigation_Canal/SCENARIO.md,
still_missing,99_Operations/Visionary_Intelligence/SCOPE.md,
still_missing,99_Operations/Visionary_Intelligence/STATUS.md,
still_missing,99_Operations/Visionary_Intelligence/02_Founder_Collections/Tesla/Tesla_Profile.md,
still_missing,99_Operations/Visionary_Intelligence/02_Founder_Collections/Tesla/Tesla_Works_Index.md,
still_missing,99_Operations/Visionary_Intelligence/02_Founder_Collections/Tesla/Tesla_Patent_Compendium.md,
still_missing,99_Operations/Visionary_Intelligence/02_Founder_Collections/Schauberger/Schauberger_Profile.md,
still_missing,99_Operations/Visionary_Intelligence/02_Founder_Collections/Schauberger/Schauberger_Works_Index.md,
still_missing,99_Operations/Visionary_Intelligence/02_Founder_Collections/Schauberger/Schauberger_Patent_Compendium.md,
still_missing,99_Operations/Visionary_Intelligence/02_Founder_Collections/Dan_Winter/Dan_Winter_Profile.md,
still_missing,99_Operations/Visionary_Intelligence/02_Founder_Collections/Dan_Winter/Dan_Winter_Total_Work_Index.md,
still_missing,99_Operations/Visionary_Intelligence/02_Founder_Collections/Dan_Winter/Dan_Winter_Annex_NonMainstream_Disclaimer.md,
still_missing,99_Operations/Visionary_Intelligence/06_Tools/crosslinking/scenario_linker_rules.md,
still_missing,99_Operations/Visionary_Intelligence/06_Tools/hydraulics/hydraulics_friction_calculator.py,
still_missing,99_Operations/Visionary_Intelligence/06_Tools/hydraulics/sample_inputs/example_site_01.json,
still_missing,99_Operations/Visionary_Intelligence/06_Tools/hydraulics/sample_inputs/example_site_02.json,
still_missing,99_Operations/Visionary_Intelligence/07_Scenario_Traceability/Traceability_Matrix.md,
still_missing,99_Operations/Visionary_Intelligence/07_Scenario_Traceability/Scenario_Crosslinks/Scenario1.md,
still_missing,99_Operations/Visionary_Intelligence/07_Scenario_Traceability/Scenario_Crosslinks/Scenario5.md,
still_missing,99_Operations/Visionary_Intelligence/07_Scenario_Traceability/Scenario_Crosslinks/Scenario3.md,
still_missing,99_Operations/Visionary_Intelligence/07_Scenario_Traceability/Scenario_Crosslinks/Scenario4.md,
still_missing,99_Operations/Visionary_Intelligence/07_Scenario_Traceability/Scenario_Crosslinks/Scenario2.md,
still_missing,99_Operations/Visionary_Intelligence/05_Doctrine_Output/markdown/Crossflow_Setup_Tuning.md,
still_missing,99_Operations/Visionary_Intelligence/05_Doctrine_Output/markdown/Turbine_Selection_Doctrine.md,
still_missing,99_Operations/Visionary_Intelligence/05_Doctrine_Output/markdown/Intake_Vortex_Prevention.md,
still_missing,99_Operations/Visionary_Intelligence/05_Doctrine_Output/markdown/Penstock_Headloss_Rules.md,
still_missing,99_Operations/Visionary_Intelligence/01_Master_Index/Visionary_Master_Index.md,
still_missing,99_Operations/Visionary_Intelligence/01_Master_Index/Visionary_Comparative_Matrix.md,
still_missing,99_Operations/Visionary_Intelligence/01_Master_Index/Crosslink_Map.md,
still_missing,99_Operations/Visionary_Intelligence/01_Master_Index/Tag_Taxonomy.md,
still_missing,99_Operations/Visionary_Intelligence/03_Visionary_Profiles/00_Profile_Template.md,
still_missing,99_Operations/Visionary_Intelligence/04_Artifacts/Tesla/publications/INDEX.json,
still_missing,99_Operations/Visionary_Intelligence/04_Artifacts/Tesla/images/INDEX.json,
still_missing,99_Operations/Visionary_Intelligence/04_Artifacts/Tesla/patents/INDEX.json,
still_missing,99_Operations/Visionary_Intelligence/04_Artifacts/schemas/INDEX.schema.json,
still_missing,99_Operations/Visionary_Intelligence/04_Artifacts/schemas/LICENSE.schema.json,
still_missing,99_Operations/Visionary_Intelligence/04_Artifacts/Schauberger/publications/INDEX.json,
still_missing,99_Operations/Visionary_Intelligence/04_Artifacts/Schauberger/images/INDEX.json,
still_missing,99_Operations/Visionary_Intelligence/04_Artifacts/Schauberger/patents/INDEX.json,
still_missing,99_Operations/Visionary_Intelligence/04_Artifacts/Shared/historical_images/INDEX.json,
still_missing,99_Operations/Visionary_Intelligence/04_Artifacts/Shared/figures/INDEX.json,
still_missing,99_Operations/Visionary_Intelligence/04_Artifacts/Shared/diagrams/INDEX.json,
still_missing,99_Operations/Visionary_Intelligence/08_Review_and_Promotion/QA_Checklist.md,
still_missing,99_Operations/Visionary_Intelligence/08_Review_and_Promotion/Release_Notes_Template.md,
still_missing,99_Operations/Visionary_Intelligence/08_Review_and_Promotion/Merge_Map_To_Company_Tree.md,
still_missing,99_Operations/Visionary_Intelligence/08_Review_and_Promotion/Promotion_Checklist.md,
still_missing,99_Operations/Visionary_Intelligence/00_Admin/License_Policy.md,
still_missing,99_Operations/Visionary_Intelligence/00_Admin/Conventions.md,
still_missing,99_Operations/Visionary_Intelligence/00_Admin/Citation_Rules.md,
still_missing,99_Operations/Visionary_Intelligence/00_Admin/Contribution_Guide.md,
still_missing,99_Operations/Visionary_Intelligence/00_Admin/Naming_Standards.md,
still_missing,scripts/workspace_disk_guard.py,
still_missing,scripts/build_all.py,
still_missing,scripts/zip_repo_safe_guarded.py,
still_missing,scripts/copy_context_to_clipboard.sh,
still_missing,scripts/render_handbooks_guarded.py,
still_missing,scripts/one_click_installer.py,
still_missing,scripts/one_click_full_build.py,
still_missing,scripts/render_handbooks.py,
still_missing,scripts/zip_repo_safe.py,
still_missing,scripts/one_click_bootstrap.py,
still_missing,scripts/build_all_guarded.py,
still_missing,scripts/preflight_handbooks.py,
still_missing,scripts/automate_handbooks.py,
still_missing,scripts/context_for_chat.py,
still_missing,branding/DECISIONS_AND_TODOS.md,
still_missing,branding/taglines/TAGLINES_MASTER.md,
still_missing,Tools/daily_fast.command,
still_missing,Tools/weekly_hash.command,
still_missing,Tools/backup_engine.py,
still_missing,Tools/dry_run.command,
still_missing,Tools/fix_permissions.command,
still_missing,Tools/monthly_repack.command,
still_missing,Tools/restore.py,
still_missing,Tools/restore.command,
still_missing,Tools/backup_config.json,
still_missing,04_Technology/05_Battery_PV_Wind/COST_BENCHMARKS.md,
still_missing,04_Technology/04_Electrical_Protection/PROTECTION_OVERVIEW.md,
still_missing,04_Technology/06_Control_SCADA/BLACKSTART_CONCEPT.md,
still_missing,04_Technology/01_Hydraulics/HYDRAULICS_PRIMER.md,
still_missing,04_Technology/03_Turbine_Generator/CROSSFLOW_TURBINE.md,
still_missing,04_Technology/02_Hydram/HYDRAM_GUIDE.md,
still_missing,04_Technology/handbooks/HB-01_Turbine_Selection/handbook.md,
still_missing,04_Technology/handbooks/HB-01_Turbine_Selection/exports/HB-01_Turbine_Selection_Doctrine_(Crossflow-first).pdf,
still_missing,04_Technology/handbooks/HB-01_Turbine_Selection/contexts/CONTEXT_OVERLAYS.md,
still_missing,04_Technology/handbooks/HB-02_Intake_Debris/handbook.md,
still_missing,"04_Technology/handbooks/HB-02_Intake_Debris/exports/HB-02_Intake_&_Debris_Management_(Run-of-River,_Water-kind).pdf",
still_missing,04_Technology/handbooks/HB-02_Intake_Debris/contexts/CONTEXT_OVERLAYS.md,
still_missing,04_Technology/handbooks/HB-05_Controls_SCADA/handbook.md,
still_missing,"04_Technology/handbooks/HB-05_Controls_SCADA/exports/HB-05_Controls,_Blackstart_&_SCADA_(Microgrid_Backbone).pdf",
still_missing,04_Technology/handbooks/HB-05_Controls_SCADA/contexts/CONTEXT_OVERLAYS.md,
still_missing,04_Technology/handbooks/HB-06_Commissioning_FAT_SAT/handbook.md,
still_missing,04_Technology/handbooks/HB-06_Commissioning_FAT_SAT/exports/HB-06_Commissioning_&_Acceptance_Testing_(FAT_→_SAT).pdf,
still_missing,04_Technology/handbooks/HB-06_Commissioning_FAT_SAT/contexts/CONTEXT_OVERLAYS.md,
still_missing,04_Technology/handbooks/HB-03_Penstock_Headloss/handbook.md,
still_missing,04_Technology/handbooks/HB-03_Penstock_Headloss/exports/HB-03_Penstock_&_Headloss_Design_(≤10%_Loss_Standard).pdf,
still_missing,04_Technology/handbooks/HB-03_Penstock_Headloss/contexts/CONTEXT_OVERLAYS.md,
still_missing,04_Technology/handbooks/HB-04_Hydram_Tuning/handbook.md,
still_missing,04_Technology/handbooks/HB-04_Hydram_Tuning/exports/HB-04_Hydraulic_Ram_Pump_Design_&_Tuning.pdf,
still_missing,04_Technology/handbooks/HB-04_Hydram_Tuning/contexts/CONTEXT_OVERLAYS.md,
still_missing,04_Technology/handbooks/_shared/COVER_TEMPLATE.md,
still_missing,04_Technology/handbooks/_shared/handbook_style.json,
still_missing,04_Technology/handbooks/_shared/DEFAULT_CONTEXTS.md,
still_missing,04_Technology/handbooks/_shared/CONTEXT_MATRIX.md,
still_missing,04_Technology/handbooks/_shared/DISCLAIMER.md,
still_missing,OffGrid_Renewables_Cleantech_Engineering_Manual_V2/07_Volume_G_Resonance_RamPump_to_Turbine_Generator/Volume_G_Resonance_RamPump_to_Turbine_Generator.md,
still_missing,OffGrid_Renewables_Cleantech_Engineering_Manual_V2/DOCX_Versions/Volume_D_Microgrids_and_Controls.docx,
still_missing,OffGrid_Renewables_Cleantech_Engineering_Manual_V2/DOCX_Versions/Volume_E_Safety_Codes_Standards.docx,
still_missing,OffGrid_Renewables_Cleantech_Engineering_Manual_V2/DOCX_Versions/Volume_C_Storage_and_Power_Electronics.docx,
still_missing,OffGrid_Renewables_Cleantech_Engineering_Manual_V2/DOCX_Versions/Volume_F_Economics_and_Costs.docx,
still_missing,OffGrid_Renewables_Cleantech_Engineering_Manual_V2/DOCX_Versions/Volume_B1_Solar_PV.docx,
still_missing,OffGrid_Renewables_Cleantech_Engineering_Manual_V2/DOCX_Versions/Volume_B4_Biogas.docx,
still_missing,OffGrid_Renewables_Cleantech_Engineering_Manual_V2/DOCX_Versions/Volume_B5_Hydrogen.docx,
still_missing,OffGrid_Renewables_Cleantech_Engineering_Manual_V2/DOCX_Versions/Volume_G_Resonance_RamPump_to_Turbine_Generator.docx,
still_missing,OffGrid_Renewables_Cleantech_Engineering_Manual_V2/DOCX_Versions/Volume_B2_Wind.docx,
still_missing,OffGrid_Renewables_Cleantech_Engineering_Manual_V2/DOCX_Versions/Volume_B3_Microhydro.docx,
still_missing,OffGrid_Renewables_Cleantech_Engineering_Manual_V2/DOCX_Versions/Volume_A_System_Engineering.docx,
still_missing,OffGrid_Renewables_Cleantech_Engineering_Manual_V2/06_Volume_F_Economics_and_Costs/Volume_F_Economics_and_Costs.md,
still_missing,OffGrid_Renewables_Cleantech_Engineering_Manual_V2/02_Volume_B_Generation_Tech/Wind/Volume_B2_Wind.md,
still_missing,OffGrid_Renewables_Cleantech_Engineering_Manual_V2/02_Volume_B_Generation_Tech/Hydrogen/Volume_B5_Hydrogen.md,
still_missing,OffGrid_Renewables_Cleantech_Engineering_Manual_V2/02_Volume_B_Generation_Tech/Solar_PV/Volume_B1_Solar_PV.md,
still_missing,OffGrid_Renewables_Cleantech_Engineering_Manual_V2/02_Volume_B_Generation_Tech/Microhydro/Volume_B3_Microhydro.md,
still_missing,OffGrid_Renewables_Cleantech_Engineering_Manual_V2/02_Volume_B_Generation_Tech/Bioenergy_Biogas/Volume_B4_Biogas.md,
still_missing,OffGrid_Renewables_Cleantech_Engineering_Manual_V2/03_Volume_C_Storage_and_Power_Electronics/Volume_C_Storage_and_Power_Electronics.md,
still_missing,OffGrid_Renewables_Cleantech_Engineering_Manual_V2/01_Volume_A_System_Engineering/Volume_A_System_Engineering.md,
still_missing,OffGrid_Renewables_Cleantech_Engineering_Manual_V2/05_Volume_E_Safety_Codes_Standards/Volume_E_Safety_Codes_Standards.md,
still_missing,OffGrid_Renewables_Cleantech_Engineering_Manual_V2/04_Volume_D_Microgrids_and_Controls/Volume_D_Microgrids_and_Controls.md,
still_missing,OffGrid_Renewables_Cleantech_Engineering_Manual_V2/08_Tools_Templates/Hydro_Site_Survey.md,
still_missing,OffGrid_Renewables_Cleantech_Engineering_Manual_V2/08_Tools_Templates/Load_Audit_Template.md,
still_missing,OffGrid_Renewables_Cleantech_Engineering_Manual_V2/09_Reference_Library/references.md,
still_missing,OffGrid_Renewables_Cleantech_Engineering_Manual_V2/09_Reference_Library/references.json,
still_missing,99_Operations 2/Visionary_Intelligence/SCOPE.md,
still_missing,99_Operations 2/Visionary_Intelligence/STATUS.md,
still_missing,99_Operations 2/Visionary_Intelligence/02_Founder_Collections/Tesla/Tesla_Profile.md,
still_missing,99_Operations 2/Visionary_Intelligence/02_Founder_Collections/Tesla/Tesla_Works_Index.md,
still_missing,99_Operations 2/Visionary_Intelligence/02_Founder_Collections/Tesla/Tesla_Patent_Compendium.md,
still_missing,99_Operations 2/Visionary_Intelligence/02_Founder_Collections/Schauberger/Schauberger_Profile.md,
still_missing,99_Operations 2/Visionary_Intelligence/02_Founder_Collections/Schauberger/Schauberger_Works_Index.md,
still_missing,99_Operations 2/Visionary_Intelligence/02_Founder_Collections/Schauberger/Schauberger_Patent_Compendium.md,
still_missing,99_Operations 2/Visionary_Intelligence/02_Founder_Collections/Dan_Winter/Dan_Winter_Profile.md,
still_missing,99_Operations 2/Visionary_Intelligence/02_Founder_Collections/Dan_Winter/Dan_Winter_Total_Work_Index.md,
still_missing,99_Operations 2/Visionary_Intelligence/02_Founder_Collections/Dan_Winter/Dan_Winter_Annex_NonMainstream_Disclaimer.md,
still_missing,99_Operations 2/Visionary_Intelligence/06_Tools/crosslinking/scenario_linker_rules.md,
still_missing,99_Operations 2/Visionary_Intelligence/06_Tools/hydraulics/hydraulics_friction_calculator.py,
still_missing,99_Operations 2/Visionary_Intelligence/06_Tools/hydraulics/sample_inputs/example_site_01.json,
still_missing,99_Operations 2/Visionary_Intelligence/06_Tools/hydraulics/sample_inputs/example_site_02.json,
still_missing,99_Operations 2/Visionary_Intelligence/07_Scenario_Traceability/Traceability_Matrix.md,
still_missing,99_Operations 2/Visionary_Intelligence/07_Scenario_Traceability/Scenario_Crosslinks/Scenario1.md,
still_missing,99_Operations 2/Visionary_Intelligence/07_Scenario_Traceability/Scenario_Crosslinks/Scenario5.md,
still_missing,99_Operations 2/Visionary_Intelligence/07_Scenario_Traceability/Scenario_Crosslinks/Scenario3.md,
still_missing,99_Operations 2/Visionary_Intelligence/07_Scenario_Traceability/Scenario_Crosslinks/Scenario4.md,
still_missing,99_Operations 2/Visionary_Intelligence/07_Scenario_Traceability/Scenario_Crosslinks/Scenario2.md,
still_missing,99_Operations 2/Visionary_Intelligence/05_Doctrine_Output/markdown/Crossflow_Setup_Tuning.md,
still_missing,99_Operations 2/Visionary_Intelligence/05_Doctrine_Output/markdown/Turbine_Selection_Doctrine.md,
still_missing,99_Operations 2/Visionary_Intelligence/05_Doctrine_Output/markdown/Intake_Vortex_Prevention.md,
still_missing,99_Operations 2/Visionary_Intelligence/05_Doctrine_Output/markdown/Penstock_Headloss_Rules.md,
still_missing,99_Operations 2/Visionary_Intelligence/01_Master_Index/Visionary_Master_Index.md,
still_missing,99_Operations 2/Visionary_Intelligence/01_Master_Index/Visionary_Comparative_Matrix.md,
still_missing,99_Operations 2/Visionary_Intelligence/01_Master_Index/Crosslink_Map.md,
still_missing,99_Operations 2/Visionary_Intelligence/01_Master_Index/Tag_Taxonomy.md,
still_missing,99_Operations 2/Visionary_Intelligence/03_Visionary_Profiles/00_Profile_Template.md,
still_missing,99_Operations 2/Visionary_Intelligence/04_Artifacts/Tesla/publications/INDEX.json,
still_missing,99_Operations 2/Visionary_Intelligence/04_Artifacts/Tesla/images/INDEX.json,
still_missing,99_Operations 2/Visionary_Intelligence/04_Artifacts/Tesla/patents/INDEX.json,
still_missing,99_Operations 2/Visionary_Intelligence/04_Artifacts/schemas/INDEX.schema.json,
still_missing,99_Operations 2/Visionary_Intelligence/04_Artifacts/schemas/LICENSE.schema.json,
still_missing,99_Operations 2/Visionary_Intelligence/04_Artifacts/Schauberger/publications/INDEX.json,
still_missing,99_Operations 2/Visionary_Intelligence/04_Artifacts/Schauberger/images/INDEX.json,
still_missing,99_Operations 2/Visionary_Intelligence/04_Artifacts/Schauberger/patents/INDEX.json,
still_missing,99_Operations 2/Visionary_Intelligence/04_Artifacts/Shared/historical_images/INDEX.json,
still_missing,99_Operations 2/Visionary_Intelligence/04_Artifacts/Shared/figures/INDEX.json,
still_missing,99_Operations 2/Visionary_Intelligence/04_Artifacts/Shared/diagrams/INDEX.json,
still_missing,99_Operations 2/Visionary_Intelligence/08_Review_and_Promotion/QA_Checklist.md,
still_missing,99_Operations 2/Visionary_Intelligence/08_Review_and_Promotion/Release_Notes_Template.md,
still_missing,99_Operations 2/Visionary_Intelligence/08_Review_and_Promotion/Merge_Map_To_Company_Tree.md,
still_missing,99_Operations 2/Visionary_Intelligence/08_Review_and_Promotion/Promotion_Checklist.md,
still_missing,99_Operations 2/Visionary_Intelligence/00_Admin/License_Policy.md,
still_missing,99_Operations 2/Visionary_Intelligence/00_Admin/Conventions.md,
still_missing,99_Operations 2/Visionary_Intelligence/00_Admin/Citation_Rules.md,
still_missing,99_Operations 2/Visionary_Intelligence/00_Admin/Contribution_Guide.md,
still_missing,99_Operations 2/Visionary_Intelligence/00_Admin/Naming_Standards.md,
still_missing,_BACKUPS/Visionary_Intelligence_OneClick_Update.zip,
still_missing,_BACKUPS/ResonanceEnergy_OneClick_FullBuild_Patch.zip,
still_missing,_BACKUPS/BackupToolsPackage.zip,
still_missing,_BACKUPS/99_Operations.zip,
still_missing,_BACKUPS/99_Operations copy.zip,
still_missing,_BACKUPS/resonance_backup_incremental.zip,
still_missing,_BACKUPS/OffGrid_Renewables_Cleantech_Reference_Library.zip,
still_missing,_BACKUPS/Visionary_Intelligence_OneClick_Update_ApplyOnly_SafetyFlags.zip,
still_missing,_BACKUPS/OffGrid_Renewables_Cleantech_Engineering_Manual_V2.zip,
still_missing,11_References/MASTER_REFERENCES.md,
still_missing,artifacts/ResonanceEnergy_Enterprise_20260122_193803.zip,
still_missing,artifacts/build_all_report.md,
still_missing,artifacts/preflight_report.md,
still_missing,artifacts/bootstrap_report.md,
still_missing,artifacts/ResonanceEnergy_Enterprise_20260122_210052.zip,
still_missing,artifacts/handbook_automation_report.md,
still_missing,artifacts/ResonanceEnergy_Enterprise_20260122_194438.zip,
still_missing,artifacts/chat_context/CHAT_CONTEXT.md,
still_missing,artifacts/ResonanceEnergy_Enterprise_20260122_193803/02_Vision_Ethics_Founders/VISION_FOUNDATION.md,
still_missing,artifacts/ResonanceEnergy_Enterprise_20260122_193803/01_Executive_Summary/EXEC_SUMMARY.md,
still_missing,artifacts/ResonanceEnergy_Enterprise_20260122_193803/12_Admin_Governance/BOARD_CHARTER.md,
still_missing,artifacts/ResonanceEnergy_Enterprise_20260122_193803/03_Market_Scenarios/Scenario5_Resilience_Hub/SCENARIO.md,
still_missing,artifacts/ResonanceEnergy_Enterprise_20260122_193803/03_Market_Scenarios/Scenario1_Indigenous_Microgrid/SCENARIO.md,
still_missing,artifacts/ResonanceEnergy_Enterprise_20260122_193803/03_Market_Scenarios/Scenario3_Industrial_Outfall/SCENARIO.md,
still_missing,artifacts/ResonanceEnergy_Enterprise_20260122_193803/03_Market_Scenarios/Scenario4_EcoResort_Campus/SCENARIO.md,
still_missing,artifacts/ResonanceEnergy_Enterprise_20260122_193803/03_Market_Scenarios/Scenario2_Irrigation_Canal/SCENARIO.md,
still_missing,artifacts/ResonanceEnergy_Enterprise_20260122_193803/scripts/one_click_installer.py,
still_missing,artifacts/ResonanceEnergy_Enterprise_20260122_193803/scripts/render_handbooks.py,
still_missing,artifacts/ResonanceEnergy_Enterprise_20260122_193803/scripts/zip_repo_safe.py,
still_missing,artifacts/ResonanceEnergy_Enterprise_20260122_193803/scripts/automate_handbooks.py,
still_missing,artifacts/ResonanceEnergy_Enterprise_20260122_193803/04_Technology/05_Battery_PV_Wind/COST_BENCHMARKS.md,
still_missing,artifacts/ResonanceEnergy_Enterprise_20260122_193803/04_Technology/04_Electrical_Protection/PROTECTION_OVERVIEW.md,
still_missing,artifacts/ResonanceEnergy_Enterprise_20260122_193803/04_Technology/06_Control_SCADA/BLACKSTART_CONCEPT.md,
still_missing,artifacts/ResonanceEnergy_Enterprise_20260122_193803/04_Technology/01_Hydraulics/HYDRAULICS_PRIMER.md,
still_missing,artifacts/ResonanceEnergy_Enterprise_20260122_193803/04_Technology/03_Turbine_Generator/CROSSFLOW_TURBINE.md,
still_missing,artifacts/ResonanceEnergy_Enterprise_20260122_193803/04_Technology/02_Hydram/HYDRAM_GUIDE.md,
still_missing,artifacts/ResonanceEnergy_Enterprise_20260122_193803/04_Technology/handbooks/HB-01_Turbine_Selection/handbook.md,
still_missing,artifacts/ResonanceEnergy_Enterprise_20260122_193803/04_Technology/handbooks/HB-01_Turbine_Selection/contexts/CONTEXT_OVERLAYS.md,
still_missing,artifacts/ResonanceEnergy_Enterprise_20260122_193803/04_Technology/handbooks/HB-02_Intake_Debris/handbook.md,
still_missing,artifacts/ResonanceEnergy_Enterprise_20260122_193803/04_Technology/handbooks/HB-02_Intake_Debris/contexts/CONTEXT_OVERLAYS.md,
still_missing,artifacts/ResonanceEnergy_Enterprise_20260122_193803/04_Technology/handbooks/HB-05_Controls_SCADA/handbook.md,
still_missing,artifacts/ResonanceEnergy_Enterprise_20260122_193803/04_Technology/handbooks/HB-05_Controls_SCADA/contexts/CONTEXT_OVERLAYS.md,
still_missing,artifacts/ResonanceEnergy_Enterprise_20260122_193803/04_Technology/handbooks/HB-06_Commissioning_FAT_SAT/handbook.md,
still_missing,artifacts/ResonanceEnergy_Enterprise_20260122_193803/04_Technology/handbooks/HB-06_Commissioning_FAT_SAT/contexts/CONTEXT_OVERLAYS.md,
still_missing,artifacts/ResonanceEnergy_Enterprise_20260122_193803/04_Technology/handbooks/HB-03_Penstock_Headloss/handbook.md,
still_missing,artifacts/ResonanceEnergy_Enterprise_20260122_193803/04_Technology/handbooks/HB-03_Penstock_Headloss/contexts/CONTEXT_OVERLAYS.md,
still_missing,artifacts/ResonanceEnergy_Enterprise_20260122_193803/04_Technology/handbooks/HB-04_Hydram_Tuning/handbook.md,
still_missing,artifacts/ResonanceEnergy_Enterprise_20260122_193803/04_Technology/handbooks/HB-04_Hydram_Tuning/contexts/CONTEXT_OVERLAYS.md,
still_missing,artifacts/ResonanceEnergy_Enterprise_20260122_193803/04_Technology/handbooks/_shared/COVER_TEMPLATE.md,
still_missing,artifacts/ResonanceEnergy_Enterprise_20260122_193803/04_Technology/handbooks/_shared/handbook_style.json,
still_missing,artifacts/ResonanceEnergy_Enterprise_20260122_193803/04_Technology/handbooks/_shared/DEFAULT_CONTEXTS.md,
still_missing,artifacts/ResonanceEnergy_Enterprise_20260122_193803/04_Technology/handbooks/_shared/CONTEXT_MATRIX.md,
still_missing,artifacts/ResonanceEnergy_Enterprise_20260122_193803/04_Technology/handbooks/_shared/DISCLAIMER.md,
still_missing,artifacts/ResonanceEnergy_Enterprise_20260122_193803/11_References/MASTER_REFERENCES.md,
still_missing,artifacts/ResonanceEnergy_Enterprise_20260122_193803/artifacts/handbook_automation_report.md,
still_missing,artifacts/ResonanceEnergy_Enterprise_20260122_193803/05_RnD/04_Coherent_Geometry/SOURCES.md,
still_missing,artifacts/ResonanceEnergy_Enterprise_20260122_193803/05_RnD/03_Advanced_Intake_Vortex/IAHR_VORTEX_INTAKES.md,
still_missing,05_RnD/04_Coherent_Geometry/SOURCES.md,
still_missing,05_RnD/03_Advanced_Intake_Vortex/IAHR_VORTEX_INTAKES.md,
still_missing,05_RnD/annex_winter_phase_coherence/DISCLAIMER.md,
still_missing,05_RnD/experiment_registry/EXP-000_TEMPLATE.md,
still_missing,_CONSOLIDATION_BACKUP/pre_consolidation_20260211_223612/resonance_backup_manifest.json,
still_missing,_CONSOLIDATION_BACKUP/pre_consolidation_20260211_223612/Reorganize.py,
still_missing,_CONSOLIDATION_BACKUP/pre_consolidation_20260211_223612/RUN_RESONANCE_SETUP.command,
still_missing,_CONSOLIDATION_BACKUP/pre_consolidation_20260211_223612/RUN_RENDER_GUARDED.command,
still_missing,_CONSOLIDATION_BACKUP/pre_consolidation_20260211_223612/RUN_INSTALL_WORKSPACE_GUARD.command,
still_missing,_CONSOLIDATION_BACKUP/pre_consolidation_20260211_223612/RUN_BUILD_ALL.command,
still_missing,_CONSOLIDATION_BACKUP/pre_consolidation_20260211_223612/RUN_BUILD_ALL_GUARDED.command,
still_missing,_CONSOLIDATION_BACKUP/pre_consolidation_20260211_223612/02_Vision_Ethics_Founders/VISION_FOUNDATION.md,
still_missing,_CONSOLIDATION_BACKUP/pre_consolidation_20260211_223612/OffGrid_Renewables_Cleantech_Reference_Library/01_Executive_Summary/OffGrid_Renewables_Report.md,
still_missing,_CONSOLIDATION_BACKUP/pre_consolidation_20260211_223612/OffGrid_Renewables_Cleantech_Reference_Library/08_Tools_Checklists/Design_Checklists.md,
still_missing,_CONSOLIDATION_BACKUP/pre_consolidation_20260211_223612/OffGrid_Renewables_Cleantech_Reference_Library/09_Reference_Index/references.md,
still_missing,_CONSOLIDATION_BACKUP/pre_consolidation_20260211_223612/OffGrid_Renewables_Cleantech_Reference_Library/09_Reference_Index/references.json,
still_missing,_CONSOLIDATION_BACKUP/pre_consolidation_20260211_223612/99_Operations 3/Visionary_Intelligence/SCOPE.md,
still_missing,_CONSOLIDATION_BACKUP/pre_consolidation_20260211_223612/99_Operations 3/Visionary_Intelligence/STATUS.md,
still_missing,_CONSOLIDATION_BACKUP/pre_consolidation_20260211_223612/99_Operations 3/Visionary_Intelligence/02_Founder_Collections/Tesla/Tesla_Profile.md,
still_missing,_CONSOLIDATION_BACKUP/pre_consolidation_20260211_223612/99_Operations 3/Visionary_Intelligence/02_Founder_Collections/Tesla/Tesla_Works_Index.md,
still_missing,_CONSOLIDATION_BACKUP/pre_consolidation_20260211_223612/99_Operations 3/Visionary_Intelligence/02_Founder_Collections/Tesla/Tesla_Patent_Compendium.md,
still_missing,_CONSOLIDATION_BACKUP/pre_consolidation_20260211_223612/99_Operations 3/Visionary_Intelligence/02_Founder_Collections/Schauberger/Schauberger_Profile.md,
still_missing,_CONSOLIDATION_BACKUP/pre_consolidation_20260211_223612/99_Operations 3/Visionary_Intelligence/02_Founder_Collections/Schauberger/Schauberger_Works_Index.md,
still_missing,_CONSOLIDATION_BACKUP/pre_consolidation_20260211_223612/99_Operations 3/Visionary_Intelligence/02_Founder_Collections/Schauberger/Schauberger_Patent_Compendium.md,
still_missing,_CONSOLIDATION_BACKUP/pre_consolidation_20260211_223612/99_Operations 3/Visionary_Intelligence/02_Founder_Collections/Dan_Winter/Dan_Winter_Profile.md,
still_missing,_CONSOLIDATION_BACKUP/pre_consolidation_20260211_223612/99_Operations 3/Visionary_Intelligence/02_Founder_Collections/Dan_Winter/Dan_Winter_Total_Work_Index.md,
still_missing,_CONSOLIDATION_BACKUP/pre_consolidation_20260211_223612/99_Operations 3/Visionary_Intelligence/02_Founder_Collections/Dan_Winter/Dan_Winter_Annex_NonMainstream_Disclaimer.md,
still_missing,_CONSOLIDATION_BACKUP/pre_consolidation_20260211_223612/99_Operations 3/Visionary_Intelligence/06_Tools/crosslinking/scenario_linker_rules.md,
still_missing,_CONSOLIDATION_BACKUP/pre_consolidation_20260211_223612/99_Operations 3/Visionary_Intelligence/06_Tools/hydraulics/hydraulics_friction_calculator.py,
still_missing,_CONSOLIDATION_BACKUP/pre_consolidation_20260211_223612/99_Operations 3/Visionary_Intelligence/06_Tools/hydraulics/sample_inputs/example_site_01.json,
still_missing,_CONSOLIDATION_BACKUP/pre_consolidation_20260211_223612/99_Operations 3/Visionary_Intelligence/06_Tools/hydraulics/sample_inputs/example_site_02.json,
still_missing,_CONSOLIDATION_BACKUP/pre_consolidation_20260211_223612/99_Operations 3/Visionary_Intelligence/07_Scenario_Traceability/Traceability_Matrix.md,
still_missing,_CONSOLIDATION_BACKUP/pre_consolidation_20260211_223612/99_Operations 3/Visionary_Intelligence/07_Scenario_Traceability/Scenario_Crosslinks/Scenario1.md,
still_missing,_CONSOLIDATION_BACKUP/pre_consolidation_20260211_223612/99_Operations 3/Visionary_Intelligence/07_Scenario_Traceability/Scenario_Crosslinks/Scenario5.md,
still_missing,_CONSOLIDATION_BACKUP/pre_consolidation_20260211_223612/99_Operations 3/Visionary_Intelligence/07_Scenario_Traceability/Scenario_Crosslinks/Scenario3.md,
still_missing,_CONSOLIDATION_BACKUP/pre_consolidation_20260211_223612/99_Operations 3/Visionary_Intelligence/07_Scenario_Traceability/Scenario_Crosslinks/Scenario4.md,
still_missing,_CONSOLIDATION_BACKUP/pre_consolidation_20260211_223612/99_Operations 3/Visionary_Intelligence/07_Scenario_Traceability/Scenario_Crosslinks/Scenario2.md,
still_missing,_CONSOLIDATION_BACKUP/pre_consolidation_20260211_223612/99_Operations 3/Visionary_Intelligence/05_Doctrine_Output/markdown/Crossflow_Setup_Tuning.md,
still_missing,_CONSOLIDATION_BACKUP/pre_consolidation_20260211_223612/99_Operations 3/Visionary_Intelligence/05_Doctrine_Output/markdown/Turbine_Selection_Doctrine.md,
still_missing,_CONSOLIDATION_BACKUP/pre_consolidation_20260211_223612/99_Operations 3/Visionary_Intelligence/05_Doctrine_Output/markdown/Intake_Vortex_Prevention.md,
still_missing,_CONSOLIDATION_BACKUP/pre_consolidation_20260211_223612/99_Operations 3/Visionary_Intelligence/05_Doctrine_Output/markdown/Penstock_Headloss_Rules.md,
still_missing,_CONSOLIDATION_BACKUP/pre_consolidation_20260211_223612/99_Operations 3/Visionary_Intelligence/01_Master_Index/Visionary_Master_Index.md,
still_missing,_CONSOLIDATION_BACKUP/pre_consolidation_20260211_223612/99_Operations 3/Visionary_Intelligence/01_Master_Index/Visionary_Comparative_Matrix.md,
still_missing,_CONSOLIDATION_BACKUP/pre_consolidation_20260211_223612/99_Operations 3/Visionary_Intelligence/01_Master_Index/Crosslink_Map.md,
still_missing,_CONSOLIDATION_BACKUP/pre_consolidation_20260211_223612/99_Operations 3/Visionary_Intelligence/01_Master_Index/Tag_Taxonomy.md,
still_missing,_CONSOLIDATION_BACKUP/pre_consolidation_20260211_223612/99_Operations 3/Visionary_Intelligence/03_Visionary_Profiles/00_Profile_Template.md,
still_missing,_CONSOLIDATION_BACKUP/pre_consolidation_20260211_223612/99_Operations 3/Visionary_Intelligence/04_Artifacts/Tesla/publications/INDEX.json,
still_missing,_CONSOLIDATION_BACKUP/pre_consolidation_20260211_223612/99_Operations 3/Visionary_Intelligence/04_Artifacts/Tesla/images/INDEX.json,
still_missing,_CONSOLIDATION_BACKUP/pre_consolidation_20260211_223612/99_Operations 3/Visionary_Intelligence/04_Artifacts/Tesla/patents/INDEX.json,
still_missing,_CONSOLIDATION_BACKUP/pre_consolidation_20260211_223612/99_Operations 3/Visionary_Intelligence/04_Artifacts/schemas/INDEX.schema.json,
still_missing,_CONSOLIDATION_BACKUP/pre_consolidation_20260211_223612/99_Operations 3/Visionary_Intelligence/04_Artifacts/schemas/LICENSE.schema.json,
still_missing,_CONSOLIDATION_BACKUP/pre_consolidation_20260211_223612/99_Operations 3/Visionary_Intelligence/04_Artifacts/Schauberger/publications/INDEX.json,
still_missing,_CONSOLIDATION_BACKUP/pre_consolidation_20260211_223612/99_Operations 3/Visionary_Intelligence/04_Artifacts/Schauberger/images/INDEX.json,
still_missing,_CONSOLIDATION_BACKUP/pre_consolidation_20260211_223612/99_Operations 3/Visionary_Intelligence/04_Artifacts/Schauberger/patents/INDEX.json,
still_missing,_CONSOLIDATION_BACKUP/pre_consolidation_20260211_223612/99_Operations 3/Visionary_Intelligence/04_Artifacts/Shared/historical_images/INDEX.json,
still_missing,_CONSOLIDATION_BACKUP/pre_consolidation_20260211_223612/99_Operations 3/Visionary_Intelligence/04_Artifacts/Shared/figures/INDEX.json,
still_missing,_CONSOLIDATION_BACKUP/pre_consolidation_20260211_223612/99_Operations 3/Visionary_Intelligence/04_Artifacts/Shared/diagrams/INDEX.json,
still_missing,_CONSOLIDATION_BACKUP/pre_consolidation_20260211_223612/99_Operations 3/Visionary_Intelligence/08_Review_and_Promotion/QA_Checklist.md,
still_missing,_CONSOLIDATION_BACKUP/pre_consolidation_20260211_223612/99_Operations 3/Visionary_Intelligence/08_Review_and_Promotion/Release_Notes_Template.md,
still_missing,_CONSOLIDATION_BACKUP/pre_consolidation_20260211_223612/99_Operations 3/Visionary_Intelligence/08_Review_and_Promotion/Merge_Map_To_Company_Tree.md,
still_missing,_CONSOLIDATION_BACKUP/pre_consolidation_20260211_223612/99_Operations 3/Visionary_Intelligence/08_Review_and_Promotion/Promotion_Checklist.md,
still_missing,_CONSOLIDATION_BACKUP/pre_consolidation_20260211_223612/99_Operations 3/Visionary_Intelligence/00_Admin/License_Policy.md,
still_missing,_CONSOLIDATION_BACKUP/pre_consolidation_20260211_223612/99_Operations 3/Visionary_Intelligence/00_Admin/Conventions.md,
still_missing,_CONSOLIDATION_BACKUP/pre_consolidation_20260211_223612/99_Operations 3/Visionary_Intelligence/00_Admin/Citation_Rules.md,
still_missing,_CONSOLIDATION_BACKUP/pre_consolidation_20260211_223612/99_Operations 3/Visionary_Intelligence/00_Admin/Contribution_Guide.md,
still_missing,_CONSOLIDATION_BACKUP/pre_consolidation_20260211_223612/99_Operations 3/Visionary_Intelligence/00_Admin/Naming_Standards.md,
still_missing,_CONSOLIDATION_BACKUP/pre_consolidation_20260211_223612/00_MASTER_PLAN/DECISION_LOG.md,
still_missing,_CONSOLIDATION_BACKUP/pre_consolidation_20260211_223612/00_MASTER_PLAN/POPULATION_ROADMAP.md,
still_missing,_CONSOLIDATION_BACKUP/pre_consolidation_20260211_223612/00_MASTER_PLAN/FILE_STRUCTURE_MAP.md,
still_missing,_CONSOLIDATION_BACKUP/pre_consolidation_20260211_223612/00_MASTER_PLAN/MASTER_PLAN.md,
still_missing,_CONSOLIDATION_BACKUP/pre_consolidation_20260211_223612/01_Executive_Summary/EXEC_SUMMARY.md,
still_missing,_CONSOLIDATION_BACKUP/pre_consolidation_20260211_223612/Tools Folder Kit/Backup_Resonance_HASH.command,
still_missing,_CONSOLIDATION_BACKUP/pre_consolidation_20260211_223612/Tools Folder Kit/Backup_Resonance_DRYRUN.command,
still_missing,_CONSOLIDATION_BACKUP/pre_consolidation_20260211_223612/Tools Folder Kit/RESONANCE_PROJECT_ROOT.txt,
still_missing,_CONSOLIDATION_BACKUP/pre_consolidation_20260211_223612/Tools Folder Kit/Backup_Resonance_REPACK.command,
still_missing,_CONSOLIDATION_BACKUP/pre_consolidation_20260211_223612/Tools Folder Kit/backup_resonance_incremental.py,
still_missing,_CONSOLIDATION_BACKUP/pre_consolidation_20260211_223612/Tools Folder Kit/Backup_Resonance.command,
still_missing,_CONSOLIDATION_BACKUP/pre_consolidation_20260211_223612/12_Admin_Governance/BOARD_CHARTER.md,
still_missing,_CONSOLIDATION_BACKUP/pre_consolidation_20260211_223612/03_Market_Scenarios/Scenario5_Resilience_Hub/SCENARIO.md,
still_missing,_CONSOLIDATION_BACKUP/pre_consolidation_20260211_223612/03_Market_Scenarios/Scenario1_Indigenous_Microgrid/SCENARIO.md,
still_missing,_CONSOLIDATION_BACKUP/pre_consolidation_20260211_223612/03_Market_Scenarios/Scenario3_Industrial_Outfall/SCENARIO.md,
still_missing,_CONSOLIDATION_BACKUP/pre_consolidation_20260211_223612/03_Market_Scenarios/Scenario4_EcoResort_Campus/SCENARIO.md,
still_missing,_CONSOLIDATION_BACKUP/pre_consolidation_20260211_223612/03_Market_Scenarios/Scenario2_Irrigation_Canal/SCENARIO.md,
still_missing,_CONSOLIDATION_BACKUP/pre_consolidation_20260211_223612/99_Operations/Visionary_Intelligence/SCOPE.md,
still_missing,_CONSOLIDATION_BACKUP/pre_consolidation_20260211_223612/99_Operations/Visionary_Intelligence/STATUS.md,
still_missing,_CONSOLIDATION_BACKUP/pre_consolidation_20260211_223612/99_Operations/Visionary_Intelligence/02_Founder_Collections/Tesla/Tesla_Profile.md,
still_missing,_CONSOLIDATION_BACKUP/pre_consolidation_20260211_223612/99_Operations/Visionary_Intelligence/02_Founder_Collections/Tesla/Tesla_Works_Index.md,
still_missing,_CONSOLIDATION_BACKUP/pre_consolidation_20260211_223612/99_Operations/Visionary_Intelligence/02_Founder_Collections/Tesla/Tesla_Patent_Compendium.md,
still_missing,_CONSOLIDATION_BACKUP/pre_consolidation_20260211_223612/99_Operations/Visionary_Intelligence/02_Founder_Collections/Schauberger/Schauberger_Profile.md,
still_missing,_CONSOLIDATION_BACKUP/pre_consolidation_20260211_223612/99_Operations/Visionary_Intelligence/02_Founder_Collections/Schauberger/Schauberger_Works_Index.md,
still_missing,_CONSOLIDATION_BACKUP/pre_consolidation_20260211_223612/99_Operations/Visionary_Intelligence/02_Founder_Collections/Schauberger/Schauberger_Patent_Compendium.md,
still_missing,_CONSOLIDATION_BACKUP/pre_consolidation_20260211_223612/99_Operations/Visionary_Intelligence/02_Founder_Collections/Dan_Winter/Dan_Winter_Profile.md,
still_missing,_CONSOLIDATION_BACKUP/pre_consolidation_20260211_223612/99_Operations/Visionary_Intelligence/02_Founder_Collections/Dan_Winter/Dan_Winter_Total_Work_Index.md,
still_missing,_CONSOLIDATION_BACKUP/pre_consolidation_20260211_223612/99_Operations/Visionary_Intelligence/02_Founder_Collections/Dan_Winter/Dan_Winter_Annex_NonMainstream_Disclaimer.md,
still_missing,_CONSOLIDATION_BACKUP/pre_consolidation_20260211_223612/99_Operations/Visionary_Intelligence/06_Tools/crosslinking/scenario_linker_rules.md,
still_missing,_CONSOLIDATION_BACKUP/pre_consolidation_20260211_223612/99_Operations/Visionary_Intelligence/06_Tools/hydraulics/hydraulics_friction_calculator.py,
still_missing,_CONSOLIDATION_BACKUP/pre_consolidation_20260211_223612/99_Operations/Visionary_Intelligence/06_Tools/hydraulics/sample_inputs/example_site_01.json,
still_missing,_CONSOLIDATION_BACKUP/pre_consolidation_20260211_223612/99_Operations/Visionary_Intelligence/06_Tools/hydraulics/sample_inputs/example_site_02.json,
still_missing,_CONSOLIDATION_BACKUP/pre_consolidation_20260211_223612/99_Operations/Visionary_Intelligence/07_Scenario_Traceability/Traceability_Matrix.md,
still_missing,_CONSOLIDATION_BACKUP/pre_consolidation_20260211_223612/99_Operations/Visionary_Intelligence/07_Scenario_Traceability/Scenario_Crosslinks/Scenario1.md,
still_missing,_CONSOLIDATION_BACKUP/pre_consolidation_20260211_223612/99_Operations/Visionary_Intelligence/07_Scenario_Traceability/Scenario_Crosslinks/Scenario5.md,
still_missing,_CONSOLIDATION_BACKUP/pre_consolidation_20260211_223612/99_Operations/Visionary_Intelligence/07_Scenario_Traceability/Scenario_Crosslinks/Scenario3.md,
still_missing,_CONSOLIDATION_BACKUP/pre_consolidation_20260211_223612/99_Operations/Visionary_Intelligence/07_Scenario_Traceability/Scenario_Crosslinks/Scenario4.md,
still_missing,_CONSOLIDATION_BACKUP/pre_consolidation_20260211_223612/99_Operations/Visionary_Intelligence/07_Scenario_Traceability/Scenario_Crosslinks/Scenario2.md,
still_missing,_CONSOLIDATION_BACKUP/pre_consolidation_20260211_223612/99_Operations/Visionary_Intelligence/05_Doctrine_Output/markdown/Crossflow_Setup_Tuning.md,
still_missing,_CONSOLIDATION_BACKUP/pre_consolidation_20260211_223612/99_Operations/Visionary_Intelligence/05_Doctrine_Output/markdown/Turbine_Selection_Doctrine.md,
still_missing,_CONSOLIDATION_BACKUP/pre_consolidation_20260211_223612/99_Operations/Visionary_Intelligence/05_Doctrine_Output/markdown/Intake_Vortex_Prevention.md,
still_missing,_CONSOLIDATION_BACKUP/pre_consolidation_20260211_223612/99_Operations/Visionary_Intelligence/05_Doctrine_Output/markdown/Penstock_Headloss_Rules.md,
still_missing,_CONSOLIDATION_BACKUP/pre_consolidation_20260211_223612/99_Operations/Visionary_Intelligence/01_Master_Index/Visionary_Master_Index.md,
still_missing,_CONSOLIDATION_BACKUP/pre_consolidation_20260211_223612/99_Operations/Visionary_Intelligence/01_Master_Index/Visionary_Comparative_Matrix.md,
still_missing,_CONSOLIDATION_BACKUP/pre_consolidation_20260211_223612/99_Operations/Visionary_Intelligence/01_Master_Index/Crosslink_Map.md,
still_missing,_CONSOLIDATION_BACKUP/pre_consolidation_20260211_223612/99_Operations/Visionary_Intelligence/01_Master_Index/Tag_Taxonomy.md,
still_missing,_CONSOLIDATION_BACKUP/pre_consolidation_20260211_223612/99_Operations/Visionary_Intelligence/03_Visionary_Profiles/00_Profile_Template.md,
still_missing,_CONSOLIDATION_BACKUP/pre_consolidation_20260211_223612/99_Operations/Visionary_Intelligence/04_Artifacts/Tesla/publications/INDEX.json,
still_missing,_CONSOLIDATION_BACKUP/pre_consolidation_20260211_223612/99_Operations/Visionary_Intelligence/04_Artifacts/Tesla/images/INDEX.json,
still_missing,_CONSOLIDATION_BACKUP/pre_consolidation_20260211_223612/99_Operations/Visionary_Intelligence/04_Artifacts/Tesla/patents/INDEX.json,
still_missing,_CONSOLIDATION_BACKUP/pre_consolidation_20260211_223612/99_Operations/Visionary_Intelligence/04_Artifacts/schemas/INDEX.schema.json,
still_missing,_CONSOLIDATION_BACKUP/pre_consolidation_20260211_223612/99_Operations/Visionary_Intelligence/04_Artifacts/schemas/LICENSE.schema.json,
still_missing,_CONSOLIDATION_BACKUP/pre_consolidation_20260211_223612/99_Operations/Visionary_Intelligence/04_Artifacts/Schauberger/publications/INDEX.json,
still_missing,_CONSOLIDATION_BACKUP/pre_consolidation_20260211_223612/99_Operations/Visionary_Intelligence/04_Artifacts/Schauberger/images/INDEX.json,
still_missing,_CONSOLIDATION_BACKUP/pre_consolidation_20260211_223612/99_Operations/Visionary_Intelligence/04_Artifacts/Schauberger/patents/INDEX.json,
still_missing,_CONSOLIDATION_BACKUP/pre_consolidation_20260211_223612/99_Operations/Visionary_Intelligence/04_Artifacts/Shared/historical_images/INDEX.json,
still_missing,_CONSOLIDATION_BACKUP/pre_consolidation_20260211_223612/99_Operations/Visionary_Intelligence/04_Artifacts/Shared/figures/INDEX.json,
still_missing,_CONSOLIDATION_BACKUP/pre_consolidation_20260211_223612/99_Operations/Visionary_Intelligence/04_Artifacts/Shared/diagrams/INDEX.json,
still_missing,_CONSOLIDATION_BACKUP/pre_consolidation_20260211_223612/99_Operations/Visionary_Intelligence/08_Review_and_Promotion/QA_Checklist.md,
still_missing,_CONSOLIDATION_BACKUP/pre_consolidation_20260211_223612/99_Operations/Visionary_Intelligence/08_Review_and_Promotion/Release_Notes_Template.md,
still_missing,_CONSOLIDATION_BACKUP/pre_consolidation_20260211_223612/99_Operations/Visionary_Intelligence/08_Review_and_Promotion/Merge_Map_To_Company_Tree.md,
still_missing,_CONSOLIDATION_BACKUP/pre_consolidation_20260211_223612/99_Operations/Visionary_Intelligence/08_Review_and_Promotion/Promotion_Checklist.md,
still_missing,_CONSOLIDATION_BACKUP/pre_consolidation_20260211_223612/99_Operations/Visionary_Intelligence/00_Admin/License_Policy.md,
still_missing,_CONSOLIDATION_BACKUP/pre_consolidation_20260211_223612/99_Operations/Visionary_Intelligence/00_Admin/Conventions.md,
still_missing,_CONSOLIDATION_BACKUP/pre_consolidation_20260211_223612/99_Operations/Visionary_Intelligence/00_Admin/Citation_Rules.md,
still_missing,_CONSOLIDATION_BACKUP/pre_consolidation_20260211_223612/99_Operations/Visionary_Intelligence/00_Admin/Contribution_Guide.md,
still_missing,_CONSOLIDATION_BACKUP/pre_consolidation_20260211_223612/99_Operations/Visionary_Intelligence/00_Admin/Naming_Standards.md,
still_missing,_CONSOLIDATION_BACKUP/pre_consolidation_20260211_223612/scripts/workspace_disk_guard.py,
still_missing,_CONSOLIDATION_BACKUP/pre_consolidation_20260211_223612/scripts/build_all.py,
still_missing,_CONSOLIDATION_BACKUP/pre_consolidation_20260211_223612/scripts/zip_repo_safe_guarded.py,
still_missing,_CONSOLIDATION_BACKUP/pre_consolidation_20260211_223612/scripts/copy_context_to_clipboard.sh,
still_missing,_CONSOLIDATION_BACKUP/pre_consolidation_20260211_223612/scripts/render_handbooks_guarded.py,
still_missing,_CONSOLIDATION_BACKUP/pre_consolidation_20260211_223612/scripts/one_click_installer.py,
still_missing,_CONSOLIDATION_BACKUP/pre_consolidation_20260211_223612/scripts/one_click_full_build.py,
still_missing,_CONSOLIDATION_BACKUP/pre_consolidation_20260211_223612/scripts/render_handbooks.py,
still_missing,_CONSOLIDATION_BACKUP/pre_consolidation_20260211_223612/scripts/zip_repo_safe.py,
still_missing,_CONSOLIDATION_BACKUP/pre_consolidation_20260211_223612/scripts/one_click_bootstrap.py,
still_missing,_CONSOLIDATION_BACKUP/pre_consolidation_20260211_223612/scripts/build_all_guarded.py,
still_missing,_CONSOLIDATION_BACKUP/pre_consolidation_20260211_223612/scripts/preflight_handbooks.py,
still_missing,_CONSOLIDATION_BACKUP/pre_consolidation_20260211_223612/scripts/automate_handbooks.py,
still_missing,_CONSOLIDATION_BACKUP/pre_consolidation_20260211_223612/scripts/context_for_chat.py,
still_missing,_CONSOLIDATION_BACKUP/pre_consolidation_20260211_223612/branding/DECISIONS_AND_TODOS.md,
still_missing,_CONSOLIDATION_BACKUP/pre_consolidation_20260211_223612/branding/taglines/TAGLINES_MASTER.md,
still_missing,_CONSOLIDATION_BACKUP/pre_consolidation_20260211_223612/Tools/daily_fast.command,
still_missing,_CONSOLIDATION_BACKUP/pre_consolidation_20260211_223612/Tools/weekly_hash.command,
still_missing,_CONSOLIDATION_BACKUP/pre_consolidation_20260211_223612/Tools/backup_engine.py,
still_missing,_CONSOLIDATION_BACKUP/pre_consolidation_20260211_223612/Tools/dry_run.command,
still_missing,_CONSOLIDATION_BACKUP/pre_consolidation_20260211_223612/Tools/fix_permissions.command,
still_missing,_CONSOLIDATION_BACKUP/pre_consolidation_20260211_223612/Tools/monthly_repack.command,
still_missing,_CONSOLIDATION_BACKUP/pre_consolidation_20260211_223612/Tools/restore.py,
still_missing,_CONSOLIDATION_BACKUP/pre_consolidation_20260211_223612/Tools/restore.command,
still_missing,_CONSOLIDATION_BACKUP/pre_consolidation_20260211_223612/Tools/backup_config.json,
still_missing,_CONSOLIDATION_BACKUP/pre_consolidation_20260211_223612/04_Technology/05_Battery_PV_Wind/COST_BENCHMARKS.md,
still_missing,_CONSOLIDATION_BACKUP/pre_consolidation_20260211_223612/04_Technology/04_Electrical_Protection/PROTECTION_OVERVIEW.md,
still_missing,_CONSOLIDATION_BACKUP/pre_consolidation_20260211_223612/04_Technology/06_Control_SCADA/BLACKSTART_CONCEPT.md,
still_missing,_CONSOLIDATION_BACKUP/pre_consolidation_20260211_223612/04_Technology/01_Hydraulics/HYDRAULICS_PRIMER.md,
still_missing,_CONSOLIDATION_BACKUP/pre_consolidation_20260211_223612/04_Technology/03_Turbine_Generator/CROSSFLOW_TURBINE.md,
still_missing,_CONSOLIDATION_BACKUP/pre_consolidation_20260211_223612/04_Technology/02_Hydram/HYDRAM_GUIDE.md,
still_missing,_CONSOLIDATION_BACKUP/pre_consolidation_20260211_223612/04_Technology/handbooks/HB-01_Turbine_Selection/handbook.md,
still_missing,_CONSOLIDATION_BACKUP/pre_consolidation_20260211_223612/04_Technology/handbooks/HB-01_Turbine_Selection/exports/HB-01_Turbine_Selection_Doctrine_(Crossflow-first).pdf,
still_missing,_CONSOLIDATION_BACKUP/pre_consolidation_20260211_223612/04_Technology/handbooks/HB-01_Turbine_Selection/contexts/CONTEXT_OVERLAYS.md,
still_missing,_CONSOLIDATION_BACKUP/pre_consolidation_20260211_223612/04_Technology/handbooks/HB-02_Intake_Debris/handbook.md,
still_missing,"_CONSOLIDATION_BACKUP/pre_consolidation_20260211_223612/04_Technology/handbooks/HB-02_Intake_Debris/exports/HB-02_Intake_&_Debris_Management_(Run-of-River,_Water-kind).pdf",
still_missing,_CONSOLIDATION_BACKUP/pre_consolidation_20260211_223612/04_Technology/handbooks/HB-02_Intake_Debris/contexts/CONTEXT_OVERLAYS.md,
still_missing,_CONSOLIDATION_BACKUP/pre_consolidation_20260211_223612/04_Technology/handbooks/HB-05_Controls_SCADA/handbook.md,
still_missing,"_CONSOLIDATION_BACKUP/pre_consolidation_20260211_223612/04_Technology/handbooks/HB-05_Controls_SCADA/exports/HB-05_Controls,_Blackstart_&_SCADA_(Microgrid_Backbone).pdf",
still_missing,_CONSOLIDATION_BACKUP/pre_consolidation_20260211_223612/04_Technology/handbooks/HB-05_Controls_SCADA/contexts/CONTEXT_OVERLAYS.md,
still_missing,_CONSOLIDATION_BACKUP/pre_consolidation_20260211_223612/04_Technology/handbooks/HB-06_Commissioning_FAT_SAT/handbook.md,
still_missing,_CONSOLIDATION_BACKUP/pre_consolidation_20260211_223612/04_Technology/handbooks/HB-06_Commissioning_FAT_SAT/exports/HB-06_Commissioning_&_Acceptance_Testing_(FAT_→_SAT).pdf,
still_missing,_CONSOLIDATION_BACKUP/pre_consolidation_20260211_223612/04_Technology/handbooks/HB-06_Commissioning_FAT_SAT/contexts/CONTEXT_OVERLAYS.md,
still_missing,_CONSOLIDATION_BACKUP/pre_consolidation_20260211_223612/04_Technology/handbooks/HB-03_Penstock_Headloss/handbook.md,
still_missing,_CONSOLIDATION_BACKUP/pre_consolidation_20260211_223612/04_Technology/handbooks/HB-03_Penstock_Headloss/exports/HB-03_Penstock_&_Headloss_Design_(≤10%_Loss_Standard).pdf,
still_missing,_CONSOLIDATION_BACKUP/pre_consolidation_20260211_223612/04_Technology/handbooks/HB-03_Penstock_Headloss/contexts/CONTEXT_OVERLAYS.md,
still_missing,_CONSOLIDATION_BACKUP/pre_consolidation_20260211_223612/04_Technology/handbooks/HB-04_Hydram_Tuning/handbook.md,
still_missing,_CONSOLIDATION_BACKUP/pre_consolidation_20260211_223612/04_Technology/handbooks/HB-04_Hydram_Tuning/exports/HB-04_Hydraulic_Ram_Pump_Design_&_Tuning.pdf,
still_missing,_CONSOLIDATION_BACKUP/pre_consolidation_20260211_223612/04_Technology/handbooks/HB-04_Hydram_Tuning/contexts/CONTEXT_OVERLAYS.md,
still_missing,_CONSOLIDATION_BACKUP/pre_consolidation_20260211_223612/04_Technology/handbooks/_shared/COVER_TEMPLATE.md,
still_missing,_CONSOLIDATION_BACKUP/pre_consolidation_20260211_223612/04_Technology/handbooks/_shared/handbook_style.json,
still_missing,_CONSOLIDATION_BACKUP/pre_consolidation_20260211_223612/04_Technology/handbooks/_shared/DEFAULT_CONTEXTS.md,
still_missing,_CONSOLIDATION_BACKUP/pre_consolidation_20260211_223612/04_Technology/handbooks/_shared/CONTEXT_MATRIX.md,
still_missing,_CONSOLIDATION_BACKUP/pre_consolidation_20260211_223612/04_Technology/handbooks/_shared/DISCLAIMER.md,
still_missing,_CONSOLIDATION_BACKUP/pre_consolidation_20260211_223612/OffGrid_Renewables_Cleantech_Engineering_Manual_V2/07_Volume_G_Resonance_RamPump_to_Turbine_Generator/Volume_G_Resonance_RamPump_to_Turbine_Generator.md,
still_missing,_CONSOLIDATION_BACKUP/pre_consolidation_20260211_223612/OffGrid_Renewables_Cleantech_Engineering_Manual_V2/DOCX_Versions/Volume_D_Microgrids_and_Controls.docx,
still_missing,_CONSOLIDATION_BACKUP/pre_consolidation_20260211_223612/OffGrid_Renewables_Cleantech_Engineering_Manual_V2/DOCX_Versions/Volume_E_Safety_Codes_Standards.docx,
still_missing,_CONSOLIDATION_BACKUP/pre_consolidation_20260211_223612/OffGrid_Renewables_Cleantech_Engineering_Manual_V2/DOCX_Versions/Volume_C_Storage_and_Power_Electronics.docx,
still_missing,_CONSOLIDATION_BACKUP/pre_consolidation_20260211_223612/OffGrid_Renewables_Cleantech_Engineering_Manual_V2/DOCX_Versions/Volume_F_Economics_and_Costs.docx,
still_missing,_CONSOLIDATION_BACKUP/pre_consolidation_20260211_223612/OffGrid_Renewables_Cleantech_Engineering_Manual_V2/DOCX_Versions/Volume_B1_Solar_PV.docx,
still_missing,_CONSOLIDATION_BACKUP/pre_consolidation_20260211_223612/OffGrid_Renewables_Cleantech_Engineering_Manual_V2/DOCX_Versions/Volume_B4_Biogas.docx,
still_missing,_CONSOLIDATION_BACKUP/pre_consolidation_20260211_223612/OffGrid_Renewables_Cleantech_Engineering_Manual_V2/DOCX_Versions/Volume_B5_Hydrogen.docx,
still_missing,_CONSOLIDATION_BACKUP/pre_consolidation_20260211_223612/OffGrid_Renewables_Cleantech_Engineering_Manual_V2/DOCX_Versions/Volume_G_Resonance_RamPump_to_Turbine_Generator.docx,
still_missing,_CONSOLIDATION_BACKUP/pre_consolidation_20260211_223612/OffGrid_Renewables_Cleantech_Engineering_Manual_V2/DOCX_Versions/Volume_B2_Wind.docx,
still_missing,_CONSOLIDATION_BACKUP/pre_consolidation_20260211_223612/OffGrid_Renewables_Cleantech_Engineering_Manual_V2/DOCX_Versions/Volume_B3_Microhydro.docx,
still_missing,_CONSOLIDATION_BACKUP/pre_consolidation_20260211_223612/OffGrid_Renewables_Cleantech_Engineering_Manual_V2/DOCX_Versions/Volume_A_System_Engineering.docx,
still_missing,_CONSOLIDATION_BACKUP/pre_consolidation_20260211_223612/OffGrid_Renewables_Cleantech_Engineering_Manual_V2/06_Volume_F_Economics_and_Costs/Volume_F_Economics_and_Costs.md,
still_missing,_CONSOLIDATION_BACKUP/pre_consolidation_20260211_223612/OffGrid_Renewables_Cleantech_Engineering_Manual_V2/02_Volume_B_Generation_Tech/Wind/Volume_B2_Wind.md,
still_missing,_CONSOLIDATION_BACKUP/pre_consolidation_20260211_223612/OffGrid_Renewables_Cleantech_Engineering_Manual_V2/02_Volume_B_Generation_Tech/Hydrogen/Volume_B5_Hydrogen.md,
still_missing,_CONSOLIDATION_BACKUP/pre_consolidation_20260211_223612/OffGrid_Renewables_Cleantech_Engineering_Manual_V2/02_Volume_B_Generation_Tech/Solar_PV/Volume_B1_Solar_PV.md,
still_missing,_CONSOLIDATION_BACKUP/pre_consolidation_20260211_223612/OffGrid_Renewables_Cleantech_Engineering_Manual_V2/02_Volume_B_Generation_Tech/Microhydro/Volume_B3_Microhydro.md,
still_missing,_CONSOLIDATION_BACKUP/pre_consolidation_20260211_223612/OffGrid_Renewables_Cleantech_Engineering_Manual_V2/02_Volume_B_Generation_Tech/Bioenergy_Biogas/Volume_B4_Biogas.md,
still_missing,_CONSOLIDATION_BACKUP/pre_consolidation_20260211_223612/OffGrid_Renewables_Cleantech_Engineering_Manual_V2/03_Volume_C_Storage_and_Power_Electronics/Volume_C_Storage_and_Power_Electronics.md,
still_missing,_CONSOLIDATION_BACKUP/pre_consolidation_20260211_223612/OffGrid_Renewables_Cleantech_Engineering_Manual_V2/01_Volume_A_System_Engineering/Volume_A_System_Engineering.md,
still_missing,_CONSOLIDATION_BACKUP/pre_consolidation_20260211_223612/OffGrid_Renewables_Cleantech_Engineering_Manual_V2/05_Volume_E_Safety_Codes_Standards/Volume_E_Safety_Codes_Standards.md,
still_missing,_CONSOLIDATION_BACKUP/pre_consolidation_20260211_223612/OffGrid_Renewables_Cleantech_Engineering_Manual_V2/04_Volume_D_Microgrids_and_Controls/Volume_D_Microgrids_and_Controls.md,
still_missing,_CONSOLIDATION_BACKUP/pre_consolidation_20260211_223612/OffGrid_Renewables_Cleantech_Engineering_Manual_V2/08_Tools_Templates/Hydro_Site_Survey.md,
still_missing,_CONSOLIDATION_BACKUP/pre_consolidation_20260211_223612/OffGrid_Renewables_Cleantech_Engineering_Manual_V2/08_Tools_Templates/Load_Audit_Template.md,
still_missing,_CONSOLIDATION_BACKUP/pre_consolidation_20260211_223612/OffGrid_Renewables_Cleantech_Engineering_Manual_V2/09_Reference_Library/references.md,
still_missing,_CONSOLIDATION_BACKUP/pre_consolidation_20260211_223612/OffGrid_Renewables_Cleantech_Engineering_Manual_V2/09_Reference_Library/references.json,
still_missing,_CONSOLIDATION_BACKUP/pre_consolidation_20260211_223612/99_Operations 2/Visionary_Intelligence/SCOPE.md,
still_missing,_CONSOLIDATION_BACKUP/pre_consolidation_20260211_223612/99_Operations 2/Visionary_Intelligence/STATUS.md,
still_missing,_CONSOLIDATION_BACKUP/pre_consolidation_20260211_223612/99_Operations 2/Visionary_Intelligence/02_Founder_Collections/Tesla/Tesla_Profile.md,
still_missing,_CONSOLIDATION_BACKUP/pre_consolidation_20260211_223612/99_Operations 2/Visionary_Intelligence/02_Founder_Collections/Tesla/Tesla_Works_Index.md,
still_missing,_CONSOLIDATION_BACKUP/pre_consolidation_20260211_223612/99_Operations 2/Visionary_Intelligence/02_Founder_Collections/Tesla/Tesla_Patent_Compendium.md,
still_missing,_CONSOLIDATION_BACKUP/pre_consolidation_20260211_223612/99_Operations 2/Visionary_Intelligence/02_Founder_Collections/Schauberger/Schauberger_Profile.md,
still_missing,_CONSOLIDATION_BACKUP/pre_consolidation_20260211_223612/99_Operations 2/Visionary_Intelligence/02_Founder_Collections/Schauberger/Schauberger_Works_Index.md,
still_missing,_CONSOLIDATION_BACKUP/pre_consolidation_20260211_223612/99_Operations 2/Visionary_Intelligence/02_Founder_Collections/Schauberger/Schauberger_Patent_Compendium.md,
still_missing,_CONSOLIDATION_BACKUP/pre_consolidation_20260211_223612/99_Operations 2/Visionary_Intelligence/02_Founder_Collections/Dan_Winter/Dan_Winter_Profile.md,
still_missing,_CONSOLIDATION_BACKUP/pre_consolidation_20260211_223612/99_Operations 2/Visionary_Intelligence/02_Founder_Collections/Dan_Winter/Dan_Winter_Total_Work_Index.md,
still_missing,_CONSOLIDATION_BACKUP/pre_consolidation_20260211_223612/99_Operations 2/Visionary_Intelligence/02_Founder_Collections/Dan_Winter/Dan_Winter_Annex_NonMainstream_Disclaimer.md,
still_missing,_CONSOLIDATION_BACKUP/pre_consolidation_20260211_223612/99_Operations 2/Visionary_Intelligence/06_Tools/crosslinking/scenario_linker_rules.md,
still_missing,_CONSOLIDATION_BACKUP/pre_consolidation_20260211_223612/99_Operations 2/Visionary_Intelligence/06_Tools/hydraulics/hydraulics_friction_calculator.py,
still_missing,_CONSOLIDATION_BACKUP/pre_consolidation_20260211_223612/99_Operations 2/Visionary_Intelligence/06_Tools/hydraulics/sample_inputs/example_site_01.json,
still_missing,_CONSOLIDATION_BACKUP/pre_consolidation_20260211_223612/99_Operations 2/Visionary_Intelligence/06_Tools/hydraulics/sample_inputs/example_site_02.json,
still_missing,_CONSOLIDATION_BACKUP/pre_consolidation_20260211_223612/99_Operations 2/Visionary_Intelligence/07_Scenario_Traceability/Traceability_Matrix.md,
still_missing,_CONSOLIDATION_BACKUP/pre_consolidation_20260211_223612/99_Operations 2/Visionary_Intelligence/07_Scenario_Traceability/Scenario_Crosslinks/Scenario1.md,
still_missing,_CONSOLIDATION_BACKUP/pre_consolidation_20260211_223612/99_Operations 2/Visionary_Intelligence/07_Scenario_Traceability/Scenario_Crosslinks/Scenario5.md,
still_missing,_CONSOLIDATION_BACKUP/pre_consolidation_20260211_223612/99_Operations 2/Visionary_Intelligence/07_Scenario_Traceability/Scenario_Crosslinks/Scenario3.md,
still_missing,_CONSOLIDATION_BACKUP/pre_consolidation_20260211_223612/99_Operations 2/Visionary_Intelligence/07_Scenario_Traceability/Scenario_Crosslinks/Scenario4.md,
still_missing,_CONSOLIDATION_BACKUP/pre_consolidation_20260211_223612/99_Operations 2/Visionary_Intelligence/07_Scenario_Traceability/Scenario_Crosslinks/Scenario2.md,
still_missing,_CONSOLIDATION_BACKUP/pre_consolidation_20260211_223612/99_Operations 2/Visionary_Intelligence/05_Doctrine_Output/markdown/Crossflow_Setup_Tuning.md,
still_missing,_CONSOLIDATION_BACKUP/pre_consolidation_20260211_223612/99_Operations 2/Visionary_Intelligence/05_Doctrine_Output/markdown/Turbine_Selection_Doctrine.md,
still_missing,_CONSOLIDATION_BACKUP/pre_consolidation_20260211_223612/99_Operations 2/Visionary_Intelligence/05_Doctrine_Output/markdown/Intake_Vortex_Prevention.md,
still_missing,_CONSOLIDATION_BACKUP/pre_consolidation_20260211_223612/99_Operations 2/Visionary_Intelligence/05_Doctrine_Output/markdown/Penstock_Headloss_Rules.md,
still_missing,_CONSOLIDATION_BACKUP/pre_consolidation_20260211_223612/99_Operations 2/Visionary_Intelligence/01_Master_Index/Visionary_Master_Index.md,
still_missing,_CONSOLIDATION_BACKUP/pre_consolidation_20260211_223612/99_Operations 2/Visionary_Intelligence/01_Master_Index/Visionary_Comparative_Matrix.md,
still_missing,_CONSOLIDATION_BACKUP/pre_consolidation_20260211_223612/99_Operations 2/Visionary_Intelligence/01_Master_Index/Crosslink_Map.md,
still_missing,_CONSOLIDATION_BACKUP/pre_consolidation_20260211_223612/99_Operations 2/Visionary_Intelligence/01_Master_Index/Tag_Taxonomy.md,
still_missing,_CONSOLIDATION_BACKUP/pre_consolidation_20260211_223612/99_Operations 2/Visionary_Intelligence/03_Visionary_Profiles/00_Profile_Template.md,
still_missing,_CONSOLIDATION_BACKUP/pre_consolidation_20260211_223612/99_Operations 2/Visionary_Intelligence/04_Artifacts/Tesla/publications/INDEX.json,
still_missing,_CONSOLIDATION_BACKUP/pre_consolidation_20260211_223612/99_Operations 2/Visionary_Intelligence/04_Artifacts/Tesla/images/INDEX.json,
still_missing,_CONSOLIDATION_BACKUP/pre_consolidation_20260211_223612/99_Operations 2/Visionary_Intelligence/04_Artifacts/Tesla/patents/INDEX.json,
still_missing,_CONSOLIDATION_BACKUP/pre_consolidation_20260211_223612/99_Operations 2/Visionary_Intelligence/04_Artifacts/schemas/INDEX.schema.json,
still_missing,_CONSOLIDATION_BACKUP/pre_consolidation_20260211_223612/99_Operations 2/Visionary_Intelligence/04_Artifacts/schemas/LICENSE.schema.json,
still_missing,_CONSOLIDATION_BACKUP/pre_consolidation_20260211_223612/99_Operations 2/Visionary_Intelligence/04_Artifacts/Schauberger/publications/INDEX.json,
still_missing,_CONSOLIDATION_BACKUP/pre_consolidation_20260211_223612/99_Operations 2/Visionary_Intelligence/04_Artifacts/Schauberger/images/INDEX.json,
still_missing,_CONSOLIDATION_BACKUP/pre_consolidation_20260211_223612/99_Operations 2/Visionary_Intelligence/04_Artifacts/Schauberger/patents/INDEX.json,
still_missing,_CONSOLIDATION_BACKUP/pre_consolidation_20260211_223612/99_Operations 2/Visionary_Intelligence/04_Artifacts/Shared/historical_images/INDEX.json,
still_missing,_CONSOLIDATION_BACKUP/pre_consolidation_20260211_223612/99_Operations 2/Visionary_Intelligence/04_Artifacts/Shared/figures/INDEX.json,
still_missing,_CONSOLIDATION_BACKUP/pre_consolidation_20260211_223612/99_Operations 2/Visionary_Intelligence/04_Artifacts/Shared/diagrams/INDEX.json,
still_missing,_CONSOLIDATION_BACKUP/pre_consolidation_20260211_223612/99_Operations 2/Visionary_Intelligence/08_Review_and_Promotion/QA_Checklist.md,
still_missing,_CONSOLIDATION_BACKUP/pre_consolidation_20260211_223612/99_Operations 2/Visionary_Intelligence/08_Review_and_Promotion/Release_Notes_Template.md,
still_missing,_CONSOLIDATION_BACKUP/pre_consolidation_20260211_223612/99_Operations 2/Visionary_Intelligence/08_Review_and_Promotion/Merge_Map_To_Company_Tree.md,
still_missing,_CONSOLIDATION_BACKUP/pre_consolidation_20260211_223612/99_Operations 2/Visionary_Intelligence/08_Review_and_Promotion/Promotion_Checklist.md,
still_missing,_CONSOLIDATION_BACKUP/pre_consolidation_20260211_223612/99_Operations 2/Visionary_Intelligence/00_Admin/License_Policy.md,
still_missing,_CONSOLIDATION_BACKUP/pre_consolidation_20260211_223612/99_Operations 2/Visionary_Intelligence/00_Admin/Conventions.md,
still_missing,_CONSOLIDATION_BACKUP/pre_consolidation_20260211_223612/99_Operations 2/Visionary_Intelligence/00_Admin/Citation_Rules.md,
still_missing,_CONSOLIDATION_BACKUP/pre_consolidation_20260211_223612/99_Operations 2/Visionary_Intelligence/00_Admin/Contribution_Guide.md,
still_missing,_CONSOLIDATION_BACKUP/pre_consolidation_20260211_223612/99_Operations 2/Visionary_Intelligence/00_Admin/Naming_Standards.md,
still_missing,_CONSOLIDATION_BACKUP/pre_consolidation_20260211_223612/_BACKUPS/Visionary_Intelligence_OneClick_Update.zip,
still_missing,_CONSOLIDATION_BACKUP/pre_consolidation_20260211_223612/_BACKUPS/ResonanceEnergy_OneClick_FullBuild_Patch.zip,
still_missing,_CONSOLIDATION_BACKUP/pre_consolidation_20260211_223612/_BACKUPS/BackupToolsPackage.zip,
still_missing,_CONSOLIDATION_BACKUP/pre_consolidation_20260211_223612/_BACKUPS/99_Operations.zip,
still_missing,_CONSOLIDATION_BACKUP/pre_consolidation_20260211_223612/_BACKUPS/99_Operations copy.zip,
still_missing,_CONSOLIDATION_BACKUP/pre_consolidation_20260211_223612/_BACKUPS/resonance_backup_incremental.zip,
still_missing,_CONSOLIDATION_BACKUP/pre_consolidation_20260211_223612/_BACKUPS/OffGrid_Renewables_Cleantech_Reference_Library.zip,
still_missing,_CONSOLIDATION_BACKUP/pre_consolidation_20260211_223612/_BACKUPS/Visionary_Intelligence_OneClick_Update_ApplyOnly_SafetyFlags.zip,
still_missing,_CONSOLIDATION_BACKUP/pre_consolidation_20260211_223612/_BACKUPS/OffGrid_Renewables_Cleantech_Engineering_Manual_V2.zip,
still_missing,_CONSOLIDATION_BACKUP/pre_consolidation_20260211_223612/11_References/MASTER_REFERENCES.md,
still_missing,_CONSOLIDATION_BACKUP/pre_consolidation_20260211_223612/artifacts/ResonanceEnergy_Enterprise_20260122_193803.zip,
still_missing,_CONSOLIDATION_BACKUP/pre_consolidation_20260211_223612/artifacts/build_all_report.md,
still_missing,_CONSOLIDATION_BACKUP/pre_consolidation_20260211_223612/artifacts/preflight_report.md,
still_missing,_CONSOLIDATION_BACKUP/pre_consolidation_20260211_223612/artifacts/bootstrap_report.md,
still_missing,_CONSOLIDATION_BACKUP/pre_consolidation_20260211_223612/artifacts/ResonanceEnergy_Enterprise_20260122_210052.zip,
still_missing,_CONSOLIDATION_BACKUP/pre_consolidation_20260211_223612/artifacts/handbook_automation_report.md,
still_missing,_CONSOLIDATION_BACKUP/pre_consolidation_20260211_223612/artifacts/ResonanceEnergy_Enterprise_20260122_194438.zip,
still_missing,_CONSOLIDATION_BACKUP/pre_consolidation_20260211_223612/artifacts/chat_context/CHAT_CONTEXT.md,
still_missing,_CONSOLIDATION_BACKUP/pre_consolidation_20260211_223612/artifacts/ResonanceEnergy_Enterprise_20260122_193803/02_Vision_Ethics_Founders/VISION_FOUNDATION.md,
still_missing,_CONSOLIDATION_BACKUP/pre_consolidation_20260211_223612/artifacts/ResonanceEnergy_Enterprise_20260122_193803/01_Executive_Summary/EXEC_SUMMARY.md,
still_missing,_CONSOLIDATION_BACKUP/pre_consolidation_20260211_223612/artifacts/ResonanceEnergy_Enterprise_20260122_193803/12_Admin_Governance/BOARD_CHARTER.md,
still_missing,_CONSOLIDATION_BACKUP/pre_consolidation_20260211_223612/artifacts/ResonanceEnergy_Enterprise_20260122_193803/03_Market_Scenarios/Scenario5_Resilience_Hub/SCENARIO.md,
still_missing,_CONSOLIDATION_BACKUP/pre_consolidation_20260211_223612/artifacts/ResonanceEnergy_Enterprise_20260122_193803/03_Market_Scenarios/Scenario1_Indigenous_Microgrid/SCENARIO.md,
still_missing,_CONSOLIDATION_BACKUP/pre_consolidation_20260211_223612/artifacts/ResonanceEnergy_Enterprise_20260122_193803/03_Market_Scenarios/Scenario3_Industrial_Outfall/SCENARIO.md,
still_missing,_CONSOLIDATION_BACKUP/pre_consolidation_20260211_223612/artifacts/ResonanceEnergy_Enterprise_20260122_193803/03_Market_Scenarios/Scenario4_EcoResort_Campus/SCENARIO.md,
still_missing,_CONSOLIDATION_BACKUP/pre_consolidation_20260211_223612/artifacts/ResonanceEnergy_Enterprise_20260122_193803/03_Market_Scenarios/Scenario2_Irrigation_Canal/SCENARIO.md,
still_missing,_CONSOLIDATION_BACKUP/pre_consolidation_20260211_223612/artifacts/ResonanceEnergy_Enterprise_20260122_193803/scripts/one_click_installer.py,
still_missing,_CONSOLIDATION_BACKUP/pre_consolidation_20260211_223612/artifacts/ResonanceEnergy_Enterprise_20260122_193803/scripts/render_handbooks.py,
still_missing,_CONSOLIDATION_BACKUP/pre_consolidation_20260211_223612/artifacts/ResonanceEnergy_Enterprise_20260122_193803/scripts/zip_repo_safe.py,
still_missing,_CONSOLIDATION_BACKUP/pre_consolidation_20260211_223612/artifacts/ResonanceEnergy_Enterprise_20260122_193803/scripts/automate_handbooks.py,
still_missing,_CONSOLIDATION_BACKUP/pre_consolidation_20260211_223612/artifacts/ResonanceEnergy_Enterprise_20260122_193803/04_Technology/05_Battery_PV_Wind/COST_BENCHMARKS.md,
still_missing,_CONSOLIDATION_BACKUP/pre_consolidation_20260211_223612/artifacts/ResonanceEnergy_Enterprise_20260122_193803/04_Technology/04_Electrical_Protection/PROTECTION_OVERVIEW.md,
still_missing,_CONSOLIDATION_BACKUP/pre_consolidation_20260211_223612/artifacts/ResonanceEnergy_Enterprise_20260122_193803/04_Technology/06_Control_SCADA/BLACKSTART_CONCEPT.md,
still_missing,_CONSOLIDATION_BACKUP/pre_consolidation_20260211_223612/artifacts/ResonanceEnergy_Enterprise_20260122_193803/04_Technology/01_Hydraulics/HYDRAULICS_PRIMER.md,
still_missing,_CONSOLIDATION_BACKUP/pre_consolidation_20260211_223612/artifacts/ResonanceEnergy_Enterprise_20260122_193803/04_Technology/03_Turbine_Generator/CROSSFLOW_TURBINE.md,
still_missing,_CONSOLIDATION_BACKUP/pre_consolidation_20260211_223612/artifacts/ResonanceEnergy_Enterprise_20260122_193803/04_Technology/02_Hydram/HYDRAM_GUIDE.md,
still_missing,_CONSOLIDATION_BACKUP/pre_consolidation_20260211_223612/artifacts/ResonanceEnergy_Enterprise_20260122_193803/04_Technology/handbooks/HB-01_Turbine_Selection/handbook.md,
still_missing,_CONSOLIDATION_BACKUP/pre_consolidation_20260211_223612/artifacts/ResonanceEnergy_Enterprise_20260122_193803/04_Technology/handbooks/HB-01_Turbine_Selection/contexts/CONTEXT_OVERLAYS.md,
still_missing,_CONSOLIDATION_BACKUP/pre_consolidation_20260211_223612/artifacts/ResonanceEnergy_Enterprise_20260122_193803/04_Technology/handbooks/HB-02_Intake_Debris/handbook.md,
still_missing,_CONSOLIDATION_BACKUP/pre_consolidation_20260211_223612/artifacts/ResonanceEnergy_Enterprise_20260122_193803/04_Technology/handbooks/HB-02_Intake_Debris/contexts/CONTEXT_OVERLAYS.md,
still_missing,_CONSOLIDATION_BACKUP/pre_consolidation_20260211_223612/artifacts/ResonanceEnergy_Enterprise_20260122_193803/04_Technology/handbooks/HB-05_Controls_SCADA/handbook.md,
still_missing,_CONSOLIDATION_BACKUP/pre_consolidation_20260211_223612/artifacts/ResonanceEnergy_Enterprise_20260122_193803/04_Technology/handbooks/HB-05_Controls_SCADA/contexts/CONTEXT_OVERLAYS.md,
still_missing,_CONSOLIDATION_BACKUP/pre_consolidation_20260211_223612/artifacts/ResonanceEnergy_Enterprise_20260122_193803/04_Technology/handbooks/HB-06_Commissioning_FAT_SAT/handbook.md,
still_missing,_CONSOLIDATION_BACKUP/pre_consolidation_20260211_223612/artifacts/ResonanceEnergy_Enterprise_20260122_193803/04_Technology/handbooks/HB-06_Commissioning_FAT_SAT/contexts/CONTEXT_OVERLAYS.md,
still_missing,_CONSOLIDATION_BACKUP/pre_consolidation_20260211_223612/artifacts/ResonanceEnergy_Enterprise_20260122_193803/04_Technology/handbooks/HB-03_Penstock_Headloss/handbook.md,
still_missing,_CONSOLIDATION_BACKUP/pre_consolidation_20260211_223612/artifacts/ResonanceEnergy_Enterprise_20260122_193803/04_Technology/handbooks/HB-03_Penstock_Headloss/contexts/CONTEXT_OVERLAYS.md,
still_missing,_CONSOLIDATION_BACKUP/pre_consolidation_20260211_223612/artifacts/ResonanceEnergy_Enterprise_20260122_193803/04_Technology/handbooks/HB-04_Hydram_Tuning/handbook.md,
still_missing,_CONSOLIDATION_BACKUP/pre_consolidation_20260211_223612/artifacts/ResonanceEnergy_Enterprise_20260122_193803/04_Technology/handbooks/HB-04_Hydram_Tuning/contexts/CONTEXT_OVERLAYS.md,
still_missing,_CONSOLIDATION_BACKUP/pre_consolidation_20260211_223612/artifacts/ResonanceEnergy_Enterprise_20260122_193803/04_Technology/handbooks/_shared/COVER_TEMPLATE.md,
still_missing,_CONSOLIDATION_BACKUP/pre_consolidation_20260211_223612/artifacts/ResonanceEnergy_Enterprise_20260122_193803/04_Technology/handbooks/_shared/handbook_style.json,
still_missing,_CONSOLIDATION_BACKUP/pre_consolidation_20260211_223612/artifacts/ResonanceEnergy_Enterprise_20260122_193803/04_Technology/handbooks/_shared/DEFAULT_CONTEXTS.md,
still_missing,_CONSOLIDATION_BACKUP/pre_consolidation_20260211_223612/artifacts/ResonanceEnergy_Enterprise_20260122_193803/04_Technology/handbooks/_shared/CONTEXT_MATRIX.md,
still_missing,_CONSOLIDATION_BACKUP/pre_consolidation_20260211_223612/artifacts/ResonanceEnergy_Enterprise_20260122_193803/04_Technology/handbooks/_shared/DISCLAIMER.md,
still_missing,_CONSOLIDATION_BACKUP/pre_consolidation_20260211_223612/artifacts/ResonanceEnergy_Enterprise_20260122_193803/11_References/MASTER_REFERENCES.md,
still_missing,_CONSOLIDATION_BACKUP/pre_consolidation_20260211_223612/artifacts/ResonanceEnergy_Enterprise_20260122_193803/artifacts/handbook_automation_report.md,
still_missing,_CONSOLIDATION_BACKUP/pre_consolidation_20260211_223612/artifacts/ResonanceEnergy_Enterprise_20260122_193803/05_RnD/04_Coherent_Geometry/SOURCES.md,
still_missing,_CONSOLIDATION_BACKUP/pre_consolidation_20260211_223612/artifacts/ResonanceEnergy_Enterprise_20260122_193803/05_RnD/03_Advanced_Intake_Vortex/IAHR_VORTEX_INTAKES.md,
still_missing,_CONSOLIDATION_BACKUP/pre_consolidation_20260211_223612/05_RnD/04_Coherent_Geometry/SOURCES.md,
still_missing,_CONSOLIDATION_BACKUP/pre_consolidation_20260211_223612/05_RnD/03_Advanced_Intake_Vortex/IAHR_VORTEX_INTAKES.md,
still_missing,_CONSOLIDATION_BACKUP/pre_consolidation_20260211_223612/05_RnD/annex_winter_phase_coherence/DISCLAIMER.md,
still_missing,_CONSOLIDATION_BACKUP/pre_consolidation_20260211_223612/05_RnD/experiment_registry/EXP-000_TEMPLATE.md,
still_missing,_CONSOLIDATION_BACKUP/pre_consolidation_20260211_223612/01_Company/NORTH_STAR_METRICS.md,
still_missing,_CONSOLIDATION_BACKUP/pre_consolidation_20260211_223612/01_Company/VISION_MISSION_VALUES.md,
still_missing,_CONSOLIDATION_BACKUP/pre_consolidation_20260211_223612/01_Company/FOUNDING_STATEMENT.md,
still_missing,01_Company/NORTH_STAR_METRICS.md,
still_missing,01_Company/VISION_MISSION_VALUES.md,
still_missing,01_Company/FOUNDING_STATEMENT.md,
